arm,window,trial_from,trial_to,runs,seeds,tasks,n_correct,n_wrong,n_silent,n_selection_error,n_distinction_loss,n_absent,n_selection_error_ledgerdef,n_distinction_loss_ledgerdef,n_absent_ledgerdef,mean_rate_correct,mean_rate_wrong,mean_rate_silent,mean_rate_selection_error,mean_rate_distinction_loss,mean_rate_absent,mean_rate_selection_error_ledgerdef,mean_rate_distinction_loss_ledgerdef,mean_rate_absent_ledgerdef
22c,1-500,1,500,8,1 2 3 4 5 6 7 8,4000,2537,36,1427,16,20,1200,16,20,1200,0.634250,0.009000,0.356750,0.004000,0.005000,0.300000,0.004000,0.005000,0.300000
22c,501-1000,501,1000,8,1 2 3 4 5 6 7 8,4000,2595,3,1402,0,3,1109,0,3,1109,0.648750,0.000750,0.350500,0.000000,0.000750,0.277250,0.000000,0.000750,0.277250
22c,1001-1500,1001,1500,8,1 2 3 4 5 6 7 8,4000,2605,2,1393,0,2,1101,0,2,1101,0.651250,0.000500,0.348250,0.000000,0.000500,0.275250,0.000000,0.000500,0.275250
22c,1501-2000,1501,2000,8,1 2 3 4 5 6 7 8,4000,2597,1,1402,0,1,1088,0,1,1088,0.649250,0.000250,0.350500,0.000000,0.000250,0.272000,0.000000,0.000250,0.272000
22c,2001-2500,2001,2500,8,1 2 3 4 5 6 7 8,4000,2598,0,1402,0,0,1092,0,0,1092,0.649500,0.000000,0.350500,0.000000,0.000000,0.273000,0.000000,0.000000,0.273000
22c,2501-3000,2501,3000,8,1 2 3 4 5 6 7 8,4000,2615,0,1385,0,0,1073,0,0,1073,0.653750,0.000000,0.346250,0.000000,0.000000,0.268250,0.000000,0.000000,0.268250
22c,3001-3500,3001,3500,8,1 2 3 4 5 6 7 8,4000,2551,0,1449,0,0,1093,0,0,1093,0.637750,0.000000,0.362250,0.000000,0.000000,0.273250,0.000000,0.000000,0.273250
22c,3501-4000,3501,4000,8,1 2 3 4 5 6 7 8,4000,2586,0,1414,0,0,1090,0,0,1090,0.646500,0.000000,0.353500,0.000000,0.000000,0.272500,0.000000,0.000000,0.272500
22c,4001-4500,4001,4500,8,1 2 3 4 5 6 7 8,4000,2572,0,1428,0,0,1120,0,0,1120,0.643000,0.000000,0.357000,0.000000,0.000000,0.280000,0.000000,0.000000,0.280000
22c,4501-5000,4501,5000,8,1 2 3 4 5 6 7 8,4000,2633,0,1367,0,0,1060,0,0,1060,0.658250,0.000000,0.341750,0.000000,0.000000,0.265000,0.000000,0.000000,0.265000
#21,1-500,1,500,8,1 2 3 5 6 8 9 10,4000,2466,114,1420,7,107,1391,9,105,1385,0.616500,0.028500,0.355000,0.001750,0.026750,0.347750,0.002250,0.026250,0.346250
#21,501-1000,501,1000,8,1 2 3 5 6 8 9 10,4000,2656,79,1265,1,78,1238,1,78,1238,0.664000,0.019750,0.316250,0.000250,0.019500,0.309500,0.000250,0.019500,0.309500
#21,1001-1500,1001,1500,8,1 2 3 5 6 8 9 10,4000,2686,60,1254,0,60,1197,0,60,1197,0.671500,0.015000,0.313500,0.000000,0.015000,0.299250,0.000000,0.015000,0.299250
#21,1501-2000,1501,2000,8,1 2 3 5 6 8 9 10,4000,2693,60,1247,0,60,1224,0,60,1224,0.673250,0.015000,0.311750,0.000000,0.015000,0.306000,0.000000,0.015000,0.306000
#21,2001-2500,2001,2500,8,1 2 3 5 6 8 9 10,4000,2704,64,1232,0,64,1216,0,64,1216,0.676000,0.016000,0.308000,0.000000,0.016000,0.304000,0.000000,0.016000,0.304000
#21,2501-3000,2501,3000,8,1 2 3 5 6 8 9 10,4000,2741,46,1213,0,46,1167,0,46,1167,0.685250,0.011500,0.303250,0.000000,0.011500,0.291750,0.000000,0.011500,0.291750
#21,3001-3500,3001,3500,8,1 2 3 5 6 8 9 10,4000,2722,47,1231,1,46,1181,1,46,1181,0.680500,0.011750,0.307750,0.000250,0.011500,0.295250,0.000250,0.011500,0.295250
#21,3501-4000,3501,4000,8,1 2 3 5 6 8 9 10,4000,2714,65,1221,2,63,1198,2,63,1198,0.678500,0.016250,0.305250,0.000500,0.015750,0.299500,0.000500,0.015750,0.299500
#21,4001-4500,4001,4500,8,1 2 3 5 6 8 9 10,4000,2685,57,1258,0,57,1232,0,57,1232,0.671250,0.014250,0.314500,0.000000,0.014250,0.308000,0.000000,0.014250,0.308000
#21,4501-5000,4501,5000,8,1 2 3 5 6 8 9 10,4000,2730,43,1227,2,41,1179,2,41,1179,0.682500,0.010750,0.306750,0.000500,0.010250,0.294750,0.000500,0.010250,0.294750
#21b,1-500,1,500,6,1 2 3 5 6 8,3000,1933,41,1026,12,29,957,12,29,943,0.644333,0.013667,0.342000,0.004000,0.009667,0.319000,0.004000,0.009667,0.314333
#21b,501-1000,501,1000,6,1 2 3 5 6 8,3000,2036,15,949,0,15,865,0,15,865,0.678667,0.005000,0.316333,0.000000,0.005000,0.288333,0.000000,0.005000,0.288333
#21b,1001-1500,1001,1500,6,1 2 3 5 6 8,3000,2067,3,930,0,3,829,1,2,828,0.689000,0.001000,0.310000,0.000000,0.001000,0.276333,0.000333,0.000667,0.276000
#21b,1501-2000,1501,2000,6,1 2 3 5 6 8,3000,2066,2,932,2,0,835,2,0,835,0.688667,0.000667,0.310667,0.000667,0.000000,0.278333,0.000667,0.000000,0.278333
#21b,2001-2500,2001,2500,6,1 2 3 5 6 8,3000,2082,3,915,0,3,837,0,3,837,0.694000,0.001000,0.305000,0.000000,0.001000,0.279000,0.000000,0.001000,0.279000
#21b,2501-3000,2501,3000,6,1 2 3 5 6 8,3000,2084,3,913,0,3,824,0,3,824,0.694667,0.001000,0.304333,0.000000,0.001000,0.274667,0.000000,0.001000,0.274667
#21b,3001-3500,3001,3500,6,1 2 3 5 6 8,3000,2055,4,941,0,4,829,0,4,829,0.685000,0.001333,0.313667,0.000000,0.001333,0.276333,0.000000,0.001333,0.276333
#21b,3501-4000,3501,4000,6,1 2 3 5 6 8,3000,2079,3,918,0,3,820,0,3,820,0.693000,0.001000,0.306000,0.000000,0.001000,0.273333,0.000000,0.001000,0.273333
#21b,4001-4500,4001,4500,6,1 2 3 5 6 8,3000,2060,2,938,0,2,842,0,2,842,0.686667,0.000667,0.312667,0.000000,0.000667,0.280667,0.000000,0.000667,0.280667
#21b,4501-5000,4501,5000,6,1 2 3 5 6 8,3000,2125,0,875,0,0,801,0,0,801,0.708333,0.000000,0.291667,0.000000,0.000000,0.267000,0.000000,0.000000,0.267000
