arm,runs,window,trial_from,trial_to,freq_rank,verb,verb_class,correct_past,probability,past_tasks,answered,abstain,REG,correct,other,share_REG_of_past_tasks,share_REG_of_answered,REG_over_correct_plus_REG
22c,8,1-1000,1,1000,1,V33,irregular,IRR_1,0.257556,219,199,20,0,199,0,0.0000,0.0000,0.0000
22c,8,1-1000,1,1000,2,V34,irregular,IRR_2,0.128778,83,71,12,2,69,0,0.0241,0.0282,0.0282
22c,8,1-1000,1,1000,3,V35,irregular,IRR_3,0.085852,62,59,3,6,51,2,0.0968,0.1017,0.1053
22c,8,1-1000,1,1000,4,V01,regular,REG,0.073919,42,35,7,34,34,1,0.8095,0.9714,0.5000
22c,8,1-1000,1,1000,5,V36,irregular,IRR_4,0.064389,38,34,4,4,29,1,0.1053,0.1176,0.1212
22c,8,1-1000,1,1000,6,V37,irregular,IRR_5,0.051511,39,33,6,5,26,2,0.1282,0.1515,0.1613
22c,8,1-1000,1,1000,7,V38,irregular,IRR_6,0.042926,24,17,7,3,14,0,0.1250,0.1765,0.1765
22c,8,1-1000,1,1000,8,V02,regular,REG,0.036960,18,10,8,10,10,0,0.5556,1.0000,0.5000
22c,8,1-1000,1,1000,9,V39,irregular,IRR_7,0.036794,29,26,3,4,22,0,0.1379,0.1538,0.1538
22c,8,1-1000,1,1000,10,V40,irregular,IRR_8,0.032194,24,23,1,5,18,0,0.2083,0.2174,0.2174
22c,8,1-1000,1,1000,11,V03,regular,REG,0.024640,16,12,4,12,12,0,0.7500,1.0000,0.5000
22c,8,1-1000,1,1000,12,V04,regular,REG,0.018480,11,6,5,6,6,0,0.5455,1.0000,0.5000
22c,8,1-1000,1,1000,13,V05,regular,REG,0.014784,11,6,5,6,6,0,0.5455,1.0000,0.5000
22c,8,1-1000,1,1000,14,V06,regular,REG,0.012320,9,5,4,5,5,0,0.5556,1.0000,0.5000
22c,8,1-1000,1,1000,15,V07,regular,REG,0.010560,5,5,0,5,5,0,1.0000,1.0000,0.5000
22c,8,1-1000,1,1000,16,V08,regular,REG,0.009240,4,3,1,2,2,1,0.5000,0.6667,0.5000
22c,8,1-1000,1,1000,17,V09,regular,REG,0.008213,3,2,1,1,1,1,0.3333,0.5000,0.5000
22c,8,1-1000,1,1000,18,V10,regular,REG,0.007392,5,2,3,2,2,0,0.4000,1.0000,0.5000
22c,8,1-1000,1,1000,19,V11,regular,REG,0.006720,9,5,4,5,5,0,0.5556,1.0000,0.5000
22c,8,1-1000,1,1000,20,V12,regular,REG,0.006160,3,1,2,1,1,0,0.3333,1.0000,0.5000
22c,8,1-1000,1,1000,21,V13,regular,REG,0.005686,5,4,1,4,4,0,0.8000,1.0000,0.5000
22c,8,1-1000,1,1000,22,V14,regular,REG,0.005280,3,2,1,2,2,0,0.6667,1.0000,0.5000
22c,8,1-1000,1,1000,23,V15,regular,REG,0.004928,0,0,0,0,0,0,,,
22c,8,1-1000,1,1000,24,V16,regular,REG,0.004620,7,6,1,5,5,1,0.7143,0.8333,0.5000
22c,8,1-1000,1,1000,25,V17,regular,REG,0.004348,7,6,1,6,6,0,0.8571,1.0000,0.5000
22c,8,1-1000,1,1000,26,V18,regular,REG,0.004107,2,2,0,1,1,1,0.5000,0.5000,0.5000
22c,8,1-1000,1,1000,27,V19,regular,REG,0.003890,2,2,0,2,2,0,1.0000,1.0000,0.5000
22c,8,1-1000,1,1000,28,V20,regular,REG,0.003696,3,2,1,2,2,0,0.6667,1.0000,0.5000
22c,8,1-1000,1,1000,29,V21,regular,REG,0.003520,4,2,2,2,2,0,0.5000,1.0000,0.5000
22c,8,1-1000,1,1000,30,V22,regular,REG,0.003360,2,2,0,2,2,0,1.0000,1.0000,0.5000
22c,8,1-1000,1,1000,31,V23,regular,REG,0.003214,3,2,1,2,2,0,0.6667,1.0000,0.5000
22c,8,1-1000,1,1000,32,V24,regular,REG,0.003080,3,2,1,2,2,0,0.6667,1.0000,0.5000
22c,8,1-1000,1,1000,33,V25,regular,REG,0.002957,2,1,1,1,1,0,0.5000,1.0000,0.5000
22c,8,1-1000,1,1000,34,V26,regular,REG,0.002843,0,0,0,0,0,0,,,
22c,8,1-1000,1,1000,35,V27,regular,REG,0.002738,0,0,0,0,0,0,,,
22c,8,1-1000,1,1000,36,V28,regular,REG,0.002640,2,1,1,1,1,0,0.5000,1.0000,0.5000
22c,8,1-1000,1,1000,37,V29,regular,REG,0.002549,4,4,0,4,4,0,1.0000,1.0000,0.5000
22c,8,1-1000,1,1000,38,V30,regular,REG,0.002464,2,1,1,1,1,0,0.5000,1.0000,0.5000
22c,8,1-1000,1,1000,39,V31,regular,REG,0.002384,1,1,0,1,1,0,1.0000,1.0000,0.5000
22c,8,1-1000,1,1000,40,V32,regular,REG,0.002310,3,1,2,1,1,0,0.3333,1.0000,0.5000
22c,8,1-5000,1,5000,1,V33,irregular,IRR_1,0.257556,999,868,131,0,868,0,0.0000,0.0000,0.0000
22c,8,1-5000,1,5000,2,V34,irregular,IRR_2,0.128778,484,422,62,2,420,0,0.0041,0.0047,0.0047
22c,8,1-5000,1,5000,3,V35,irregular,IRR_3,0.085852,315,312,3,6,304,2,0.0190,0.0192,0.0194
22c,8,1-5000,1,5000,4,V01,regular,REG,0.073919,276,242,34,241,241,1,0.8732,0.9959,0.5000
22c,8,1-5000,1,5000,5,V36,irregular,IRR_4,0.064389,211,182,29,4,177,1,0.0190,0.0220,0.0221
22c,8,1-5000,1,5000,6,V37,irregular,IRR_5,0.051511,197,165,32,5,158,2,0.0254,0.0303,0.0307
22c,8,1-5000,1,5000,7,V38,irregular,IRR_6,0.042926,140,113,27,3,110,0,0.0214,0.0265,0.0265
22c,8,1-5000,1,5000,8,V02,regular,REG,0.036960,119,92,27,92,92,0,0.7731,1.0000,0.5000
22c,8,1-5000,1,5000,9,V39,irregular,IRR_7,0.036794,140,137,3,4,133,0,0.0286,0.0292,0.0292
22c,8,1-5000,1,5000,10,V40,irregular,IRR_8,0.032194,109,108,1,8,100,0,0.0734,0.0741,0.0741
22c,8,1-5000,1,5000,11,V03,regular,REG,0.024640,86,69,17,69,69,0,0.8023,1.0000,0.5000
22c,8,1-5000,1,5000,12,V04,regular,REG,0.018480,66,40,26,40,40,0,0.6061,1.0000,0.5000
22c,8,1-5000,1,5000,13,V05,regular,REG,0.014784,47,41,6,41,41,0,0.8723,1.0000,0.5000
22c,8,1-5000,1,5000,14,V06,regular,REG,0.012320,35,28,7,28,28,0,0.8000,1.0000,0.5000
22c,8,1-5000,1,5000,15,V07,regular,REG,0.010560,38,35,3,35,35,0,0.9211,1.0000,0.5000
22c,8,1-5000,1,5000,16,V08,regular,REG,0.009240,29,25,4,24,24,1,0.8276,0.9600,0.5000
22c,8,1-5000,1,5000,17,V09,regular,REG,0.008213,27,18,9,17,17,1,0.6296,0.9444,0.5000
22c,8,1-5000,1,5000,18,V10,regular,REG,0.007392,35,19,16,19,19,0,0.5429,1.0000,0.5000
22c,8,1-5000,1,5000,19,V11,regular,REG,0.006720,27,14,13,14,14,0,0.5185,1.0000,0.5000
22c,8,1-5000,1,5000,20,V12,regular,REG,0.006160,18,13,5,13,13,0,0.7222,1.0000,0.5000
22c,8,1-5000,1,5000,21,V13,regular,REG,0.005686,17,8,9,8,8,0,0.4706,1.0000,0.5000
22c,8,1-5000,1,5000,22,V14,regular,REG,0.005280,18,10,8,10,10,0,0.5556,1.0000,0.5000
22c,8,1-5000,1,5000,23,V15,regular,REG,0.004928,17,11,6,11,11,0,0.6471,1.0000,0.5000
22c,8,1-5000,1,5000,24,V16,regular,REG,0.004620,20,16,4,15,15,1,0.7500,0.9375,0.5000
22c,8,1-5000,1,5000,25,V17,regular,REG,0.004348,19,13,6,13,13,0,0.6842,1.0000,0.5000
22c,8,1-5000,1,5000,26,V18,regular,REG,0.004107,18,12,6,11,11,1,0.6111,0.9167,0.5000
22c,8,1-5000,1,5000,27,V19,regular,REG,0.003890,11,9,2,9,9,0,0.8182,1.0000,0.5000
22c,8,1-5000,1,5000,28,V20,regular,REG,0.003696,12,8,4,8,8,0,0.6667,1.0000,0.5000
22c,8,1-5000,1,5000,29,V21,regular,REG,0.003520,13,6,7,6,6,0,0.4615,1.0000,0.5000
22c,8,1-5000,1,5000,30,V22,regular,REG,0.003360,11,9,2,9,9,0,0.8182,1.0000,0.5000
22c,8,1-5000,1,5000,31,V23,regular,REG,0.003214,11,7,4,7,7,0,0.6364,1.0000,0.5000
22c,8,1-5000,1,5000,32,V24,regular,REG,0.003080,12,7,5,7,7,0,0.5833,1.0000,0.5000
22c,8,1-5000,1,5000,33,V25,regular,REG,0.002957,7,5,2,5,5,0,0.7143,1.0000,0.5000
22c,8,1-5000,1,5000,34,V26,regular,REG,0.002843,3,1,2,1,1,0,0.3333,1.0000,0.5000
22c,8,1-5000,1,5000,35,V27,regular,REG,0.002738,0,0,0,0,0,0,,,
22c,8,1-5000,1,5000,36,V28,regular,REG,0.002640,8,4,4,4,4,0,0.5000,1.0000,0.5000
22c,8,1-5000,1,5000,37,V29,regular,REG,0.002549,8,7,1,7,7,0,0.8750,1.0000,0.5000
22c,8,1-5000,1,5000,38,V30,regular,REG,0.002464,7,5,2,5,5,0,0.7143,1.0000,0.5000
22c,8,1-5000,1,5000,39,V31,regular,REG,0.002384,5,3,2,3,3,0,0.6000,1.0000,0.5000
22c,8,1-5000,1,5000,40,V32,regular,REG,0.002310,13,4,9,4,4,0,0.3077,1.0000,0.5000
22c,8,1001-5000,1001,5000,1,V33,irregular,IRR_1,0.257556,780,669,111,0,669,0,0.0000,0.0000,0.0000
22c,8,1001-5000,1001,5000,2,V34,irregular,IRR_2,0.128778,401,351,50,0,351,0,0.0000,0.0000,0.0000
22c,8,1001-5000,1001,5000,3,V35,irregular,IRR_3,0.085852,253,253,0,0,253,0,0.0000,0.0000,0.0000
22c,8,1001-5000,1001,5000,4,V01,regular,REG,0.073919,234,207,27,207,207,0,0.8846,1.0000,0.5000
22c,8,1001-5000,1001,5000,5,V36,irregular,IRR_4,0.064389,173,148,25,0,148,0,0.0000,0.0000,0.0000
22c,8,1001-5000,1001,5000,6,V37,irregular,IRR_5,0.051511,158,132,26,0,132,0,0.0000,0.0000,0.0000
22c,8,1001-5000,1001,5000,7,V38,irregular,IRR_6,0.042926,116,96,20,0,96,0,0.0000,0.0000,0.0000
22c,8,1001-5000,1001,5000,8,V02,regular,REG,0.036960,101,82,19,82,82,0,0.8119,1.0000,0.5000
22c,8,1001-5000,1001,5000,9,V39,irregular,IRR_7,0.036794,111,111,0,0,111,0,0.0000,0.0000,0.0000
22c,8,1001-5000,1001,5000,10,V40,irregular,IRR_8,0.032194,85,85,0,3,82,0,0.0353,0.0353,0.0353
22c,8,1001-5000,1001,5000,11,V03,regular,REG,0.024640,70,57,13,57,57,0,0.8143,1.0000,0.5000
22c,8,1001-5000,1001,5000,12,V04,regular,REG,0.018480,55,34,21,34,34,0,0.6182,1.0000,0.5000
22c,8,1001-5000,1001,5000,13,V05,regular,REG,0.014784,36,35,1,35,35,0,0.9722,1.0000,0.5000
22c,8,1001-5000,1001,5000,14,V06,regular,REG,0.012320,26,23,3,23,23,0,0.8846,1.0000,0.5000
22c,8,1001-5000,1001,5000,15,V07,regular,REG,0.010560,33,30,3,30,30,0,0.9091,1.0000,0.5000
22c,8,1001-5000,1001,5000,16,V08,regular,REG,0.009240,25,22,3,22,22,0,0.8800,1.0000,0.5000
22c,8,1001-5000,1001,5000,17,V09,regular,REG,0.008213,24,16,8,16,16,0,0.6667,1.0000,0.5000
22c,8,1001-5000,1001,5000,18,V10,regular,REG,0.007392,30,17,13,17,17,0,0.5667,1.0000,0.5000
22c,8,1001-5000,1001,5000,19,V11,regular,REG,0.006720,18,9,9,9,9,0,0.5000,1.0000,0.5000
22c,8,1001-5000,1001,5000,20,V12,regular,REG,0.006160,15,12,3,12,12,0,0.8000,1.0000,0.5000
22c,8,1001-5000,1001,5000,21,V13,regular,REG,0.005686,12,4,8,4,4,0,0.3333,1.0000,0.5000
22c,8,1001-5000,1001,5000,22,V14,regular,REG,0.005280,15,8,7,8,8,0,0.5333,1.0000,0.5000
22c,8,1001-5000,1001,5000,23,V15,regular,REG,0.004928,17,11,6,11,11,0,0.6471,1.0000,0.5000
22c,8,1001-5000,1001,5000,24,V16,regular,REG,0.004620,13,10,3,10,10,0,0.7692,1.0000,0.5000
22c,8,1001-5000,1001,5000,25,V17,regular,REG,0.004348,12,7,5,7,7,0,0.5833,1.0000,0.5000
22c,8,1001-5000,1001,5000,26,V18,regular,REG,0.004107,16,10,6,10,10,0,0.6250,1.0000,0.5000
22c,8,1001-5000,1001,5000,27,V19,regular,REG,0.003890,9,7,2,7,7,0,0.7778,1.0000,0.5000
22c,8,1001-5000,1001,5000,28,V20,regular,REG,0.003696,9,6,3,6,6,0,0.6667,1.0000,0.5000
22c,8,1001-5000,1001,5000,29,V21,regular,REG,0.003520,9,4,5,4,4,0,0.4444,1.0000,0.5000
22c,8,1001-5000,1001,5000,30,V22,regular,REG,0.003360,9,7,2,7,7,0,0.7778,1.0000,0.5000
22c,8,1001-5000,1001,5000,31,V23,regular,REG,0.003214,8,5,3,5,5,0,0.6250,1.0000,0.5000
22c,8,1001-5000,1001,5000,32,V24,regular,REG,0.003080,9,5,4,5,5,0,0.5556,1.0000,0.5000
22c,8,1001-5000,1001,5000,33,V25,regular,REG,0.002957,5,4,1,4,4,0,0.8000,1.0000,0.5000
22c,8,1001-5000,1001,5000,34,V26,regular,REG,0.002843,3,1,2,1,1,0,0.3333,1.0000,0.5000
22c,8,1001-5000,1001,5000,35,V27,regular,REG,0.002738,0,0,0,0,0,0,,,
22c,8,1001-5000,1001,5000,36,V28,regular,REG,0.002640,6,3,3,3,3,0,0.5000,1.0000,0.5000
22c,8,1001-5000,1001,5000,37,V29,regular,REG,0.002549,4,3,1,3,3,0,0.7500,1.0000,0.5000
22c,8,1001-5000,1001,5000,38,V30,regular,REG,0.002464,5,4,1,4,4,0,0.8000,1.0000,0.5000
22c,8,1001-5000,1001,5000,39,V31,regular,REG,0.002384,4,2,2,2,2,0,0.5000,1.0000,0.5000
22c,8,1001-5000,1001,5000,40,V32,regular,REG,0.002310,10,3,7,3,3,0,0.3000,1.0000,0.5000
#21,8,1-1000,1,1000,1,V33,irregular,IRR_1,0.257556,216,215,1,3,212,0,0.0139,0.0140,0.0140
#21,8,1-1000,1,1000,2,V34,irregular,IRR_2,0.128778,91,64,27,35,27,2,0.3846,0.5469,0.5645
#21,8,1-1000,1,1000,3,V35,irregular,IRR_3,0.085852,67,44,23,35,5,4,0.5224,0.7955,0.8750
#21,8,1-1000,1,1000,4,V01,regular,REG,0.073919,43,27,16,26,26,1,0.6047,0.9630,0.5000
#21,8,1-1000,1,1000,5,V36,irregular,IRR_4,0.064389,44,28,16,25,1,2,0.5682,0.8929,0.9615
#21,8,1-1000,1,1000,6,V37,irregular,IRR_5,0.051511,40,32,8,28,2,2,0.7000,0.8750,0.9333
#21,8,1-1000,1,1000,7,V38,irregular,IRR_6,0.042926,28,21,7,20,0,1,0.7143,0.9524,1.0000
#21,8,1-1000,1,1000,8,V02,regular,REG,0.036960,19,11,8,11,11,0,0.5789,1.0000,0.5000
#21,8,1-1000,1,1000,9,V39,irregular,IRR_7,0.036794,31,16,15,14,1,1,0.4516,0.8750,0.9333
#21,8,1-1000,1,1000,10,V40,irregular,IRR_8,0.032194,24,15,9,15,0,0,0.6250,1.0000,1.0000
#21,8,1-1000,1,1000,11,V03,regular,REG,0.024640,18,9,9,9,9,0,0.5000,1.0000,0.5000
#21,8,1-1000,1,1000,12,V04,regular,REG,0.018480,8,4,4,4,4,0,0.5000,1.0000,0.5000
#21,8,1-1000,1,1000,13,V05,regular,REG,0.014784,14,10,4,9,9,1,0.6429,0.9000,0.5000
#21,8,1-1000,1,1000,14,V06,regular,REG,0.012320,11,5,6,5,5,0,0.4545,1.0000,0.5000
#21,8,1-1000,1,1000,15,V07,regular,REG,0.010560,5,4,1,4,4,0,0.8000,1.0000,0.5000
#21,8,1-1000,1,1000,16,V08,regular,REG,0.009240,5,3,2,2,2,1,0.4000,0.6667,0.5000
#21,8,1-1000,1,1000,17,V09,regular,REG,0.008213,3,2,1,1,1,1,0.3333,0.5000,0.5000
#21,8,1-1000,1,1000,18,V10,regular,REG,0.007392,4,3,1,3,3,0,0.7500,1.0000,0.5000
#21,8,1-1000,1,1000,19,V11,regular,REG,0.006720,9,6,3,5,5,1,0.5556,0.8333,0.5000
#21,8,1-1000,1,1000,20,V12,regular,REG,0.006160,4,1,3,1,1,0,0.2500,1.0000,0.5000
#21,8,1-1000,1,1000,21,V13,regular,REG,0.005686,4,2,2,2,2,0,0.5000,1.0000,0.5000
#21,8,1-1000,1,1000,22,V14,regular,REG,0.005280,4,3,1,3,3,0,0.7500,1.0000,0.5000
#21,8,1-1000,1,1000,23,V15,regular,REG,0.004928,2,2,0,2,2,0,1.0000,1.0000,0.5000
#21,8,1-1000,1,1000,24,V16,regular,REG,0.004620,4,3,1,2,2,1,0.5000,0.6667,0.5000
#21,8,1-1000,1,1000,25,V17,regular,REG,0.004348,6,5,1,5,5,0,0.8333,1.0000,0.5000
#21,8,1-1000,1,1000,26,V18,regular,REG,0.004107,2,1,1,1,1,0,0.5000,1.0000,0.5000
#21,8,1-1000,1,1000,27,V19,regular,REG,0.003890,0,0,0,0,0,0,,,
#21,8,1-1000,1,1000,28,V20,regular,REG,0.003696,2,1,1,1,1,0,0.5000,1.0000,0.5000
#21,8,1-1000,1,1000,29,V21,regular,REG,0.003520,3,1,2,1,1,0,0.3333,1.0000,0.5000
#21,8,1-1000,1,1000,30,V22,regular,REG,0.003360,2,1,1,1,1,0,0.5000,1.0000,0.5000
#21,8,1-1000,1,1000,31,V23,regular,REG,0.003214,2,0,2,0,0,0,0.0000,,
#21,8,1-1000,1,1000,32,V24,regular,REG,0.003080,2,2,0,2,2,0,1.0000,1.0000,0.5000
#21,8,1-1000,1,1000,33,V25,regular,REG,0.002957,2,1,1,1,1,0,0.5000,1.0000,0.5000
#21,8,1-1000,1,1000,34,V26,regular,REG,0.002843,0,0,0,0,0,0,,,
#21,8,1-1000,1,1000,35,V27,regular,REG,0.002738,0,0,0,0,0,0,,,
#21,8,1-1000,1,1000,36,V28,regular,REG,0.002640,3,2,1,2,2,0,0.6667,1.0000,0.5000
#21,8,1-1000,1,1000,37,V29,regular,REG,0.002549,2,2,0,2,2,0,1.0000,1.0000,0.5000
#21,8,1-1000,1,1000,38,V30,regular,REG,0.002464,2,0,2,0,0,0,0.0000,,
#21,8,1-1000,1,1000,39,V31,regular,REG,0.002384,0,0,0,0,0,0,,,
#21,8,1-1000,1,1000,40,V32,regular,REG,0.002310,2,1,1,1,1,0,0.5000,1.0000,0.5000
#21,8,1-5000,1,5000,1,V33,irregular,IRR_1,0.257556,941,940,1,3,937,0,0.0032,0.0032,0.0032
#21,8,1-5000,1,5000,2,V34,irregular,IRR_2,0.128778,481,389,92,35,352,2,0.0728,0.0900,0.0904
#21,8,1-5000,1,5000,3,V35,irregular,IRR_3,0.085852,335,190,145,136,49,5,0.4060,0.7158,0.7351
#21,8,1-5000,1,5000,4,V01,regular,REG,0.073919,272,191,81,190,190,1,0.6985,0.9948,0.5000
#21,8,1-5000,1,5000,5,V36,irregular,IRR_4,0.064389,240,119,121,111,6,2,0.4625,0.9328,0.9487
#21,8,1-5000,1,5000,6,V37,irregular,IRR_5,0.051511,201,126,75,120,4,2,0.5970,0.9524,0.9677
#21,8,1-5000,1,5000,7,V38,irregular,IRR_6,0.042926,140,74,66,73,0,1,0.5214,0.9865,1.0000
#21,8,1-5000,1,5000,8,V02,regular,REG,0.036960,120,76,44,74,74,2,0.6167,0.9737,0.5000
#21,8,1-5000,1,5000,9,V39,irregular,IRR_7,0.036794,144,69,75,66,2,1,0.4583,0.9565,0.9706
#21,8,1-5000,1,5000,10,V40,irregular,IRR_8,0.032194,115,67,48,67,0,0,0.5826,1.0000,1.0000
#21,8,1-5000,1,5000,11,V03,regular,REG,0.024640,87,56,31,56,56,0,0.6437,1.0000,0.5000
#21,8,1-5000,1,5000,12,V04,regular,REG,0.018480,72,45,27,45,45,0,0.6250,1.0000,0.5000
#21,8,1-5000,1,5000,13,V05,regular,REG,0.014784,51,40,11,38,38,2,0.7451,0.9500,0.5000
#21,8,1-5000,1,5000,14,V06,regular,REG,0.012320,37,20,17,19,19,1,0.5135,0.9500,0.5000
#21,8,1-5000,1,5000,15,V07,regular,REG,0.010560,36,28,8,28,28,0,0.7778,1.0000,0.5000
#21,8,1-5000,1,5000,16,V08,regular,REG,0.009240,31,18,13,17,17,1,0.5484,0.9444,0.5000
#21,8,1-5000,1,5000,17,V09,regular,REG,0.008213,25,14,11,13,13,1,0.5200,0.9286,0.5000
#21,8,1-5000,1,5000,18,V10,regular,REG,0.007392,34,22,12,22,22,0,0.6471,1.0000,0.5000
#21,8,1-5000,1,5000,19,V11,regular,REG,0.006720,29,19,10,18,18,1,0.6207,0.9474,0.5000
#21,8,1-5000,1,5000,20,V12,regular,REG,0.006160,17,10,7,10,10,0,0.5882,1.0000,0.5000
#21,8,1-5000,1,5000,21,V13,regular,REG,0.005686,22,13,9,13,13,0,0.5909,1.0000,0.5000
#21,8,1-5000,1,5000,22,V14,regular,REG,0.005280,20,12,8,12,12,0,0.6000,1.0000,0.5000
#21,8,1-5000,1,5000,23,V15,regular,REG,0.004928,14,7,7,7,7,0,0.5000,1.0000,0.5000
#21,8,1-5000,1,5000,24,V16,regular,REG,0.004620,18,16,2,15,15,1,0.8333,0.9375,0.5000
#21,8,1-5000,1,5000,25,V17,regular,REG,0.004348,18,12,6,12,12,0,0.6667,1.0000,0.5000
#21,8,1-5000,1,5000,26,V18,regular,REG,0.004107,18,10,8,10,10,0,0.5556,1.0000,0.5000
#21,8,1-5000,1,5000,27,V19,regular,REG,0.003890,9,6,3,6,6,0,0.6667,1.0000,0.5000
#21,8,1-5000,1,5000,28,V20,regular,REG,0.003696,9,4,5,3,3,1,0.3333,0.7500,0.5000
#21,8,1-5000,1,5000,29,V21,regular,REG,0.003520,14,7,7,7,7,0,0.5000,1.0000,0.5000
#21,8,1-5000,1,5000,30,V22,regular,REG,0.003360,11,6,5,6,6,0,0.5455,1.0000,0.5000
#21,8,1-5000,1,5000,31,V23,regular,REG,0.003214,10,4,6,4,4,0,0.4000,1.0000,0.5000
#21,8,1-5000,1,5000,32,V24,regular,REG,0.003080,12,8,4,8,8,0,0.6667,1.0000,0.5000
#21,8,1-5000,1,5000,33,V25,regular,REG,0.002957,10,7,3,7,7,0,0.7000,1.0000,0.5000
#21,8,1-5000,1,5000,34,V26,regular,REG,0.002843,6,5,1,5,5,0,0.8333,1.0000,0.5000
#21,8,1-5000,1,5000,35,V27,regular,REG,0.002738,3,3,0,3,3,0,1.0000,1.0000,0.5000
#21,8,1-5000,1,5000,36,V28,regular,REG,0.002640,9,4,5,4,4,0,0.4444,1.0000,0.5000
#21,8,1-5000,1,5000,37,V29,regular,REG,0.002549,8,6,2,6,6,0,0.7500,1.0000,0.5000
#21,8,1-5000,1,5000,38,V30,regular,REG,0.002464,7,3,4,3,3,0,0.4286,1.0000,0.5000
#21,8,1-5000,1,5000,39,V31,regular,REG,0.002384,9,7,2,7,7,0,0.7778,1.0000,0.5000
#21,8,1-5000,1,5000,40,V32,regular,REG,0.002310,13,7,6,7,7,0,0.5385,1.0000,0.5000
#21,8,1001-5000,1001,5000,1,V33,irregular,IRR_1,0.257556,725,725,0,0,725,0,0.0000,0.0000,0.0000
#21,8,1001-5000,1001,5000,2,V34,irregular,IRR_2,0.128778,390,325,65,0,325,0,0.0000,0.0000,0.0000
#21,8,1001-5000,1001,5000,3,V35,irregular,IRR_3,0.085852,268,146,122,101,44,1,0.3769,0.6918,0.6966
#21,8,1001-5000,1001,5000,4,V01,regular,REG,0.073919,229,164,65,164,164,0,0.7162,1.0000,0.5000
#21,8,1001-5000,1001,5000,5,V36,irregular,IRR_4,0.064389,196,91,105,86,5,0,0.4388,0.9451,0.9451
#21,8,1001-5000,1001,5000,6,V37,irregular,IRR_5,0.051511,161,94,67,92,2,0,0.5714,0.9787,0.9787
#21,8,1001-5000,1001,5000,7,V38,irregular,IRR_6,0.042926,112,53,59,53,0,0,0.4732,1.0000,1.0000
#21,8,1001-5000,1001,5000,8,V02,regular,REG,0.036960,101,65,36,63,63,2,0.6238,0.9692,0.5000
#21,8,1001-5000,1001,5000,9,V39,irregular,IRR_7,0.036794,113,53,60,52,1,0,0.4602,0.9811,0.9811
#21,8,1001-5000,1001,5000,10,V40,irregular,IRR_8,0.032194,91,52,39,52,0,0,0.5714,1.0000,1.0000
#21,8,1001-5000,1001,5000,11,V03,regular,REG,0.024640,69,47,22,47,47,0,0.6812,1.0000,0.5000
#21,8,1001-5000,1001,5000,12,V04,regular,REG,0.018480,64,41,23,41,41,0,0.6406,1.0000,0.5000
#21,8,1001-5000,1001,5000,13,V05,regular,REG,0.014784,37,30,7,29,29,1,0.7838,0.9667,0.5000
#21,8,1001-5000,1001,5000,14,V06,regular,REG,0.012320,26,15,11,14,14,1,0.5385,0.9333,0.5000
#21,8,1001-5000,1001,5000,15,V07,regular,REG,0.010560,31,24,7,24,24,0,0.7742,1.0000,0.5000
#21,8,1001-5000,1001,5000,16,V08,regular,REG,0.009240,26,15,11,15,15,0,0.5769,1.0000,0.5000
#21,8,1001-5000,1001,5000,17,V09,regular,REG,0.008213,22,12,10,12,12,0,0.5455,1.0000,0.5000
#21,8,1001-5000,1001,5000,18,V10,regular,REG,0.007392,30,19,11,19,19,0,0.6333,1.0000,0.5000
#21,8,1001-5000,1001,5000,19,V11,regular,REG,0.006720,20,13,7,13,13,0,0.6500,1.0000,0.5000
#21,8,1001-5000,1001,5000,20,V12,regular,REG,0.006160,13,9,4,9,9,0,0.6923,1.0000,0.5000
#21,8,1001-5000,1001,5000,21,V13,regular,REG,0.005686,18,11,7,11,11,0,0.6111,1.0000,0.5000
#21,8,1001-5000,1001,5000,22,V14,regular,REG,0.005280,16,9,7,9,9,0,0.5625,1.0000,0.5000
#21,8,1001-5000,1001,5000,23,V15,regular,REG,0.004928,12,5,7,5,5,0,0.4167,1.0000,0.5000
#21,8,1001-5000,1001,5000,24,V16,regular,REG,0.004620,14,13,1,13,13,0,0.9286,1.0000,0.5000
#21,8,1001-5000,1001,5000,25,V17,regular,REG,0.004348,12,7,5,7,7,0,0.5833,1.0000,0.5000
#21,8,1001-5000,1001,5000,26,V18,regular,REG,0.004107,16,9,7,9,9,0,0.5625,1.0000,0.5000
#21,8,1001-5000,1001,5000,27,V19,regular,REG,0.003890,9,6,3,6,6,0,0.6667,1.0000,0.5000
#21,8,1001-5000,1001,5000,28,V20,regular,REG,0.003696,7,3,4,2,2,1,0.2857,0.6667,0.5000
#21,8,1001-5000,1001,5000,29,V21,regular,REG,0.003520,11,6,5,6,6,0,0.5455,1.0000,0.5000
#21,8,1001-5000,1001,5000,30,V22,regular,REG,0.003360,9,5,4,5,5,0,0.5556,1.0000,0.5000
#21,8,1001-5000,1001,5000,31,V23,regular,REG,0.003214,8,4,4,4,4,0,0.5000,1.0000,0.5000
#21,8,1001-5000,1001,5000,32,V24,regular,REG,0.003080,10,6,4,6,6,0,0.6000,1.0000,0.5000
#21,8,1001-5000,1001,5000,33,V25,regular,REG,0.002957,8,6,2,6,6,0,0.7500,1.0000,0.5000
#21,8,1001-5000,1001,5000,34,V26,regular,REG,0.002843,6,5,1,5,5,0,0.8333,1.0000,0.5000
#21,8,1001-5000,1001,5000,35,V27,regular,REG,0.002738,3,3,0,3,3,0,1.0000,1.0000,0.5000
#21,8,1001-5000,1001,5000,36,V28,regular,REG,0.002640,6,2,4,2,2,0,0.3333,1.0000,0.5000
#21,8,1001-5000,1001,5000,37,V29,regular,REG,0.002549,6,4,2,4,4,0,0.6667,1.0000,0.5000
#21,8,1001-5000,1001,5000,38,V30,regular,REG,0.002464,5,3,2,3,3,0,0.6000,1.0000,0.5000
#21,8,1001-5000,1001,5000,39,V31,regular,REG,0.002384,9,7,2,7,7,0,0.7778,1.0000,0.5000
#21,8,1001-5000,1001,5000,40,V32,regular,REG,0.002310,11,6,5,6,6,0,0.5455,1.0000,0.5000
#21b,6,1-1000,1,1000,1,V33,irregular,IRR_1,0.257556,170,170,0,0,170,0,0.0000,0.0000,0.0000
#21b,6,1-1000,1,1000,2,V34,irregular,IRR_2,0.128778,65,45,20,6,39,0,0.0923,0.1333,0.1333
#21b,6,1-1000,1,1000,3,V35,irregular,IRR_3,0.085852,52,44,8,3,37,4,0.0577,0.0682,0.0750
#21b,6,1-1000,1,1000,4,V01,regular,REG,0.073919,31,26,5,26,26,0,0.8387,1.0000,0.5000
#21b,6,1-1000,1,1000,5,V36,irregular,IRR_4,0.064389,30,26,4,7,18,1,0.2333,0.2692,0.2800
#21b,6,1-1000,1,1000,6,V37,irregular,IRR_5,0.051511,30,25,5,9,15,1,0.3000,0.3600,0.3750
#21b,6,1-1000,1,1000,7,V38,irregular,IRR_6,0.042926,15,8,7,6,2,0,0.4000,0.7500,0.7500
#21b,6,1-1000,1,1000,8,V02,regular,REG,0.036960,14,10,4,10,10,0,0.7143,1.0000,0.5000
#21b,6,1-1000,1,1000,9,V39,irregular,IRR_7,0.036794,25,18,7,10,8,0,0.4000,0.5556,0.5556
#21b,6,1-1000,1,1000,10,V40,irregular,IRR_8,0.032194,18,14,4,6,8,0,0.3333,0.4286,0.4286
#21b,6,1-1000,1,1000,11,V03,regular,REG,0.024640,13,9,4,9,9,0,0.6923,1.0000,0.5000
#21b,6,1-1000,1,1000,12,V04,regular,REG,0.018480,7,4,3,4,4,0,0.5714,1.0000,0.5000
#21b,6,1-1000,1,1000,13,V05,regular,REG,0.014784,11,9,2,9,9,0,0.8182,1.0000,0.5000
#21b,6,1-1000,1,1000,14,V06,regular,REG,0.012320,8,4,4,4,4,0,0.5000,1.0000,0.5000
#21b,6,1-1000,1,1000,15,V07,regular,REG,0.010560,3,3,0,3,3,0,1.0000,1.0000,0.5000
#21b,6,1-1000,1,1000,16,V08,regular,REG,0.009240,4,3,1,2,2,1,0.5000,0.6667,0.5000
#21b,6,1-1000,1,1000,17,V09,regular,REG,0.008213,3,2,1,1,1,1,0.3333,0.5000,0.5000
#21b,6,1-1000,1,1000,18,V10,regular,REG,0.007392,4,3,1,3,3,0,0.7500,1.0000,0.5000
#21b,6,1-1000,1,1000,19,V11,regular,REG,0.006720,7,5,2,5,5,0,0.7143,1.0000,0.5000
#21b,6,1-1000,1,1000,20,V12,regular,REG,0.006160,3,1,2,1,1,0,0.3333,1.0000,0.5000
#21b,6,1-1000,1,1000,21,V13,regular,REG,0.005686,3,2,1,2,2,0,0.6667,1.0000,0.5000
#21b,6,1-1000,1,1000,22,V14,regular,REG,0.005280,2,1,1,1,1,0,0.5000,1.0000,0.5000
#21b,6,1-1000,1,1000,23,V15,regular,REG,0.004928,0,0,0,0,0,0,,,
#21b,6,1-1000,1,1000,24,V16,regular,REG,0.004620,4,4,0,3,3,1,0.7500,0.7500,0.5000
#21b,6,1-1000,1,1000,25,V17,regular,REG,0.004348,5,5,0,5,5,0,1.0000,1.0000,0.5000
#21b,6,1-1000,1,1000,26,V18,regular,REG,0.004107,1,0,1,0,0,0,0.0000,,
#21b,6,1-1000,1,1000,27,V19,regular,REG,0.003890,0,0,0,0,0,0,,,
#21b,6,1-1000,1,1000,28,V20,regular,REG,0.003696,2,1,1,1,1,0,0.5000,1.0000,0.5000
#21b,6,1-1000,1,1000,29,V21,regular,REG,0.003520,3,2,1,2,2,0,0.6667,1.0000,0.5000
#21b,6,1-1000,1,1000,30,V22,regular,REG,0.003360,2,2,0,2,2,0,1.0000,1.0000,0.5000
#21b,6,1-1000,1,1000,31,V23,regular,REG,0.003214,2,1,1,1,1,0,0.5000,1.0000,0.5000
#21b,6,1-1000,1,1000,32,V24,regular,REG,0.003080,2,2,0,2,2,0,1.0000,1.0000,0.5000
#21b,6,1-1000,1,1000,33,V25,regular,REG,0.002957,2,2,0,2,2,0,1.0000,1.0000,0.5000
#21b,6,1-1000,1,1000,34,V26,regular,REG,0.002843,0,0,0,0,0,0,,,
#21b,6,1-1000,1,1000,35,V27,regular,REG,0.002738,0,0,0,0,0,0,,,
#21b,6,1-1000,1,1000,36,V28,regular,REG,0.002640,1,0,1,0,0,0,0.0000,,
#21b,6,1-1000,1,1000,37,V29,regular,REG,0.002549,2,2,0,2,2,0,1.0000,1.0000,0.5000
#21b,6,1-1000,1,1000,38,V30,regular,REG,0.002464,2,1,1,1,1,0,0.5000,1.0000,0.5000
#21b,6,1-1000,1,1000,39,V31,regular,REG,0.002384,0,0,0,0,0,0,,,
#21b,6,1-1000,1,1000,40,V32,regular,REG,0.002310,2,1,1,1,1,0,0.5000,1.0000,0.5000
#21b,6,1-5000,1,5000,1,V33,irregular,IRR_1,0.257556,733,733,0,0,733,0,0.0000,0.0000,0.0000
#21b,6,1-5000,1,5000,2,V34,irregular,IRR_2,0.128778,366,245,121,6,239,0,0.0164,0.0245,0.0245
#21b,6,1-5000,1,5000,3,V35,irregular,IRR_3,0.085852,251,219,32,3,212,4,0.0120,0.0137,0.0140
#21b,6,1-5000,1,5000,4,V01,regular,REG,0.073919,206,201,5,201,201,0,0.9757,1.0000,0.5000
#21b,6,1-5000,1,5000,5,V36,irregular,IRR_4,0.064389,168,164,4,7,156,1,0.0417,0.0427,0.0429
#21b,6,1-5000,1,5000,6,V37,irregular,IRR_5,0.051511,143,130,13,9,120,1,0.0629,0.0692,0.0698
#21b,6,1-5000,1,5000,7,V38,irregular,IRR_6,0.042926,99,40,59,8,32,0,0.0808,0.2000,0.2000
#21b,6,1-5000,1,5000,8,V02,regular,REG,0.036960,90,66,24,66,66,0,0.7333,1.0000,0.5000
#21b,6,1-5000,1,5000,9,V39,irregular,IRR_7,0.036794,106,78,28,21,57,0,0.1981,0.2692,0.2692
#21b,6,1-5000,1,5000,10,V40,irregular,IRR_8,0.032194,87,59,28,13,46,0,0.1494,0.2203,0.2203
#21b,6,1-5000,1,5000,11,V03,regular,REG,0.024640,64,54,10,54,54,0,0.8438,1.0000,0.5000
#21b,6,1-5000,1,5000,12,V04,regular,REG,0.018480,53,31,22,31,31,0,0.5849,1.0000,0.5000
#21b,6,1-5000,1,5000,13,V05,regular,REG,0.014784,38,31,7,31,31,0,0.8158,1.0000,0.5000
#21b,6,1-5000,1,5000,14,V06,regular,REG,0.012320,25,15,10,15,15,0,0.6000,1.0000,0.5000
#21b,6,1-5000,1,5000,15,V07,regular,REG,0.010560,24,21,3,21,21,0,0.8750,1.0000,0.5000
#21b,6,1-5000,1,5000,16,V08,regular,REG,0.009240,24,14,10,13,13,1,0.5417,0.9286,0.5000
#21b,6,1-5000,1,5000,17,V09,regular,REG,0.008213,21,14,7,13,13,1,0.6190,0.9286,0.5000
#21b,6,1-5000,1,5000,18,V10,regular,REG,0.007392,27,17,10,17,17,0,0.6296,1.0000,0.5000
#21b,6,1-5000,1,5000,19,V11,regular,REG,0.006720,23,17,6,17,17,0,0.7391,1.0000,0.5000
#21b,6,1-5000,1,5000,20,V12,regular,REG,0.006160,12,8,4,8,8,0,0.6667,1.0000,0.5000
#21b,6,1-5000,1,5000,21,V13,regular,REG,0.005686,15,8,7,8,8,0,0.5333,1.0000,0.5000
#21b,6,1-5000,1,5000,22,V14,regular,REG,0.005280,14,9,5,9,9,0,0.6429,1.0000,0.5000
#21b,6,1-5000,1,5000,23,V15,regular,REG,0.004928,10,4,6,4,4,0,0.4000,1.0000,0.5000
#21b,6,1-5000,1,5000,24,V16,regular,REG,0.004620,13,13,0,12,12,1,0.9231,0.9231,0.5000
#21b,6,1-5000,1,5000,25,V17,regular,REG,0.004348,14,9,5,9,9,0,0.6429,1.0000,0.5000
#21b,6,1-5000,1,5000,26,V18,regular,REG,0.004107,13,8,5,8,8,0,0.6154,1.0000,0.5000
#21b,6,1-5000,1,5000,27,V19,regular,REG,0.003890,8,7,1,7,7,0,0.8750,1.0000,0.5000
#21b,6,1-5000,1,5000,28,V20,regular,REG,0.003696,8,4,4,4,4,0,0.5000,1.0000,0.5000
#21b,6,1-5000,1,5000,29,V21,regular,REG,0.003520,11,6,5,6,6,0,0.5455,1.0000,0.5000
#21b,6,1-5000,1,5000,30,V22,regular,REG,0.003360,10,8,2,8,8,0,0.8000,1.0000,0.5000
#21b,6,1-5000,1,5000,31,V23,regular,REG,0.003214,9,6,3,6,6,0,0.6667,1.0000,0.5000
#21b,6,1-5000,1,5000,32,V24,regular,REG,0.003080,10,8,2,8,8,0,0.8000,1.0000,0.5000
#21b,6,1-5000,1,5000,33,V25,regular,REG,0.002957,6,6,0,6,6,0,1.0000,1.0000,0.5000
#21b,6,1-5000,1,5000,34,V26,regular,REG,0.002843,3,2,1,2,2,0,0.6667,1.0000,0.5000
#21b,6,1-5000,1,5000,35,V27,regular,REG,0.002738,0,0,0,0,0,0,,,
#21b,6,1-5000,1,5000,36,V28,regular,REG,0.002640,6,2,4,2,2,0,0.3333,1.0000,0.5000
#21b,6,1-5000,1,5000,37,V29,regular,REG,0.002549,6,5,1,5,5,0,0.8333,1.0000,0.5000
#21b,6,1-5000,1,5000,38,V30,regular,REG,0.002464,7,5,2,5,5,0,0.7143,1.0000,0.5000
#21b,6,1-5000,1,5000,39,V31,regular,REG,0.002384,4,2,2,2,2,0,0.5000,1.0000,0.5000
#21b,6,1-5000,1,5000,40,V32,regular,REG,0.002310,11,5,6,5,5,0,0.4545,1.0000,0.5000
#21b,6,1001-5000,1001,5000,1,V33,irregular,IRR_1,0.257556,563,563,0,0,563,0,0.0000,0.0000,0.0000
#21b,6,1001-5000,1001,5000,2,V34,irregular,IRR_2,0.128778,301,200,101,0,200,0,0.0000,0.0000,0.0000
#21b,6,1001-5000,1001,5000,3,V35,irregular,IRR_3,0.085852,199,175,24,0,175,0,0.0000,0.0000,0.0000
#21b,6,1001-5000,1001,5000,4,V01,regular,REG,0.073919,175,175,0,175,175,0,1.0000,1.0000,0.5000
#21b,6,1001-5000,1001,5000,5,V36,irregular,IRR_4,0.064389,138,138,0,0,138,0,0.0000,0.0000,0.0000
#21b,6,1001-5000,1001,5000,6,V37,irregular,IRR_5,0.051511,113,105,8,0,105,0,0.0000,0.0000,0.0000
#21b,6,1001-5000,1001,5000,7,V38,irregular,IRR_6,0.042926,84,32,52,2,30,0,0.0238,0.0625,0.0625
#21b,6,1001-5000,1001,5000,8,V02,regular,REG,0.036960,76,56,20,56,56,0,0.7368,1.0000,0.5000
#21b,6,1001-5000,1001,5000,9,V39,irregular,IRR_7,0.036794,81,60,21,11,49,0,0.1358,0.1833,0.1833
#21b,6,1001-5000,1001,5000,10,V40,irregular,IRR_8,0.032194,69,45,24,7,38,0,0.1014,0.1556,0.1556
#21b,6,1001-5000,1001,5000,11,V03,regular,REG,0.024640,51,45,6,45,45,0,0.8824,1.0000,0.5000
#21b,6,1001-5000,1001,5000,12,V04,regular,REG,0.018480,46,27,19,27,27,0,0.5870,1.0000,0.5000
#21b,6,1001-5000,1001,5000,13,V05,regular,REG,0.014784,27,22,5,22,22,0,0.8148,1.0000,0.5000
#21b,6,1001-5000,1001,5000,14,V06,regular,REG,0.012320,17,11,6,11,11,0,0.6471,1.0000,0.5000
#21b,6,1001-5000,1001,5000,15,V07,regular,REG,0.010560,21,18,3,18,18,0,0.8571,1.0000,0.5000
#21b,6,1001-5000,1001,5000,16,V08,regular,REG,0.009240,20,11,9,11,11,0,0.5500,1.0000,0.5000
#21b,6,1001-5000,1001,5000,17,V09,regular,REG,0.008213,18,12,6,12,12,0,0.6667,1.0000,0.5000
#21b,6,1001-5000,1001,5000,18,V10,regular,REG,0.007392,23,14,9,14,14,0,0.6087,1.0000,0.5000
#21b,6,1001-5000,1001,5000,19,V11,regular,REG,0.006720,16,12,4,12,12,0,0.7500,1.0000,0.5000
#21b,6,1001-5000,1001,5000,20,V12,regular,REG,0.006160,9,7,2,7,7,0,0.7778,1.0000,0.5000
#21b,6,1001-5000,1001,5000,21,V13,regular,REG,0.005686,12,6,6,6,6,0,0.5000,1.0000,0.5000
#21b,6,1001-5000,1001,5000,22,V14,regular,REG,0.005280,12,8,4,8,8,0,0.6667,1.0000,0.5000
#21b,6,1001-5000,1001,5000,23,V15,regular,REG,0.004928,10,4,6,4,4,0,0.4000,1.0000,0.5000
#21b,6,1001-5000,1001,5000,24,V16,regular,REG,0.004620,9,9,0,9,9,0,1.0000,1.0000,0.5000
#21b,6,1001-5000,1001,5000,25,V17,regular,REG,0.004348,9,4,5,4,4,0,0.4444,1.0000,0.5000
#21b,6,1001-5000,1001,5000,26,V18,regular,REG,0.004107,12,8,4,8,8,0,0.6667,1.0000,0.5000
#21b,6,1001-5000,1001,5000,27,V19,regular,REG,0.003890,8,7,1,7,7,0,0.8750,1.0000,0.5000
#21b,6,1001-5000,1001,5000,28,V20,regular,REG,0.003696,6,3,3,3,3,0,0.5000,1.0000,0.5000
#21b,6,1001-5000,1001,5000,29,V21,regular,REG,0.003520,8,4,4,4,4,0,0.5000,1.0000,0.5000
#21b,6,1001-5000,1001,5000,30,V22,regular,REG,0.003360,8,6,2,6,6,0,0.7500,1.0000,0.5000
#21b,6,1001-5000,1001,5000,31,V23,regular,REG,0.003214,7,5,2,5,5,0,0.7143,1.0000,0.5000
#21b,6,1001-5000,1001,5000,32,V24,regular,REG,0.003080,8,6,2,6,6,0,0.7500,1.0000,0.5000
#21b,6,1001-5000,1001,5000,33,V25,regular,REG,0.002957,4,4,0,4,4,0,1.0000,1.0000,0.5000
#21b,6,1001-5000,1001,5000,34,V26,regular,REG,0.002843,3,2,1,2,2,0,0.6667,1.0000,0.5000
#21b,6,1001-5000,1001,5000,35,V27,regular,REG,0.002738,0,0,0,0,0,0,,,
#21b,6,1001-5000,1001,5000,36,V28,regular,REG,0.002640,5,2,3,2,2,0,0.4000,1.0000,0.5000
#21b,6,1001-5000,1001,5000,37,V29,regular,REG,0.002549,4,3,1,3,3,0,0.7500,1.0000,0.5000
#21b,6,1001-5000,1001,5000,38,V30,regular,REG,0.002464,5,4,1,4,4,0,0.8000,1.0000,0.5000
#21b,6,1001-5000,1001,5000,39,V31,regular,REG,0.002384,4,2,2,2,2,0,0.5000,1.0000,0.5000
#21b,6,1001-5000,1001,5000,40,V32,regular,REG,0.002310,9,4,5,4,4,0,0.4444,1.0000,0.5000
