metric,compare,mean_base_1-1000,mean_D_1-1000,diff_1-1000,mean_base_1-5000,mean_D_1-5000,diff_1-5000,diff_1001-5000,same_sign_1-1000_vs_1-5000,same_sign_1-1000_vs_1001-5000,paired_seeds,paired_same_sign_1-1000_vs_1-5000
correct,#21 − 22c,0.641500,0.640250,-0.001250,0.647225,0.669925,0.022700,0.028688,0,0,1 2 3 5 6 8,5/6
correct,#21b − 22c,0.641500,0.661500,0.020000,0.647225,0.686233,0.039008,0.043761,1,1,1 2 3 5 6 8,5/6
wrong,#21 − 22c,0.004875,0.024125,0.019250,0.001050,0.015875,0.014825,0.013719,1,1,1 2 3 5 6 8,5/6
wrong,#21b − 22c,0.004875,0.009333,0.004458,0.001050,0.002533,0.001483,0.000739,1,1,1 2 3 5 6 8,6/6
silent,#21 − 22c,0.353625,0.335625,-0.018000,0.351725,0.314200,-0.037525,-0.042406,1,1,1 2 3 5 6 8,6/6
silent,#21b − 22c,0.353625,0.329167,-0.024458,0.351725,0.311233,-0.040492,-0.044500,1,1,1 2 3 5 6 8,5/6
selection_error,#21 − 22c,0.002000,0.001000,-0.001000,0.000400,0.000325,-0.000075,0.000156,1,0,1 2 3 5 6 8,5/6
selection_error,#21b − 22c,0.002000,0.002000,0.000000,0.000400,0.000467,0.000067,0.000083,0,0,1 2 3 5 6 8,6/6
distinction_loss,#21 − 22c,0.002875,0.023125,0.020250,0.000650,0.015550,0.014900,0.013562,1,1,1 2 3 5 6 8,5/6
distinction_loss,#21b − 22c,0.002875,0.007333,0.004458,0.000650,0.002067,0.001417,0.000656,1,1,1 2 3 5 6 8,6/6
absent,#21 − 22c,0.288625,0.328625,0.040000,0.275650,0.305575,0.029925,0.027406,1,1,1 2 3 5 6 8,6/6
absent,#21b − 22c,0.288625,0.303667,0.015042,0.275650,0.281300,0.005650,0.003302,1,1,1 2 3 5 6 8,6/6
selection_error_ledgerdef,#21 − 22c,0.002000,0.001250,-0.000750,0.000400,0.000375,-0.000025,0.000156,1,0,1 2 3 5 6 8,5/6
selection_error_ledgerdef,#21b − 22c,0.002000,0.002000,0.000000,0.000400,0.000500,0.000100,0.000125,0,0,1 2 3 5 6 8,6/6
distinction_loss_ledgerdef,#21 − 22c,0.002875,0.022875,0.020000,0.000650,0.015500,0.014850,0.013562,1,1,1 2 3 5 6 8,5/6
distinction_loss_ledgerdef,#21b − 22c,0.002875,0.007333,0.004458,0.000650,0.002033,0.001383,0.000614,1,1,1 2 3 5 6 8,6/6
absent_ledgerdef,#21 − 22c,0.288625,0.327875,0.039250,0.275650,0.305425,0.029775,0.027406,1,1,1 2 3 5 6 8,6/6
absent_ledgerdef,#21b − 22c,0.288625,0.301333,0.012708,0.275650,0.280800,0.005150,0.003261,1,1,1 2 3 5 6 8,6/6
