arm,seed,case,metric,n_1-1000,n_1-5000,n_1001-5000,share_in_1-1000
22c,1,22_seed001_birth0,wrong,1,1,0,1.0000
22c,1,22_seed001_birth0,silent,416,2139,1723,0.1945
22c,1,22_seed001_birth0,wrong_or_silent,417,2140,1723,0.1949
22c,1,22_seed001_birth0,selection_error,0,0,0,
22c,1,22_seed001_birth0,absent,294,1383,1089,0.2126
22c,1,22_seed001_birth0,selection_error_ledgerdef,0,0,0,
22c,1,22_seed001_birth0,absent_ledgerdef,294,1383,1089,0.2126
22c,2,22_seed002_birth0,wrong,1,1,0,1.0000
22c,2,22_seed002_birth0,silent,375,1807,1432,0.2075
22c,2,22_seed002_birth0,wrong_or_silent,376,1808,1432,0.2080
22c,2,22_seed002_birth0,selection_error,1,1,0,1.0000
22c,2,22_seed002_birth0,absent,297,1396,1099,0.2128
22c,2,22_seed002_birth0,selection_error_ledgerdef,1,1,0,1.0000
22c,2,22_seed002_birth0,absent_ledgerdef,297,1396,1099,0.2128
22c,3,22_seed003_birth0,wrong,6,6,0,1.0000
22c,3,22_seed003_birth0,silent,334,1732,1398,0.1928
22c,3,22_seed003_birth0,wrong_or_silent,340,1738,1398,0.1956
22c,3,22_seed003_birth0,selection_error,2,2,0,1.0000
22c,3,22_seed003_birth0,absent,290,1403,1113,0.2067
22c,3,22_seed003_birth0,selection_error_ledgerdef,2,2,0,1.0000
22c,3,22_seed003_birth0,absent_ledgerdef,290,1403,1113,0.2067
22c,4,22_seed004_birth0,wrong,4,4,0,1.0000
22c,4,22_seed004_birth0,silent,361,1878,1517,0.1922
22c,4,22_seed004_birth0,wrong_or_silent,365,1882,1517,0.1939
22c,4,22_seed004_birth0,selection_error,0,0,0,
22c,4,22_seed004_birth0,absent,268,1370,1102,0.1956
22c,4,22_seed004_birth0,selection_error_ledgerdef,0,0,0,
22c,4,22_seed004_birth0,absent_ledgerdef,268,1370,1102,0.1956
22c,5,22_seed005_birth0,wrong,2,2,0,1.0000
22c,5,22_seed005_birth0,silent,349,1782,1433,0.1958
22c,5,22_seed005_birth0,wrong_or_silent,351,1784,1433,0.1967
22c,5,22_seed005_birth0,selection_error,1,1,0,1.0000
22c,5,22_seed005_birth0,absent,276,1312,1036,0.2104
22c,5,22_seed005_birth0,selection_error_ledgerdef,1,1,0,1.0000
22c,5,22_seed005_birth0,absent_ledgerdef,276,1312,1036,0.2104
22c,6,22_seed006_birth0,wrong,4,4,0,1.0000
22c,6,22_seed006_birth0,silent,312,1556,1244,0.2005
22c,6,22_seed006_birth0,wrong_or_silent,316,1560,1244,0.2026
22c,6,22_seed006_birth0,selection_error,2,2,0,1.0000
22c,6,22_seed006_birth0,absent,273,1342,1069,0.2034
22c,6,22_seed006_birth0,selection_error_ledgerdef,2,2,0,1.0000
22c,6,22_seed006_birth0,absent_ledgerdef,273,1342,1069,0.2034
22c,7,22_seed007_birth0,wrong,7,7,0,1.0000
22c,7,22_seed007_birth0,silent,347,1632,1285,0.2126
22c,7,22_seed007_birth0,wrong_or_silent,354,1639,1285,0.2160
22c,7,22_seed007_birth0,selection_error,5,5,0,1.0000
22c,7,22_seed007_birth0,absent,288,1404,1116,0.2051
22c,7,22_seed007_birth0,selection_error_ledgerdef,5,5,0,1.0000
22c,7,22_seed007_birth0,absent_ledgerdef,288,1404,1116,0.2051
22c,8,22_seed008_birth0,wrong,14,17,3,0.8235
22c,8,22_seed008_birth0,silent,335,1543,1208,0.2171
22c,8,22_seed008_birth0,wrong_or_silent,349,1560,1211,0.2237
22c,8,22_seed008_birth0,selection_error,5,5,0,1.0000
22c,8,22_seed008_birth0,absent,323,1416,1093,0.2281
22c,8,22_seed008_birth0,selection_error_ledgerdef,5,5,0,1.0000
22c,8,22_seed008_birth0,absent_ledgerdef,323,1416,1093,0.2281
22c,all,(合計),wrong,39,42,3,0.9286
22c,all,(合計),silent,2829,14069,11240,0.2011
22c,all,(合計),wrong_or_silent,2868,14111,11243,0.2032
22c,all,(合計),selection_error,16,16,0,1.0000
22c,all,(合計),absent,2309,11026,8717,0.2094
22c,all,(合計),selection_error_ledgerdef,16,16,0,1.0000
22c,all,(合計),absent_ledgerdef,2309,11026,8717,0.2094
#21,1,21_seed001,wrong,1,1,0,1.0000
#21,1,21_seed001,silent,396,1865,1469,0.2123
#21,1,21_seed001,wrong_or_silent,397,1866,1469,0.2128
#21,1,21_seed001,selection_error,0,0,0,
#21,1,21_seed001,absent,319,1524,1205,0.2093
#21,1,21_seed001,selection_error_ledgerdef,0,0,0,
#21,1,21_seed001,absent_ledgerdef,319,1524,1205,0.2093
#21,2,21_seed002,wrong,1,1,0,1.0000
#21,2,21_seed002,silent,339,1661,1322,0.2041
#21,2,21_seed002,wrong_or_silent,340,1662,1322,0.2046
#21,2,21_seed002,selection_error,1,1,0,1.0000
#21,2,21_seed002,absent,315,1527,1212,0.2063
#21,2,21_seed002,selection_error_ledgerdef,1,1,0,1.0000
#21,2,21_seed002,absent_ledgerdef,313,1525,1212,0.2052
#21,3,21_seed003,wrong,4,10,6,0.4000
#21,3,21_seed003,silent,393,1785,1392,0.2202
#21,3,21_seed003,wrong_or_silent,397,1795,1398,0.2212
#21,3,21_seed003,selection_error,1,6,5,0.1667
#21,3,21_seed003,absent,321,1547,1226,0.2075
#21,3,21_seed003,selection_error_ledgerdef,1,6,5,0.1667
#21,3,21_seed003,absent_ledgerdef,321,1547,1226,0.2075
#21,5,21_seed005,wrong,44,144,100,0.3056
#21,5,21_seed005,silent,291,1331,1040,0.2186
#21,5,21_seed005,wrong_or_silent,335,1475,1140,0.2271
#21,5,21_seed005,selection_error,1,1,0,1.0000
#21,5,21_seed005,absent,332,1471,1139,0.2257
#21,5,21_seed005,selection_error_ledgerdef,3,3,0,1.0000
#21,5,21_seed005,absent_ledgerdef,330,1469,1139,0.2246
#21,6,21_seed006,wrong,33,143,110,0.2308
#21,6,21_seed006,silent,307,1398,1091,0.2196
#21,6,21_seed006,wrong_or_silent,340,1541,1201,0.2206
#21,6,21_seed006,selection_error,0,0,0,
#21,6,21_seed006,absent,336,1534,1198,0.2190
#21,6,21_seed006,selection_error_ledgerdef,0,0,0,
#21,6,21_seed006,absent_ledgerdef,334,1532,1198,0.2180
#21,8,21_seed008,wrong,33,146,113,0.2260
#21,8,21_seed008,silent,332,1522,1190,0.2181
#21,8,21_seed008,wrong_or_silent,365,1668,1303,0.2188
#21,8,21_seed008,selection_error,1,1,0,1.0000
#21,8,21_seed008,absent,352,1558,1206,0.2259
#21,8,21_seed008,selection_error_ledgerdef,1,1,0,1.0000
#21,8,21_seed008,absent_ledgerdef,352,1558,1206,0.2259
#21,9,21_seed009,wrong,24,123,99,0.1951
#21,9,21_seed009,silent,296,1392,1096,0.2126
#21,9,21_seed009,wrong_or_silent,320,1515,1195,0.2112
#21,9,21_seed009,selection_error,4,4,0,1.0000
#21,9,21_seed009,absent,304,1499,1195,0.2028
#21,9,21_seed009,selection_error_ledgerdef,4,4,0,1.0000
#21,9,21_seed009,absent_ledgerdef,304,1499,1195,0.2028
#21,10,21_seed010,wrong,53,67,14,0.7910
#21,10,21_seed010,silent,331,1614,1283,0.2051
#21,10,21_seed010,wrong_or_silent,384,1681,1297,0.2284
#21,10,21_seed010,selection_error,0,0,0,
#21,10,21_seed010,absent,350,1563,1213,0.2239
#21,10,21_seed010,selection_error_ledgerdef,0,0,0,
#21,10,21_seed010,absent_ledgerdef,350,1563,1213,0.2239
#21,all,(合計),wrong,193,635,442,0.3039
#21,all,(合計),silent,2685,12568,9883,0.2136
#21,all,(合計),wrong_or_silent,2878,13203,10325,0.2180
#21,all,(合計),selection_error,8,13,5,0.6154
#21,all,(合計),absent,2629,12223,9594,0.2151
#21,all,(合計),selection_error_ledgerdef,10,15,5,0.6667
#21,all,(合計),absent_ledgerdef,2623,12217,9594,0.2147
#21b,1,21b_seed001,wrong,1,1,0,1.0000
#21b,1,21b_seed001,silent,370,1759,1389,0.2103
#21b,1,21b_seed001,wrong_or_silent,371,1760,1389,0.2108
#21b,1,21b_seed001,selection_error,0,0,0,
#21b,1,21b_seed001,absent,300,1404,1104,0.2137
#21b,1,21b_seed001,selection_error_ledgerdef,0,0,0,
#21b,1,21b_seed001,absent_ledgerdef,300,1404,1104,0.2137
#21b,2,21b_seed002,wrong,1,1,0,1.0000
#21b,2,21b_seed002,silent,354,1663,1309,0.2129
#21b,2,21b_seed002,wrong_or_silent,355,1664,1309,0.2133
#21b,2,21b_seed002,selection_error,1,1,0,1.0000
#21b,2,21b_seed002,absent,305,1406,1101,0.2169
#21b,2,21b_seed002,selection_error_ledgerdef,1,1,0,1.0000
#21b,2,21b_seed002,absent_ledgerdef,304,1405,1101,0.2164
#21b,3,21b_seed003,wrong,8,8,0,1.0000
#21b,3,21b_seed003,silent,315,1617,1302,0.1948
#21b,3,21b_seed003,wrong_or_silent,323,1625,1302,0.1988
#21b,3,21b_seed003,selection_error,1,1,0,1.0000
#21b,3,21b_seed003,absent,295,1423,1128,0.2073
#21b,3,21b_seed003,selection_error_ledgerdef,1,1,0,1.0000
#21b,3,21b_seed003,absent_ledgerdef,294,1422,1128,0.2068
#21b,5,21b_seed005,wrong,21,22,1,0.9545
#21b,5,21b_seed005,silent,289,1448,1159,0.1996
#21b,5,21b_seed005,wrong_or_silent,310,1470,1160,0.2109
#21b,5,21b_seed005,selection_error,1,1,0,1.0000
#21b,5,21b_seed005,absent,298,1371,1073,0.2174
#21b,5,21b_seed005,selection_error_ledgerdef,1,1,0,1.0000
#21b,5,21b_seed005,absent_ledgerdef,297,1370,1073,0.2168
#21b,6,21b_seed006,wrong,13,32,19,0.4062
#21b,6,21b_seed006,silent,319,1406,1087,0.2269
#21b,6,21b_seed006,wrong_or_silent,332,1438,1106,0.2309
#21b,6,21b_seed006,selection_error,5,7,2,0.7143
#21b,6,21b_seed006,absent,294,1391,1097,0.2114
#21b,6,21b_seed006,selection_error_ledgerdef,5,8,3,0.6250
#21b,6,21b_seed006,absent_ledgerdef,283,1379,1096,0.2052
#21b,8,21b_seed008,wrong,12,12,0,1.0000
#21b,8,21b_seed008,silent,328,1444,1116,0.2271
#21b,8,21b_seed008,wrong_or_silent,340,1456,1116,0.2335
#21b,8,21b_seed008,selection_error,4,4,0,1.0000
#21b,8,21b_seed008,absent,330,1444,1114,0.2285
#21b,8,21b_seed008,selection_error_ledgerdef,4,4,0,1.0000
#21b,8,21b_seed008,absent_ledgerdef,330,1444,1114,0.2285
#21b,all,(合計),wrong,56,76,20,0.7368
#21b,all,(合計),silent,1975,9337,7362,0.2115
#21b,all,(合計),wrong_or_silent,2031,9413,7382,0.2158
#21b,all,(合計),selection_error,12,14,2,0.8571
#21b,all,(合計),absent,1822,8439,6617,0.2159
#21b,all,(合計),selection_error_ledgerdef,12,15,3,0.8000
#21b,all,(合計),absent_ledgerdef,1808,8424,6616,0.2146
