arm,seed,case,window,trial_from,trial_to,tasks,capable_source,n_correct,n_wrong,n_silent,n_selection_error,n_distinction_loss,n_absent,n_selection_error_ledgerdef,n_distinction_loss_ledgerdef,n_absent_ledgerdef,rate_correct,rate_wrong,rate_silent,rate_selection_error,rate_distinction_loss,rate_absent,rate_selection_error_ledgerdef,rate_distinction_loss_ledgerdef,rate_absent_ledgerdef,cap_agree_attention_vs_ledgerdef
22c,1,22_seed001_birth0,1-1000,1,1000,1000,ledger_counterfactual,583,1,416,0,1,294,0,1,294,0.583000,0.001000,0.416000,0.000000,0.001000,0.294000,0.000000,0.001000,0.294000,
22c,1,22_seed001_birth0,1-5000,1,5000,5000,ledger_counterfactual,2860,1,2139,0,1,1383,0,1,1383,0.572000,0.000200,0.427800,0.000000,0.000200,0.276600,0.000000,0.000200,0.276600,
22c,1,22_seed001_birth0,1001-5000,1001,5000,4000,ledger_counterfactual,2277,0,1723,0,0,1089,0,0,1089,0.569250,0.000000,0.430750,0.000000,0.000000,0.272250,0.000000,0.000000,0.272250,
22c,2,22_seed002_birth0,1-1000,1,1000,1000,ledger_counterfactual,624,1,375,1,0,297,1,0,297,0.624000,0.001000,0.375000,0.001000,0.000000,0.297000,0.001000,0.000000,0.297000,
22c,2,22_seed002_birth0,1-5000,1,5000,5000,ledger_counterfactual,3192,1,1807,1,0,1396,1,0,1396,0.638400,0.000200,0.361400,0.000200,0.000000,0.279200,0.000200,0.000000,0.279200,
22c,2,22_seed002_birth0,1001-5000,1001,5000,4000,ledger_counterfactual,2568,0,1432,0,0,1099,0,0,1099,0.642000,0.000000,0.358000,0.000000,0.000000,0.274750,0.000000,0.000000,0.274750,
22c,3,22_seed003_birth0,1-1000,1,1000,1000,ledger_counterfactual,660,6,334,2,4,290,2,4,290,0.660000,0.006000,0.334000,0.002000,0.004000,0.290000,0.002000,0.004000,0.290000,
22c,3,22_seed003_birth0,1-5000,1,5000,5000,ledger_counterfactual,3262,6,1732,2,4,1403,2,4,1403,0.652400,0.001200,0.346400,0.000400,0.000800,0.280600,0.000400,0.000800,0.280600,
22c,3,22_seed003_birth0,1001-5000,1001,5000,4000,ledger_counterfactual,2602,0,1398,0,0,1113,0,0,1113,0.650500,0.000000,0.349500,0.000000,0.000000,0.278250,0.000000,0.000000,0.278250,
22c,4,22_seed004_birth0,1-1000,1,1000,1000,ledger_counterfactual,635,4,361,0,4,268,0,4,268,0.635000,0.004000,0.361000,0.000000,0.004000,0.268000,0.000000,0.004000,0.268000,
22c,4,22_seed004_birth0,1-5000,1,5000,5000,ledger_counterfactual,3118,4,1878,0,4,1370,0,4,1370,0.623600,0.000800,0.375600,0.000000,0.000800,0.274000,0.000000,0.000800,0.274000,
22c,4,22_seed004_birth0,1001-5000,1001,5000,4000,ledger_counterfactual,2483,0,1517,0,0,1102,0,0,1102,0.620750,0.000000,0.379250,0.000000,0.000000,0.275500,0.000000,0.000000,0.275500,
22c,5,22_seed005_birth0,1-1000,1,1000,1000,ledger_counterfactual,649,2,349,1,1,276,1,1,276,0.649000,0.002000,0.349000,0.001000,0.001000,0.276000,0.001000,0.001000,0.276000,
22c,5,22_seed005_birth0,1-5000,1,5000,5000,ledger_counterfactual,3216,2,1782,1,1,1312,1,1,1312,0.643200,0.000400,0.356400,0.000200,0.000200,0.262400,0.000200,0.000200,0.262400,
22c,5,22_seed005_birth0,1001-5000,1001,5000,4000,ledger_counterfactual,2567,0,1433,0,0,1036,0,0,1036,0.641750,0.000000,0.358250,0.000000,0.000000,0.259000,0.000000,0.000000,0.259000,
22c,6,22_seed006_birth0,1-1000,1,1000,1000,ledger_counterfactual,684,4,312,2,2,273,2,2,273,0.684000,0.004000,0.312000,0.002000,0.002000,0.273000,0.002000,0.002000,0.273000,
22c,6,22_seed006_birth0,1-5000,1,5000,5000,ledger_counterfactual,3440,4,1556,2,2,1342,2,2,1342,0.688000,0.000800,0.311200,0.000400,0.000400,0.268400,0.000400,0.000400,0.268400,
22c,6,22_seed006_birth0,1001-5000,1001,5000,4000,ledger_counterfactual,2756,0,1244,0,0,1069,0,0,1069,0.689000,0.000000,0.311000,0.000000,0.000000,0.267250,0.000000,0.000000,0.267250,
22c,7,22_seed007_birth0,1-1000,1,1000,1000,ledger_counterfactual,646,7,347,5,2,288,5,2,288,0.646000,0.007000,0.347000,0.005000,0.002000,0.288000,0.005000,0.002000,0.288000,
22c,7,22_seed007_birth0,1-5000,1,5000,5000,ledger_counterfactual,3361,7,1632,5,2,1404,5,2,1404,0.672200,0.001400,0.326400,0.001000,0.000400,0.280800,0.001000,0.000400,0.280800,
22c,7,22_seed007_birth0,1001-5000,1001,5000,4000,ledger_counterfactual,2715,0,1285,0,0,1116,0,0,1116,0.678750,0.000000,0.321250,0.000000,0.000000,0.279000,0.000000,0.000000,0.279000,
22c,8,22_seed008_birth0,1-1000,1,1000,1000,ledger_counterfactual,651,14,335,5,9,323,5,9,323,0.651000,0.014000,0.335000,0.005000,0.009000,0.323000,0.005000,0.009000,0.323000,
22c,8,22_seed008_birth0,1-5000,1,5000,5000,ledger_counterfactual,3440,17,1543,5,12,1416,5,12,1416,0.688000,0.003400,0.308600,0.001000,0.002400,0.283200,0.001000,0.002400,0.283200,
22c,8,22_seed008_birth0,1001-5000,1001,5000,4000,ledger_counterfactual,2789,3,1208,0,3,1093,0,3,1093,0.697250,0.000750,0.302000,0.000000,0.000750,0.273250,0.000000,0.000750,0.273250,
#21,1,21_seed001,1-1000,1,1000,1000,attention,603,1,396,0,1,319,0,1,319,0.603000,0.001000,0.396000,0.000000,0.001000,0.319000,0.000000,0.001000,0.319000,1000
#21,1,21_seed001,1-5000,1,5000,5000,attention,3134,1,1865,0,1,1524,0,1,1524,0.626800,0.000200,0.373000,0.000000,0.000200,0.304800,0.000000,0.000200,0.304800,5000
#21,1,21_seed001,1001-5000,1001,5000,4000,attention,2531,0,1469,0,0,1205,0,0,1205,0.632750,0.000000,0.367250,0.000000,0.000000,0.301250,0.000000,0.000000,0.301250,4000
#21,2,21_seed002,1-1000,1,1000,1000,attention,660,1,339,1,0,315,1,0,313,0.660000,0.001000,0.339000,0.001000,0.000000,0.315000,0.001000,0.000000,0.313000,998
#21,2,21_seed002,1-5000,1,5000,5000,attention,3338,1,1661,1,0,1527,1,0,1525,0.667600,0.000200,0.332200,0.000200,0.000000,0.305400,0.000200,0.000000,0.305000,4998
#21,2,21_seed002,1001-5000,1001,5000,4000,attention,2678,0,1322,0,0,1212,0,0,1212,0.669500,0.000000,0.330500,0.000000,0.000000,0.303000,0.000000,0.000000,0.303000,4000
#21,3,21_seed003,1-1000,1,1000,1000,attention,603,4,393,1,3,321,1,3,321,0.603000,0.004000,0.393000,0.001000,0.003000,0.321000,0.001000,0.003000,0.321000,1000
#21,3,21_seed003,1-5000,1,5000,5000,attention,3205,10,1785,6,4,1547,6,4,1547,0.641000,0.002000,0.357000,0.001200,0.000800,0.309400,0.001200,0.000800,0.309400,5000
#21,3,21_seed003,1001-5000,1001,5000,4000,attention,2602,6,1392,5,1,1226,5,1,1226,0.650500,0.001500,0.348000,0.001250,0.000250,0.306500,0.001250,0.000250,0.306500,4000
#21,5,21_seed005,1-1000,1,1000,1000,attention,665,44,291,1,43,332,3,41,330,0.665000,0.044000,0.291000,0.001000,0.043000,0.332000,0.003000,0.041000,0.330000,998
#21,5,21_seed005,1-5000,1,5000,5000,attention,3525,144,1331,1,143,1471,3,141,1469,0.705000,0.028800,0.266200,0.000200,0.028600,0.294200,0.000600,0.028200,0.293800,4998
#21,5,21_seed005,1001-5000,1001,5000,4000,attention,2860,100,1040,0,100,1139,0,100,1139,0.715000,0.025000,0.260000,0.000000,0.025000,0.284750,0.000000,0.025000,0.284750,4000
#21,6,21_seed006,1-1000,1,1000,1000,attention,660,33,307,0,33,336,0,33,334,0.660000,0.033000,0.307000,0.000000,0.033000,0.336000,0.000000,0.033000,0.334000,998
#21,6,21_seed006,1-5000,1,5000,5000,attention,3459,143,1398,0,143,1534,0,143,1532,0.691800,0.028600,0.279600,0.000000,0.028600,0.306800,0.000000,0.028600,0.306400,4998
#21,6,21_seed006,1001-5000,1001,5000,4000,attention,2799,110,1091,0,110,1198,0,110,1198,0.699750,0.027500,0.272750,0.000000,0.027500,0.299500,0.000000,0.027500,0.299500,4000
#21,8,21_seed008,1-1000,1,1000,1000,attention,635,33,332,1,32,352,1,32,352,0.635000,0.033000,0.332000,0.001000,0.032000,0.352000,0.001000,0.032000,0.352000,1000
#21,8,21_seed008,1-5000,1,5000,5000,attention,3332,146,1522,1,145,1558,1,145,1558,0.666400,0.029200,0.304400,0.000200,0.029000,0.311600,0.000200,0.029000,0.311600,5000
#21,8,21_seed008,1001-5000,1001,5000,4000,attention,2697,113,1190,0,113,1206,0,113,1206,0.674250,0.028250,0.297500,0.000000,0.028250,0.301500,0.000000,0.028250,0.301500,4000
#21,9,21_seed009,1-1000,1,1000,1000,attention,680,24,296,4,20,304,4,20,304,0.680000,0.024000,0.296000,0.004000,0.020000,0.304000,0.004000,0.020000,0.304000,1000
#21,9,21_seed009,1-5000,1,5000,5000,attention,3485,123,1392,4,119,1499,4,119,1499,0.697000,0.024600,0.278400,0.000800,0.023800,0.299800,0.000800,0.023800,0.299800,5000
#21,9,21_seed009,1001-5000,1001,5000,4000,attention,2805,99,1096,0,99,1195,0,99,1195,0.701250,0.024750,0.274000,0.000000,0.024750,0.298750,0.000000,0.024750,0.298750,4000
#21,10,21_seed010,1-1000,1,1000,1000,attention,616,53,331,0,53,350,0,53,350,0.616000,0.053000,0.331000,0.000000,0.053000,0.350000,0.000000,0.053000,0.350000,1000
#21,10,21_seed010,1-5000,1,5000,5000,attention,3319,67,1614,0,67,1563,0,67,1563,0.663800,0.013400,0.322800,0.000000,0.013400,0.312600,0.000000,0.013400,0.312600,5000
#21,10,21_seed010,1001-5000,1001,5000,4000,attention,2703,14,1283,0,14,1213,0,14,1213,0.675750,0.003500,0.320750,0.000000,0.003500,0.303250,0.000000,0.003500,0.303250,4000
#21b,1,21b_seed001,1-1000,1,1000,1000,attention,629,1,370,0,1,300,0,1,300,0.629000,0.001000,0.370000,0.000000,0.001000,0.300000,0.000000,0.001000,0.300000,1000
#21b,1,21b_seed001,1-5000,1,5000,5000,attention,3240,1,1759,0,1,1404,0,1,1404,0.648000,0.000200,0.351800,0.000000,0.000200,0.280800,0.000000,0.000200,0.280800,5000
#21b,1,21b_seed001,1001-5000,1001,5000,4000,attention,2611,0,1389,0,0,1104,0,0,1104,0.652750,0.000000,0.347250,0.000000,0.000000,0.276000,0.000000,0.000000,0.276000,4000
#21b,2,21b_seed002,1-1000,1,1000,1000,attention,645,1,354,1,0,305,1,0,304,0.645000,0.001000,0.354000,0.001000,0.000000,0.305000,0.001000,0.000000,0.304000,999
#21b,2,21b_seed002,1-5000,1,5000,5000,attention,3336,1,1663,1,0,1406,1,0,1405,0.667200,0.000200,0.332600,0.000200,0.000000,0.281200,0.000200,0.000000,0.281000,4999
#21b,2,21b_seed002,1001-5000,1001,5000,4000,attention,2691,0,1309,0,0,1101,0,0,1101,0.672750,0.000000,0.327250,0.000000,0.000000,0.275250,0.000000,0.000000,0.275250,4000
#21b,3,21b_seed003,1-1000,1,1000,1000,attention,677,8,315,1,7,295,1,7,294,0.677000,0.008000,0.315000,0.001000,0.007000,0.295000,0.001000,0.007000,0.294000,999
#21b,3,21b_seed003,1-5000,1,5000,5000,attention,3375,8,1617,1,7,1423,1,7,1422,0.675000,0.001600,0.323400,0.000200,0.001400,0.284600,0.000200,0.001400,0.284400,4999
#21b,3,21b_seed003,1001-5000,1001,5000,4000,attention,2698,0,1302,0,0,1128,0,0,1128,0.674500,0.000000,0.325500,0.000000,0.000000,0.282000,0.000000,0.000000,0.282000,4000
#21b,5,21b_seed005,1-1000,1,1000,1000,attention,690,21,289,1,20,298,1,20,297,0.690000,0.021000,0.289000,0.001000,0.020000,0.298000,0.001000,0.020000,0.297000,999
#21b,5,21b_seed005,1-5000,1,5000,5000,attention,3530,22,1448,1,21,1371,1,21,1370,0.706000,0.004400,0.289600,0.000200,0.004200,0.274200,0.000200,0.004200,0.274000,4999
#21b,5,21b_seed005,1001-5000,1001,5000,4000,attention,2840,1,1159,0,1,1073,0,1,1073,0.710000,0.000250,0.289750,0.000000,0.000250,0.268250,0.000000,0.000250,0.268250,4000
#21b,6,21b_seed006,1-1000,1,1000,1000,attention,668,13,319,5,8,294,5,8,283,0.668000,0.013000,0.319000,0.005000,0.008000,0.294000,0.005000,0.008000,0.283000,989
#21b,6,21b_seed006,1-5000,1,5000,5000,attention,3562,32,1406,7,25,1391,8,24,1379,0.712400,0.006400,0.281200,0.001400,0.005000,0.278200,0.001600,0.004800,0.275800,4988
#21b,6,21b_seed006,1001-5000,1001,5000,4000,attention,2894,19,1087,2,17,1097,3,16,1096,0.723500,0.004750,0.271750,0.000500,0.004250,0.274250,0.000750,0.004000,0.274000,3999
#21b,8,21b_seed008,1-1000,1,1000,1000,attention,660,12,328,4,8,330,4,8,330,0.660000,0.012000,0.328000,0.004000,0.008000,0.330000,0.004000,0.008000,0.330000,1000
#21b,8,21b_seed008,1-5000,1,5000,5000,attention,3544,12,1444,4,8,1444,4,8,1444,0.708800,0.002400,0.288800,0.000800,0.001600,0.288800,0.000800,0.001600,0.288800,5000
#21b,8,21b_seed008,1001-5000,1001,5000,4000,attention,2884,0,1116,0,0,1114,0,0,1114,0.721000,0.000000,0.279000,0.000000,0.000000,0.278500,0.000000,0.000000,0.278500,4000
