attention/f0.5000_th2.1000_vt0.3842_first_order/seed019.jsonl.gz	33671056	16b3a7b7c5b6fc9820b953db3acfd4e3a5a993b8040d538553d85b0a78354d23
attention/f0.5000_th2.1000_vt0.3842_first_order/seed019.jsonl.gz.summary.json	2932	a844a76a25ec0b194bb1eb6547dd081198afbcb82cc9329241619af12d73ca57
evictions/f0.5000_th2.1000_vt0.3842_first_order/seed019.keys.jsonl.gz	101699999	768e320aee802c272d0fd57172df1aebe0bbba281c65c155a1823d5bce849eec
evictions/f0.5000_th2.1000_vt0.3842_first_order/seed019.keys.jsonl.gz.summary.json	285	7ff7fa752c48132e68cbc12f1a51e2949280ab7e9e4cafeac56f03f18089de99
flag.json	1944	539c6fcfb05685f5ab5361aeabe8dd2dc819670fb13cbbcd976b3588f637a2a4
ledgers/cells/f0.5000_th2.1000_vt0.3842_first_order/seed019.done	586	ba4364d5dbb864a0b14548adfaae4dc3b3e7f268684db6b6af0daba23575dd50
ledgers/cells/f0.5000_th2.1000_vt0.3842_first_order/seed019.jsonl.gz	89790003	6cf9103976016aead657816827aba9524c23a0c79f7e771e0aa033c0d1320ed3
manifest.jsonl	17839	7174237043091ceea27385f734a24175e8d82a4bb4827c33087e6fb82ea1fb6d
side/f0.5000_th2.1000_vt0.3842_first_order/seed019.answers.csv	445422	a0abeed6c211b6fa353c821528f9d215c6c131c79d670c12fff08f4c1f638922
side/f0.5000_th2.1000_vt0.3842_first_order/seed019.jsonl	13452342	0595842011ba9652e7718844d419f1fa1fa200f37b1b4c1dc75b61aac99cafe7
side/f0.5000_th2.1000_vt0.3842_first_order/seed019.routing.jsonl	14137468	53a74e56cfd02eabf23360ab31b5a1a30c5fce4f368b947791d7dda9f64b52a0
side/f0.5000_th2.1000_vt0.3842_first_order/seed019.shop.jsonl	30109	40f3e48ee91cd321d624966915fe566f284dbecb79bc2791169fb287e8787692
side/f0.5000_th2.1000_vt0.3842_first_order/seed019.sme.jsonl.gz	286964257	31d17deff99cbc6aa0bc867a90c7acf686215681a67d4482e7da152371cbabfa
side/f0.5000_th2.1000_vt0.3842_first_order/seed019.sme.states.jsonl.gz	650152111	454c59430f99fb235a9224bd181a6e3527a9cb280d7952d3389301b4050f6b59
stage2/f0.5000_th2.1000_vt0.3842_first_order/seed019.jsonl.gz	4256598	528adc1e118719d78a18d237dc0158adf53199172d0f856cac91c8049639649c
stage2/f0.5000_th2.1000_vt0.3842_first_order/seed019.jsonl.gz.initial.jsonl.gz	339637	6acdd80c0c74aa067d8df82c4ebccce3d12a6e3cea5660f23f92030a4e18a16a
stage2/f0.5000_th2.1000_vt0.3842_first_order/seed019.jsonl.gz.rematch.jsonl.gz	4754837	07d579eff96ababa5aba280f34aaf4974606ff2b97406008ceccbfa36927ab51
stage2/f0.5000_th2.1000_vt0.3842_first_order/seed019.jsonl.gz.rematch.summary.json	755	8746328a014c8f226d5d27e12b4bbc1d4d42b6e8823e97bb6d65033f362af440
stage2/f0.5000_th2.1000_vt0.3842_first_order/seed019.jsonl.gz.summary.json	1055	94e8336630f47b159195d94123af3e2bb5fa1f6c76a7dde4db80c14f26b8de20
