original_line,trial,completed_trial,definition_name,definitions_after_trial,seconds,virtual_questions,evaluated_questions,thinned_seats,seconds_per_virtual_question,original_row_sha256
1,1,2,R_1ef685181cc6e8bc,1,1.697133667068556,19,19,266,0.08932282458255558,e6491cd8c3c9b65e182b46a95143e7064e63f5edefb69b971e20bf12dca31417
2,2,3,R_ee7c2b655278f76e,2,5.520095582935028,19,19,418,0.29053134647026463,6d69f2dce111d384f6fa3ca72e26244a8834bcbd8db0a48d2e6fa28d65059a0b
3,3,4,R_9e2f91b2bcd337cb,2,5.518036541994661,20,20,280,0.27590182709973304,6db0c1d1161eb6826a0e93a988a8c0ba88b49abb3c1ba3f3643a820f0735b764
4,4,5,R_bcf666590e83a6f5,3,10.676171875093132,19,19,418,0.5619037828996385,b80ed423d6d05c9356457ee40f578124069a7107378737ae8f0478814e66c39d
5,5,6,R_bcf666590e83a6f5_t5,4,18.64493687497452,21,21,462,0.8878541369035485,abc2488ec7276be568bfc965a6aab8bf0de29450dd09a1b8b911b3cbad67defa
6,6,7,R_4d630c66e285d4cd,5,39.742276833043434,21,21,672,1.8924893730020682,613139814fe825e10de87349b9358e67e09600fe64a7da00b825ec74951eb07f
7,8,9,R_bcf666590e83a6f5_t8,6,29.926144207944162,20,20,440,1.4963072103972082,8d61ae644d6551ea3b2e7e183c40491a92ee3fa13471c2590ae0a1483cccf459
8,9,10,R_9c298b5457509a5b,7,43.011292207986116,21,21,462,2.0481567718088627,22d05aa738392551d36db19d478beb1d165e9f5e941187d47c73e0c1d944cb74
9,11,12,R_f5658eef5b9e2151,8,54.994955166010186,20,20,560,2.749747758300509,7b03e4be0d5280614ea6a6bc58ff6c402a4a85ed123e9898c8b6a9b3d1c1a764
10,12,13,R_6ad3f6cbe0beb4ae,9,85.77554699999746,21,21,672,4.084549857142736,ab59a59ac633c370459c76cb82355e58d5774d601620b626d2db2a0e337fbc1a
11,20,21,R_caca9a2623299525,10,108.09829758305568,21,21,714,5.147537980145509,1e325465f00b632a74b68b0b217c1f9e71d70d47dc29e874f4e2c1c06cffcf64
12,29,30,R_dace965cad3c67e4,11,87.41313662508037,20,20,600,4.370656831254019,dce137354fb2bc1924be94b7527fbb806c4aaf96f35fd3fe1b163ff30407f66d
13,47,48,R_f50a81553d87a4f8,12,110.25761470803991,19,19,646,5.803032353054732,4985fe63117215151bc7321af73b5939dffb736088ea4a7e65c2ebbd7e61f428
14,57,58,R_36d13c1dbcceca29,13,112.65024204202928,19,19,608,5.928960107475225,d0becab2078402af8087088be2fa0a3f8091d4f268345a17b4f147bb030febf7
15,77,78,R_16a267f0fdd62808,14,133.18770391703583,19,19,608,7.0098791535282015,9e076a441172800b15c44f2b4aade67f6496941e85c81593102b8a8abeac8dae
17,97,98,R_dace965cad3c67e4_t97,15,163.430273749982,21,21,630,7.782393988094381,6d2386f0cacc4723840bdb7ef9449ca01edf337b570232ea7af7a556f7a53186
23,147,148,R_d2887f265a249521,16,175.5118462499231,20,20,680,8.775592312496155,1d4c8d8d8c0cdf0313301a6699cfba15ce91482c6743b50c877805e17ef7102f
26,165,166,R_ebae61390ae7eab6,17,218.40507162502035,21,21,714,10.40024150595335,f43cf029b4f6d374d76c56db68cbaaa4dfe7a80d8e830a96654cdf80f8c054ce
30,209,210,R_6cb333476d29dfb6,18,234.43165629194118,20,20,680,11.72158281459706,3c3c795466a93b3380b43c4d265be722ca56e20a3326cff668558b7ad8e1d10d
38,239,240,R_7a0b61c2a08cd43b,18,261.9726610840298,21,21,672,12.47488862304904,775575ff61adc8e87b21250d8f075cc85b03aaafe88e1ad78d22bbe964ab87e6
45,278,279,R_4513933e45aa9f89,18,231.64805499999784,19,19,608,12.192002894736728,39e96ff813a11bd8f5990016fe54bd21c1618422b3e12012a6ab7c7ce1ecfbb0
46,283,284,R_265ac419f0e62769,19,254.03201874997467,20,20,640,12.701600937498734,cb2a203030bcc0f100c4a5f67410abb6cb0eb7338bda61e0b7b0419d3655ee4b
48,288,289,R_eef9af63bbab1a94,20,309.16676491696853,21,21,672,14.722226900808025,7678d1da7d140a08b117138694c6334c53e57335ced51e7bcc92e7df49912a9e
52,325,326,R_382d625cd305f813,21,358.75972566602286,21,21,672,17.083796460286802,749275aaee33ffbc173bc644520e9e173a988595ed5dfe5b2491fc4529cf0ee2
69,353,354,R_3beb5cd451bbb4ca,22,430.230367665994,22,22,704,19.555925802999727,6ca9dd1e31194cbad4346b786899f4bf0048b2c09f6bca4f092a14559b88c5ec
97,397,398,R_910edb43fc39bab6,23,431.59047508297954,20,20,640,21.579523754148976,76fff775a07a49c025ddf2d2f1ee773714b8365c520866c520ef4ff52c094c6b
195,468,469,R_c7f7a09b59d3fe10,23,544.2368165419903,20,20,680,27.211840827099515,e370a29ac815d7333769b404117ecb8a1b9c6d0f1100b384bb1fc57d7cb7a995
250,526,527,R_6decfb4d3ffb5b2b,24,584.6505642080447,20,20,640,29.232528210402233,66405dd9393b2f2ac4c6c720cd1bf095435d008ad3904588dd6b2e8b4388e3a3
296,565,566,R_b0f6d09a42870a6e,25,710.2299138340168,21,21,672,33.82047208733413,91d06f43263a1abe2e7b2040220c36104781b6b65f9ddb473a86e7f73b6c18b8
374,626,627,R_f50a81553d87a4f8_t626,26,877.029195250012,21,21,714,41.763295011905335,b115a7c442952f4756f466643a891e55244f757c76d1b757a4c701e565dc2d50
382,638,639,R_2c2af451d1a87fda,27,812.4854681249708,20,20,680,40.62427340624854,3510362b245e65612509d20c04e1a48d5a56ee831e9677d7266e5b1e552b98f0
383,642,643,R_598a5763007d8c3b,28,929.0964890000178,21,21,672,44.242689952381795,9deb87fcff93aa25d2fb9441376ac4f112b9a8d8e7090660a6a8e7e6afe7cb60
414,709,710,R_8f0565518263998a,29,1059.2215850000503,21,21,714,50.43912309524049,ee8221fd548200141f8a6ca34cbdc61fdc6a9d60f9c57d158210191183a01d92
420,719,720,R_f71b183c75bfffcf,30,901.6179807919543,19,19,608,47.45357793641865,919dd5496c36375733f72f155a9035da039a2bbbf2c8cfd4afeb9a522827d38e
423,757,758,R_ebae61390ae7eab6_t757,31,1209.4298080829903,21,21,714,57.59189562299954,15f9c6553cb7351fa7d4f158dee86c463c3c4f4036b86866abed20e1897abc51
424,776,777,R_f4ee8e34bf78eb10,32,1147.4859826249303,19,19,646,60.39399908552265,e4ffea3ed332133ec23edee251023e06684517bdcbacf375c9debb9ba5daaa13
441,817,818,R_41d8820f448e4041,33,1266.3276048329426,20,20,640,63.31638024164713,be60f3d2493326f71b4b30e173b95b8a2664dd26aa7602bf3bc385ef5cb5ece8
443,824,825,R_40fed761b52fb63e,34,1384.8684159578988,20,20,680,69.24342079789494,72b0cd764305f89ad8d865afb5ee0a7516faccf03fc688b9905b780f36b86d10
472,927,928,R_3690bbdd6bda99bb,35,10544.487924042041,19,19,646,554.9730486337917,93bc6f33c8a096578eec6043f80e192a9ff5b6c50d662aa904b7f343a100a18b
475,937,938,R_d2887f265a249521_t937,36,12962.129632832948,19,19,646,682.2173490964709,051623516009c8efbd14fde424d0ccbaafe06618fdaacc50aaa9932692ab163c
