first_completed_trial,last_completed_trial,definitions_first,definitions_last,definitions_min,definitions_max,definitions_mean,births,birth_seconds,birth_seconds_mean,virtual_questions,birth_seconds_per_virtual_question,disclosures,disclosure_seconds,disclosure_seconds_mean,thinned_seats,disclosure_seconds_per_thinned_seat
1,100,0,15,0,15,11.15,16,1010.5438585822703,63.158991161391896,320,3.157949558069595,53,375.4842105418211,7.084607746072096,7083,0.05301203028968249
101,200,15,17,15,17,15.88,2,393.91691787494346,196.95845893747173,41,9.607729704266914,60,4273.9997417457635,71.23332902909605,11237,0.3803506044091629
201,300,17,20,17,20,17.84,5,1291.251156042912,258.2502312085824,101,12.78466491131596,44,623.3079931237735,14.166090752813034,9255,0.06734824344935424
301,400,20,23,20,23,21.25,3,1220.5805684149964,406.8601894716655,63,19.374294736745973,54,1006.177432292141,18.632915412817425,13454,0.07478648969021413
401,500,23,23,22,23,22.45,1,544.2368165419903,544.2368165419903,20,27.211840827099515,58,1230.2175327066798,21.21064711563241,14801,0.08311719023759745
501,600,23,25,23,25,24.09,2,1294.8804780420614,647.4402390210307,41,31.582450683952718,60,1507.9665204229532,25.132775340382555,16045,0.09398357871130902
601,700,25,28,25,28,26.94,3,2618.6111523750005,872.8703841250002,62,42.23566374798388,43,1384.2505490008043,32.191873232576846,12903,0.10728129497022432
701,800,28,32,28,32,30.39,4,4317.755356499925,1079.4388391249813,80,53.97194195624907,47,1924.2013535811566,40.94045433151397,16098,0.11953046052808775
801,900,32,34,32,34,33.59,2,2651.1960207908414,1325.5980103954207,40,66.27990051977103,47,2594.8796545400983,55.21020541574677,17754,0.1461574661788948
901,1000,34,35,34,36,34.77,2,23506.61755687499,11753.308778437495,38,618.5951988651314,50,3163.7340726229595,63.27468145245919,19264,0.16423038167685627
