row,world,seed,run,version,measure,status,scope,day,tasks,selection_error,absent,wrong,distinction_loss
1a,2,1,wave1_1a_w2_s1_c792,c7921598,attention,ok,全課題,全日,1740,58,597,112,54
1a,2,1,wave1_1a_w2_s1_c792,c7921598,attention,ok,ドア課題,例外,33,14,6,16,2
1a,2,1,wave1_1a_w2_s1_c792,c7921598,replay,NA：再生を採用しない（errors_config_only・ledger_body_diff_rows_0・side_same・candidate_rows_all・manifest_world_seed_same が通らない）,全課題,全日,,,,,
1a,2,1,wave1_1a_w2_s1_c792,c7921598,replay,NA：再生を採用しない（errors_config_only・ledger_body_diff_rows_0・side_same・candidate_rows_all・manifest_world_seed_same が通らない）,ドア課題,例外,,,,,
1a,2,2,wave1_1a_w2_s2_c792,c7921598,attention,ok,全課題,全日,1740,22,522,24,2
1a,2,2,wave1_1a_w2_s2_c792,c7921598,attention,ok,ドア課題,例外,34,20,1,21,1
1a,2,2,wave1_1a_w2_s2_c792,c7921598,replay,NA：再生を採用しない（errors_config_only・ledger_body_diff_rows_0・side_same・candidate_rows_all・manifest_world_seed_same が通らない）,全課題,全日,,,,,
1a,2,2,wave1_1a_w2_s2_c792,c7921598,replay,NA：再生を採用しない（errors_config_only・ledger_body_diff_rows_0・side_same・candidate_rows_all・manifest_world_seed_same が通らない）,ドア課題,例外,,,,,
1a,2,3,wave1_1a_w2_s3_c792,c7921598,attention,ok,全課題,全日,1740,12,648,70,58
1a,2,3,wave1_1a_w2_s3_c792,c7921598,attention,ok,ドア課題,例外,33,3,2,4,1
1a,2,3,wave1_1a_w2_s3_c792,c7921598,replay,NA：再生を採用しない（errors_config_only・ledger_body_diff_rows_0・side_same・candidate_rows_all・manifest_world_seed_same が通らない）,全課題,全日,,,,,
1a,2,3,wave1_1a_w2_s3_c792,c7921598,replay,NA：再生を採用しない（errors_config_only・ledger_body_diff_rows_0・side_same・candidate_rows_all・manifest_world_seed_same が通らない）,ドア課題,例外,,,,,
