row,world,seed,run,version,check,ok,detail
1a,2,1,wave1_1a_w2_s1_c792,c7921598,side の birth/assim と v310be の chosen・reg,True,
1a,2,1,wave1_1a_w2_s1_c792,c7921598,台帳の状態の sha256（agent_state_snapshot_hash）,True,0:True;300:True;500:True;1000:True;1500:True;1739:True
1a,2,1,wave1_1a_w2_s1_c792,c7921598,シールの席の状態：台帳から戻した記憶 対 shop.jsonl（毎試行）,True,合わない試行 0
1a,2,1,wave1_1a_w2_s1_c792,c7921598,シールの席が shop.jsonl に無い定義（情報：シールの関係を持たない定義）,情報,1 定義：R_beb6d0d0aa09b5d2@3
1a,2,1,wave1_1a_w2_s1_c792,c7921598,シールの席が二つ以上の定義,True,
1a,2,1,wave1_1a_w2_s1_c792,c7921598,注意の記録の候補の seal 対 戻した記憶（t−1 の終わり）,True,照らした 506、同じ 506；
1a,2,1,wave1_1a_w2_s1_c792,c7921598,注意の記録の候補の数＝記憶の定義の数（t−1 の終わり）,True,違う試行 0
1a,2,2,wave1_1a_w2_s2_c792,c7921598,side の birth/assim と v310be の chosen・reg,True,
1a,2,2,wave1_1a_w2_s2_c792,c7921598,台帳の状態の sha256（agent_state_snapshot_hash）,True,0:True;300:True;500:True;1000:True;1500:True;1739:True
1a,2,2,wave1_1a_w2_s2_c792,c7921598,シールの席の状態：台帳から戻した記憶 対 shop.jsonl（毎試行）,True,合わない試行 0
1a,2,2,wave1_1a_w2_s2_c792,c7921598,シールの席が shop.jsonl に無い定義（情報：シールの関係を持たない定義）,情報,1 定義：R_82f809d6af1f29a1@5
1a,2,2,wave1_1a_w2_s2_c792,c7921598,シールの席が二つ以上の定義,True,
1a,2,2,wave1_1a_w2_s2_c792,c7921598,注意の記録の候補の seal 対 戻した記憶（t−1 の終わり）,True,照らした 528、同じ 528；
1a,2,2,wave1_1a_w2_s2_c792,c7921598,注意の記録の候補の数＝記憶の定義の数（t−1 の終わり）,True,違う試行 0
1a,2,3,wave1_1a_w2_s3_c792,c7921598,side の birth/assim と v310be の chosen・reg,True,
1a,2,3,wave1_1a_w2_s3_c792,c7921598,台帳の状態の sha256（agent_state_snapshot_hash）,True,0:True;300:True;500:True;1000:True;1500:True;1739:True
1a,2,3,wave1_1a_w2_s3_c792,c7921598,シールの席の状態：台帳から戻した記憶 対 shop.jsonl（毎試行）,True,合わない試行 0
1a,2,3,wave1_1a_w2_s3_c792,c7921598,シールの席が shop.jsonl に無い定義（情報：シールの関係を持たない定義）,情報,2 定義：R_beb6d0d0aa09b5d2@1;R_283c7bfbc223256d@3
1a,2,3,wave1_1a_w2_s3_c792,c7921598,シールの席が二つ以上の定義,True,
1a,2,3,wave1_1a_w2_s3_c792,c7921598,注意の記録の候補の seal 対 戻した記憶（t−1 の終わり）,True,照らした 375、同じ 375；
1a,2,3,wave1_1a_w2_s3_c792,c7921598,注意の記録の候補の数＝記憶の定義の数（t−1 の終わり）,True,違う試行 0
1a,2,4,wave1_1a_w2_s4_c792,c7921598,side の birth/assim と v310be の chosen・reg,True,
1a,2,4,wave1_1a_w2_s4_c792,c7921598,台帳の状態の sha256（agent_state_snapshot_hash）,True,0:True;300:True;500:True;1000:True;1500:True;1739:True
1a,2,4,wave1_1a_w2_s4_c792,c7921598,シールの席の状態：台帳から戻した記憶 対 shop.jsonl（毎試行）,True,合わない試行 0
1a,2,4,wave1_1a_w2_s4_c792,c7921598,シールの席が shop.jsonl に無い定義（情報：シールの関係を持たない定義）,情報,2 定義：R_54de7b22a6939938@2;R_3f7921675bb4135f@553
1a,2,4,wave1_1a_w2_s4_c792,c7921598,シールの席が二つ以上の定義,True,
1a,2,4,wave1_1a_w2_s4_c792,c7921598,注意の記録の候補の seal 対 戻した記憶（t−1 の終わり）,True,照らした 547、同じ 547；
1a,2,4,wave1_1a_w2_s4_c792,c7921598,注意の記録の候補の数＝記憶の定義の数（t−1 の終わり）,True,違う試行 0
1a,2,5,wave1_1a_w2_s5_c792,c7921598,side の birth/assim と v310be の chosen・reg,True,
1a,2,5,wave1_1a_w2_s5_c792,c7921598,台帳の状態の sha256（agent_state_snapshot_hash）,True,0:True;300:True;500:True;1000:True;1500:True;1739:True
1a,2,5,wave1_1a_w2_s5_c792,c7921598,シールの席の状態：台帳から戻した記憶 対 shop.jsonl（毎試行）,True,合わない試行 0
1a,2,5,wave1_1a_w2_s5_c792,c7921598,シールの席が shop.jsonl に無い定義（情報：シールの関係を持たない定義）,情報,1 定義：R_d91401a4b93b7a90@3
1a,2,5,wave1_1a_w2_s5_c792,c7921598,シールの席が二つ以上の定義,True,
1a,2,5,wave1_1a_w2_s5_c792,c7921598,注意の記録の候補の seal 対 戻した記憶（t−1 の終わり）,True,照らした 792、同じ 792；
1a,2,5,wave1_1a_w2_s5_c792,c7921598,注意の記録の候補の数＝記憶の定義の数（t−1 の終わり）,True,違う試行 0
1a,2,6,wave1_1a_w2_s6_c792,c7921598,side の birth/assim と v310be の chosen・reg,True,
1a,2,6,wave1_1a_w2_s6_c792,c7921598,台帳の状態の sha256（agent_state_snapshot_hash）,True,0:True;300:True;500:True;1000:True;1500:True;1739:True
1a,2,6,wave1_1a_w2_s6_c792,c7921598,シールの席の状態：台帳から戻した記憶 対 shop.jsonl（毎試行）,True,合わない試行 0
1a,2,6,wave1_1a_w2_s6_c792,c7921598,シールの席が shop.jsonl に無い定義（情報：シールの関係を持たない定義）,情報,2 定義：R_c9218d4e01f32519@1;R_640f78802f991c15@3
1a,2,6,wave1_1a_w2_s6_c792,c7921598,シールの席が二つ以上の定義,True,
1a,2,6,wave1_1a_w2_s6_c792,c7921598,注意の記録の候補の seal 対 戻した記憶（t−1 の終わり）,True,照らした 616、同じ 616；
1a,2,6,wave1_1a_w2_s6_c792,c7921598,注意の記録の候補の数＝記憶の定義の数（t−1 の終わり）,True,違う試行 0
1a,2,7,wave1_1a_w2_s7_c792,c7921598,side の birth/assim と v310be の chosen・reg,True,
1a,2,7,wave1_1a_w2_s7_c792,c7921598,台帳の状態の sha256（agent_state_snapshot_hash）,True,0:True;300:True;500:True;1000:True;1500:True;1739:True
1a,2,7,wave1_1a_w2_s7_c792,c7921598,シールの席の状態：台帳から戻した記憶 対 shop.jsonl（毎試行）,True,合わない試行 0
1a,2,7,wave1_1a_w2_s7_c792,c7921598,シールの席が shop.jsonl に無い定義（情報：シールの関係を持たない定義）,情報,2 定義：R_f987002d54ba9a55@12;R_f987002d54ba9a55_t25@25
1a,2,7,wave1_1a_w2_s7_c792,c7921598,シールの席が二つ以上の定義,True,
1a,2,7,wave1_1a_w2_s7_c792,c7921598,注意の記録の候補の seal 対 戻した記憶（t−1 の終わり）,True,照らした 978、同じ 978；
1a,2,7,wave1_1a_w2_s7_c792,c7921598,注意の記録の候補の数＝記憶の定義の数（t−1 の終わり）,True,違う試行 0
1a,2,8,wave1_1a_w2_s8_c792,c7921598,side の birth/assim と v310be の chosen・reg,True,
1a,2,8,wave1_1a_w2_s8_c792,c7921598,台帳の状態の sha256（agent_state_snapshot_hash）,True,0:True;300:True;500:True;1000:True;1500:True;1739:True
1a,2,8,wave1_1a_w2_s8_c792,c7921598,シールの席の状態：台帳から戻した記憶 対 shop.jsonl（毎試行）,True,合わない試行 0
1a,2,8,wave1_1a_w2_s8_c792,c7921598,シールの席が shop.jsonl に無い定義（情報：シールの関係を持たない定義）,情報,4 定義：R_c9218d4e01f32519@1;R_6216dd55fa7c0539@2;R_bcf666590e83a6f5@300;R_01d42b9c039a3e51@613
1a,2,8,wave1_1a_w2_s8_c792,c7921598,シールの席が二つ以上の定義,True,
1a,2,8,wave1_1a_w2_s8_c792,c7921598,注意の記録の候補の seal 対 戻した記憶（t−1 の終わり）,True,照らした 820、同じ 820；
1a,2,8,wave1_1a_w2_s8_c792,c7921598,注意の記録の候補の数＝記憶の定義の数（t−1 の終わり）,True,違う試行 0
1a,2,9,wave1_1a_w2_s9_c792,c7921598,side の birth/assim と v310be の chosen・reg,True,
1a,2,9,wave1_1a_w2_s9_c792,c7921598,台帳の状態の sha256（agent_state_snapshot_hash）,True,0:True;300:True;500:True;1000:True;1500:True;1739:True
1a,2,9,wave1_1a_w2_s9_c792,c7921598,シールの席の状態：台帳から戻した記憶 対 shop.jsonl（毎試行）,True,合わない試行 0
1a,2,9,wave1_1a_w2_s9_c792,c7921598,シールの席が shop.jsonl に無い定義（情報：シールの関係を持たない定義）,情報,1 定義：R_d91401a4b93b7a90@8
1a,2,9,wave1_1a_w2_s9_c792,c7921598,シールの席が二つ以上の定義,True,
1a,2,9,wave1_1a_w2_s9_c792,c7921598,注意の記録の候補の seal 対 戻した記憶（t−1 の終わり）,True,照らした 448、同じ 448；
1a,2,9,wave1_1a_w2_s9_c792,c7921598,注意の記録の候補の数＝記憶の定義の数（t−1 の終わり）,True,違う試行 0
1a,2,10,wave1_1a_w2_s10_c792,c7921598,side の birth/assim と v310be の chosen・reg,True,
1a,2,10,wave1_1a_w2_s10_c792,c7921598,台帳の状態の sha256（agent_state_snapshot_hash）,True,0:True;300:True;500:True;1000:True;1500:True;1739:True
1a,2,10,wave1_1a_w2_s10_c792,c7921598,シールの席の状態：台帳から戻した記憶 対 shop.jsonl（毎試行）,True,合わない試行 0
1a,2,10,wave1_1a_w2_s10_c792,c7921598,シールの席が shop.jsonl に無い定義（情報：シールの関係を持たない定義）,情報,4 定義：R_c9218d4e01f32519@239;R_bcf666590e83a6f5@283;R_bcf666590e83a6f5_t329@329;R_bcf666590e83a6f5_t339@339
1a,2,10,wave1_1a_w2_s10_c792,c7921598,シールの席が二つ以上の定義,True,
1a,2,10,wave1_1a_w2_s10_c792,c7921598,注意の記録の候補の seal 対 戻した記憶（t−1 の終わり）,True,照らした 817、同じ 817；
1a,2,10,wave1_1a_w2_s10_c792,c7921598,注意の記録の候補の数＝記憶の定義の数（t−1 の終わり）,True,違う試行 0
1b,2,11,wave1_1b_w2_s11_c792,c7921598,side の birth/assim と v310be の chosen・reg,True,
1b,2,11,wave1_1b_w2_s11_c792,c7921598,台帳の状態の sha256（agent_state_snapshot_hash）,True,0:True;300:True;500:True;1000:True;1500:True;1739:True
1b,2,11,wave1_1b_w2_s11_c792,c7921598,シールの席の状態：台帳から戻した記憶 対 shop.jsonl（毎試行）,True,合わない試行 0
1b,2,11,wave1_1b_w2_s11_c792,c7921598,シールの席が shop.jsonl に無い定義（情報：シールの関係を持たない定義）,情報,2 定義：R_4ff33e93d9e8f80d@10;R_bcf666590e83a6f5@22
1b,2,11,wave1_1b_w2_s11_c792,c7921598,シールの席が二つ以上の定義,True,
1b,2,11,wave1_1b_w2_s11_c792,c7921598,注意の記録の候補の seal 対 戻した記憶（t−1 の終わり）,True,照らした 945、同じ 945；
1b,2,11,wave1_1b_w2_s11_c792,c7921598,注意の記録の候補の数＝記憶の定義の数（t−1 の終わり）,True,違う試行 0
1b,2,12,wave1_1b_w2_s12_c792,c7921598,side の birth/assim と v310be の chosen・reg,True,
1b,2,12,wave1_1b_w2_s12_c792,c7921598,台帳の状態の sha256（agent_state_snapshot_hash）,True,0:True;300:True;500:True;1000:True;1500:True;1739:True
1b,2,12,wave1_1b_w2_s12_c792,c7921598,シールの席の状態：台帳から戻した記憶 対 shop.jsonl（毎試行）,True,合わない試行 0
1b,2,12,wave1_1b_w2_s12_c792,c7921598,シールの席が shop.jsonl に無い定義（情報：シールの関係を持たない定義）,情報,1 定義：R_c3b1a2a59237c4c7@5
1b,2,12,wave1_1b_w2_s12_c792,c7921598,シールの席が二つ以上の定義,True,
1b,2,12,wave1_1b_w2_s12_c792,c7921598,注意の記録の候補の seal 対 戻した記憶（t−1 の終わり）,True,照らした 854、同じ 854；
1b,2,12,wave1_1b_w2_s12_c792,c7921598,注意の記録の候補の数＝記憶の定義の数（t−1 の終わり）,True,違う試行 0
1b,2,13,wave1_1b_w2_s13_c792,c7921598,side の birth/assim と v310be の chosen・reg,True,
1b,2,13,wave1_1b_w2_s13_c792,c7921598,台帳の状態の sha256（agent_state_snapshot_hash）,True,0:True;300:True;500:True;1000:True;1500:True;1739:True
1b,2,13,wave1_1b_w2_s13_c792,c7921598,シールの席の状態：台帳から戻した記憶 対 shop.jsonl（毎試行）,True,合わない試行 0
1b,2,13,wave1_1b_w2_s13_c792,c7921598,シールの席が shop.jsonl に無い定義（情報：シールの関係を持たない定義）,情報,0 定義：
1b,2,13,wave1_1b_w2_s13_c792,c7921598,シールの席が二つ以上の定義,True,
1b,2,13,wave1_1b_w2_s13_c792,c7921598,注意の記録の候補の seal 対 戻した記憶（t−1 の終わり）,True,照らした 395、同じ 395；
1b,2,13,wave1_1b_w2_s13_c792,c7921598,注意の記録の候補の数＝記憶の定義の数（t−1 の終わり）,True,違う試行 0
1b,2,14,wave1_1b_w2_s14_c792,c7921598,side の birth/assim と v310be の chosen・reg,True,
1b,2,14,wave1_1b_w2_s14_c792,c7921598,台帳の状態の sha256（agent_state_snapshot_hash）,True,0:True;300:True;500:True;1000:True;1500:True;1739:True
1b,2,14,wave1_1b_w2_s14_c792,c7921598,シールの席の状態：台帳から戻した記憶 対 shop.jsonl（毎試行）,True,合わない試行 0
1b,2,14,wave1_1b_w2_s14_c792,c7921598,シールの席が shop.jsonl に無い定義（情報：シールの関係を持たない定義）,情報,1 定義：R_bcf666590e83a6f5@2
1b,2,14,wave1_1b_w2_s14_c792,c7921598,シールの席が二つ以上の定義,True,
1b,2,14,wave1_1b_w2_s14_c792,c7921598,注意の記録の候補の seal 対 戻した記憶（t−1 の終わり）,True,照らした 985、同じ 985；
1b,2,14,wave1_1b_w2_s14_c792,c7921598,注意の記録の候補の数＝記憶の定義の数（t−1 の終わり）,True,違う試行 0
1b,2,15,wave1_1b_w2_s15_c792,c7921598,side の birth/assim と v310be の chosen・reg,True,
1b,2,15,wave1_1b_w2_s15_c792,c7921598,台帳の状態の sha256（agent_state_snapshot_hash）,True,0:True;300:True;500:True;1000:True;1500:True;1739:True
1b,2,15,wave1_1b_w2_s15_c792,c7921598,シールの席の状態：台帳から戻した記憶 対 shop.jsonl（毎試行）,True,合わない試行 0
1b,2,15,wave1_1b_w2_s15_c792,c7921598,シールの席が shop.jsonl に無い定義（情報：シールの関係を持たない定義）,情報,3 定義：R_c9218d4e01f32519@1;R_54de7b22a6939938@3;R_00041aa427a77ff0@769
1b,2,15,wave1_1b_w2_s15_c792,c7921598,シールの席が二つ以上の定義,True,
1b,2,15,wave1_1b_w2_s15_c792,c7921598,注意の記録の候補の seal 対 戻した記憶（t−1 の終わり）,True,照らした 563、同じ 563；
1b,2,15,wave1_1b_w2_s15_c792,c7921598,注意の記録の候補の数＝記憶の定義の数（t−1 の終わり）,True,違う試行 0
1b,2,16,wave1_1b_w2_s16_c792,c7921598,side の birth/assim と v310be の chosen・reg,True,
1b,2,16,wave1_1b_w2_s16_c792,c7921598,台帳の状態の sha256（agent_state_snapshot_hash）,True,0:True;300:True;500:True;1000:True;1500:True;1739:True
1b,2,16,wave1_1b_w2_s16_c792,c7921598,シールの席の状態：台帳から戻した記憶 対 shop.jsonl（毎試行）,True,合わない試行 0
1b,2,16,wave1_1b_w2_s16_c792,c7921598,シールの席が shop.jsonl に無い定義（情報：シールの関係を持たない定義）,情報,1 定義：R_beb6d0d0aa09b5d2@7
1b,2,16,wave1_1b_w2_s16_c792,c7921598,シールの席が二つ以上の定義,True,
1b,2,16,wave1_1b_w2_s16_c792,c7921598,注意の記録の候補の seal 対 戻した記憶（t−1 の終わり）,True,照らした 461、同じ 461；
1b,2,16,wave1_1b_w2_s16_c792,c7921598,注意の記録の候補の数＝記憶の定義の数（t−1 の終わり）,True,違う試行 0
1b,2,17,wave1_1b_w2_s17_c792,c7921598,side の birth/assim と v310be の chosen・reg,True,
1b,2,17,wave1_1b_w2_s17_c792,c7921598,台帳の状態の sha256（agent_state_snapshot_hash）,True,0:True;300:True;500:True;1000:True;1500:True;1739:True
1b,2,17,wave1_1b_w2_s17_c792,c7921598,シールの席の状態：台帳から戻した記憶 対 shop.jsonl（毎試行）,True,合わない試行 0
1b,2,17,wave1_1b_w2_s17_c792,c7921598,シールの席が shop.jsonl に無い定義（情報：シールの関係を持たない定義）,情報,4 定義：R_beb6d0d0aa09b5d2@1;R_f987002d54ba9a55@3;R_00041aa427a77ff0@5;R_f5658eef5b9e2151@36
1b,2,17,wave1_1b_w2_s17_c792,c7921598,シールの席が二つ以上の定義,True,
1b,2,17,wave1_1b_w2_s17_c792,c7921598,注意の記録の候補の seal 対 戻した記憶（t−1 の終わり）,True,照らした 748、同じ 748；
1b,2,17,wave1_1b_w2_s17_c792,c7921598,注意の記録の候補の数＝記憶の定義の数（t−1 の終わり）,True,違う試行 0
1b,2,18,wave1_1b_w2_s18_c792,c7921598,side の birth/assim と v310be の chosen・reg,True,
1b,2,18,wave1_1b_w2_s18_c792,c7921598,台帳の状態の sha256（agent_state_snapshot_hash）,True,0:True;300:True;500:True;1000:True;1500:True;1739:True
1b,2,18,wave1_1b_w2_s18_c792,c7921598,シールの席の状態：台帳から戻した記憶 対 shop.jsonl（毎試行）,True,合わない試行 0
1b,2,18,wave1_1b_w2_s18_c792,c7921598,シールの席が shop.jsonl に無い定義（情報：シールの関係を持たない定義）,情報,3 定義：R_f899d0a371fb1f79@1;R_2bd86db69dbc76ad@4;R_beb6d0d0aa09b5d2@5
1b,2,18,wave1_1b_w2_s18_c792,c7921598,シールの席が二つ以上の定義,True,
1b,2,18,wave1_1b_w2_s18_c792,c7921598,注意の記録の候補の seal 対 戻した記憶（t−1 の終わり）,True,照らした 949、同じ 949；
1b,2,18,wave1_1b_w2_s18_c792,c7921598,注意の記録の候補の数＝記憶の定義の数（t−1 の終わり）,True,違う試行 0
1b,2,19,wave1_1b_w2_s19_c792,c7921598,side の birth/assim と v310be の chosen・reg,True,
1b,2,19,wave1_1b_w2_s19_c792,c7921598,台帳の状態の sha256（agent_state_snapshot_hash）,True,0:True;300:True;500:True;1000:True;1500:True;1739:True
1b,2,19,wave1_1b_w2_s19_c792,c7921598,シールの席の状態：台帳から戻した記憶 対 shop.jsonl（毎試行）,True,合わない試行 0
1b,2,19,wave1_1b_w2_s19_c792,c7921598,シールの席が shop.jsonl に無い定義（情報：シールの関係を持たない定義）,情報,2 定義：R_f987002d54ba9a55@5;R_f5658eef5b9e2151@24
1b,2,19,wave1_1b_w2_s19_c792,c7921598,シールの席が二つ以上の定義,True,
1b,2,19,wave1_1b_w2_s19_c792,c7921598,注意の記録の候補の seal 対 戻した記憶（t−1 の終わり）,True,照らした 593、同じ 593；
1b,2,19,wave1_1b_w2_s19_c792,c7921598,注意の記録の候補の数＝記憶の定義の数（t−1 の終わり）,True,違う試行 0
1b,2,20,wave1_1b_w2_s20_c792,c7921598,side の birth/assim と v310be の chosen・reg,True,
1b,2,20,wave1_1b_w2_s20_c792,c7921598,台帳の状態の sha256（agent_state_snapshot_hash）,True,0:True;300:True;500:True;1000:True;1500:True;1739:True
1b,2,20,wave1_1b_w2_s20_c792,c7921598,シールの席の状態：台帳から戻した記憶 対 shop.jsonl（毎試行）,True,合わない試行 0
1b,2,20,wave1_1b_w2_s20_c792,c7921598,シールの席が shop.jsonl に無い定義（情報：シールの関係を持たない定義）,情報,2 定義：R_611f798f37575ca0@4;R_d91401a4b93b7a90@5
1b,2,20,wave1_1b_w2_s20_c792,c7921598,シールの席が二つ以上の定義,True,
1b,2,20,wave1_1b_w2_s20_c792,c7921598,注意の記録の候補の seal 対 戻した記憶（t−1 の終わり）,True,照らした 494、同じ 494；
1b,2,20,wave1_1b_w2_s20_c792,c7921598,注意の記録の候補の数＝記憶の定義の数（t−1 の終わり）,True,違う試行 0
7a,2,1,wave1_7a_w2_s1,4ceadf63,side の birth/assim と v310be の chosen・reg,True,
7a,2,1,wave1_7a_w2_s1,4ceadf63,台帳の状態の sha256（agent_state_snapshot_hash）,True,0:True;300:True;500:True;1000:True;1500:True;1739:True
7a,2,1,wave1_7a_w2_s1,4ceadf63,シールの席の状態：台帳から戻した記憶 対 shop.jsonl（毎試行）,True,合わない試行 0
7a,2,1,wave1_7a_w2_s1,4ceadf63,シールの席が shop.jsonl に無い定義（情報：シールの関係を持たない定義）,情報,1 定義：R_beb6d0d0aa09b5d2@3
7a,2,1,wave1_7a_w2_s1,4ceadf63,シールの席が二つ以上の定義,True,
7a,2,1,wave1_7a_w2_s1,4ceadf63,注意の記録の候補の seal 対 戻した記憶（t−1 の終わり）,True,照らした 447、同じ 447；
7a,2,1,wave1_7a_w2_s1,4ceadf63,注意の記録の候補の数＝記憶の定義の数（t−1 の終わり）,True,違う試行 0
7a,2,2,wave1_7a_w2_s2,4ceadf63,side の birth/assim と v310be の chosen・reg,True,
7a,2,2,wave1_7a_w2_s2,4ceadf63,台帳の状態の sha256（agent_state_snapshot_hash）,True,0:True;300:True;500:True;1000:True;1500:True;1739:True
7a,2,2,wave1_7a_w2_s2,4ceadf63,シールの席の状態：台帳から戻した記憶 対 shop.jsonl（毎試行）,True,合わない試行 0
7a,2,2,wave1_7a_w2_s2,4ceadf63,シールの席が shop.jsonl に無い定義（情報：シールの関係を持たない定義）,情報,1 定義：R_82f809d6af1f29a1@5
7a,2,2,wave1_7a_w2_s2,4ceadf63,シールの席が二つ以上の定義,True,
7a,2,2,wave1_7a_w2_s2,4ceadf63,注意の記録の候補の seal 対 戻した記憶（t−1 の終わり）,True,照らした 467、同じ 467；
7a,2,2,wave1_7a_w2_s2,4ceadf63,注意の記録の候補の数＝記憶の定義の数（t−1 の終わり）,True,違う試行 0
7a,2,3,wave1_7a_w2_s3_c792,c7921598,side の birth/assim と v310be の chosen・reg,True,
7a,2,3,wave1_7a_w2_s3_c792,c7921598,台帳の状態の sha256（agent_state_snapshot_hash）,True,0:True;300:True;500:True;1000:True;1500:True;1739:True
7a,2,3,wave1_7a_w2_s3_c792,c7921598,シールの席の状態：台帳から戻した記憶 対 shop.jsonl（毎試行）,True,合わない試行 0
7a,2,3,wave1_7a_w2_s3_c792,c7921598,シールの席が shop.jsonl に無い定義（情報：シールの関係を持たない定義）,情報,2 定義：R_beb6d0d0aa09b5d2@1;R_283c7bfbc223256d@3
7a,2,3,wave1_7a_w2_s3_c792,c7921598,シールの席が二つ以上の定義,True,
7a,2,3,wave1_7a_w2_s3_c792,c7921598,注意の記録の候補の seal 対 戻した記憶（t−1 の終わり）,True,照らした 230、同じ 230；
7a,2,3,wave1_7a_w2_s3_c792,c7921598,注意の記録の候補の数＝記憶の定義の数（t−1 の終わり）,True,違う試行 0
7a,2,4,wave1_7a_w2_s4_c792,c7921598,side の birth/assim と v310be の chosen・reg,True,
7a,2,4,wave1_7a_w2_s4_c792,c7921598,台帳の状態の sha256（agent_state_snapshot_hash）,True,0:True;300:True;500:True;1000:True;1500:True;1739:True
7a,2,4,wave1_7a_w2_s4_c792,c7921598,シールの席の状態：台帳から戻した記憶 対 shop.jsonl（毎試行）,True,合わない試行 0
7a,2,4,wave1_7a_w2_s4_c792,c7921598,シールの席が shop.jsonl に無い定義（情報：シールの関係を持たない定義）,情報,1 定義：R_54de7b22a6939938@2
7a,2,4,wave1_7a_w2_s4_c792,c7921598,シールの席が二つ以上の定義,True,
7a,2,4,wave1_7a_w2_s4_c792,c7921598,注意の記録の候補の seal 対 戻した記憶（t−1 の終わり）,True,照らした 319、同じ 319；
7a,2,4,wave1_7a_w2_s4_c792,c7921598,注意の記録の候補の数＝記憶の定義の数（t−1 の終わり）,True,違う試行 0
7a,2,5,wave1_7a_w2_s5_c792,c7921598,side の birth/assim と v310be の chosen・reg,True,
7a,2,5,wave1_7a_w2_s5_c792,c7921598,台帳の状態の sha256（agent_state_snapshot_hash）,True,0:True;300:True;500:True;1000:True;1500:True;1739:True
7a,2,5,wave1_7a_w2_s5_c792,c7921598,シールの席の状態：台帳から戻した記憶 対 shop.jsonl（毎試行）,True,合わない試行 0
7a,2,5,wave1_7a_w2_s5_c792,c7921598,シールの席が shop.jsonl に無い定義（情報：シールの関係を持たない定義）,情報,1 定義：R_d91401a4b93b7a90@3
7a,2,5,wave1_7a_w2_s5_c792,c7921598,シールの席が二つ以上の定義,True,
7a,2,5,wave1_7a_w2_s5_c792,c7921598,注意の記録の候補の seal 対 戻した記憶（t−1 の終わり）,True,照らした 830、同じ 830；
7a,2,5,wave1_7a_w2_s5_c792,c7921598,注意の記録の候補の数＝記憶の定義の数（t−1 の終わり）,True,違う試行 0
7a,2,6,wave1_7a_w2_s6_c792,c7921598,side の birth/assim と v310be の chosen・reg,True,
7a,2,6,wave1_7a_w2_s6_c792,c7921598,台帳の状態の sha256（agent_state_snapshot_hash）,True,0:True;300:True;500:True;1000:True;1500:True;1739:True
7a,2,6,wave1_7a_w2_s6_c792,c7921598,シールの席の状態：台帳から戻した記憶 対 shop.jsonl（毎試行）,True,合わない試行 0
7a,2,6,wave1_7a_w2_s6_c792,c7921598,シールの席が shop.jsonl に無い定義（情報：シールの関係を持たない定義）,情報,2 定義：R_c9218d4e01f32519@1;R_640f78802f991c15@3
7a,2,6,wave1_7a_w2_s6_c792,c7921598,シールの席が二つ以上の定義,True,
7a,2,6,wave1_7a_w2_s6_c792,c7921598,注意の記録の候補の seal 対 戻した記憶（t−1 の終わり）,True,照らした 437、同じ 437；
7a,2,6,wave1_7a_w2_s6_c792,c7921598,注意の記録の候補の数＝記憶の定義の数（t−1 の終わり）,True,違う試行 0
7a,2,7,wave1_7a_w2_s7_c792,c7921598,side の birth/assim と v310be の chosen・reg,True,
7a,2,7,wave1_7a_w2_s7_c792,c7921598,台帳の状態の sha256（agent_state_snapshot_hash）,True,0:True;300:True;500:True;1000:True;1500:True;1739:True
7a,2,7,wave1_7a_w2_s7_c792,c7921598,シールの席の状態：台帳から戻した記憶 対 shop.jsonl（毎試行）,True,合わない試行 0
7a,2,7,wave1_7a_w2_s7_c792,c7921598,シールの席が shop.jsonl に無い定義（情報：シールの関係を持たない定義）,情報,1 定義：R_f987002d54ba9a55@12
7a,2,7,wave1_7a_w2_s7_c792,c7921598,シールの席が二つ以上の定義,True,
7a,2,7,wave1_7a_w2_s7_c792,c7921598,注意の記録の候補の seal 対 戻した記憶（t−1 の終わり）,True,照らした 458、同じ 458；
7a,2,7,wave1_7a_w2_s7_c792,c7921598,注意の記録の候補の数＝記憶の定義の数（t−1 の終わり）,True,違う試行 0
7a,2,8,wave1_7a_w2_s8_c792,c7921598,side の birth/assim と v310be の chosen・reg,True,
7a,2,8,wave1_7a_w2_s8_c792,c7921598,台帳の状態の sha256（agent_state_snapshot_hash）,True,0:True;300:True;500:True;1000:True;1500:True;1739:True
7a,2,8,wave1_7a_w2_s8_c792,c7921598,シールの席の状態：台帳から戻した記憶 対 shop.jsonl（毎試行）,True,合わない試行 0
7a,2,8,wave1_7a_w2_s8_c792,c7921598,シールの席が shop.jsonl に無い定義（情報：シールの関係を持たない定義）,情報,2 定義：R_c9218d4e01f32519@1;R_6216dd55fa7c0539@2
7a,2,8,wave1_7a_w2_s8_c792,c7921598,シールの席が二つ以上の定義,True,
7a,2,8,wave1_7a_w2_s8_c792,c7921598,注意の記録の候補の seal 対 戻した記憶（t−1 の終わり）,True,照らした 384、同じ 384；
7a,2,8,wave1_7a_w2_s8_c792,c7921598,注意の記録の候補の数＝記憶の定義の数（t−1 の終わり）,True,違う試行 0
7a,2,9,wave1_7a_w2_s9_c792,c7921598,side の birth/assim と v310be の chosen・reg,True,
7a,2,9,wave1_7a_w2_s9_c792,c7921598,台帳の状態の sha256（agent_state_snapshot_hash）,True,0:True;300:True;500:True;1000:True;1500:True;1739:True
7a,2,9,wave1_7a_w2_s9_c792,c7921598,シールの席の状態：台帳から戻した記憶 対 shop.jsonl（毎試行）,True,合わない試行 0
7a,2,9,wave1_7a_w2_s9_c792,c7921598,シールの席が shop.jsonl に無い定義（情報：シールの関係を持たない定義）,情報,1 定義：R_d91401a4b93b7a90@8
7a,2,9,wave1_7a_w2_s9_c792,c7921598,シールの席が二つ以上の定義,True,
7a,2,9,wave1_7a_w2_s9_c792,c7921598,注意の記録の候補の seal 対 戻した記憶（t−1 の終わり）,True,照らした 327、同じ 327；
7a,2,9,wave1_7a_w2_s9_c792,c7921598,注意の記録の候補の数＝記憶の定義の数（t−1 の終わり）,True,違う試行 0
7a,2,10,wave1_7a_w2_s10_c792,c7921598,side の birth/assim と v310be の chosen・reg,True,
7a,2,10,wave1_7a_w2_s10_c792,c7921598,台帳の状態の sha256（agent_state_snapshot_hash）,True,0:True;300:True;500:True;1000:True;1500:True;1739:True
7a,2,10,wave1_7a_w2_s10_c792,c7921598,シールの席の状態：台帳から戻した記憶 対 shop.jsonl（毎試行）,True,合わない試行 0
7a,2,10,wave1_7a_w2_s10_c792,c7921598,シールの席が shop.jsonl に無い定義（情報：シールの関係を持たない定義）,情報,0 定義：
7a,2,10,wave1_7a_w2_s10_c792,c7921598,シールの席が二つ以上の定義,True,
7a,2,10,wave1_7a_w2_s10_c792,c7921598,注意の記録の候補の seal 対 戻した記憶（t−1 の終わり）,True,照らした 359、同じ 359；
7a,2,10,wave1_7a_w2_s10_c792,c7921598,注意の記録の候補の数＝記憶の定義の数（t−1 の終わり）,True,違う試行 0
7b,2,11,wave1_7b_w2_s11_c792,c7921598,side の birth/assim と v310be の chosen・reg,True,
7b,2,11,wave1_7b_w2_s11_c792,c7921598,台帳の状態の sha256（agent_state_snapshot_hash）,True,0:True;300:True;500:True;1000:True;1500:True;1739:True
7b,2,11,wave1_7b_w2_s11_c792,c7921598,シールの席の状態：台帳から戻した記憶 対 shop.jsonl（毎試行）,True,合わない試行 0
7b,2,11,wave1_7b_w2_s11_c792,c7921598,シールの席が shop.jsonl に無い定義（情報：シールの関係を持たない定義）,情報,1 定義：R_bcf666590e83a6f5@22
7b,2,11,wave1_7b_w2_s11_c792,c7921598,シールの席が二つ以上の定義,True,
7b,2,11,wave1_7b_w2_s11_c792,c7921598,注意の記録の候補の seal 対 戻した記憶（t−1 の終わり）,True,照らした 805、同じ 805；
7b,2,11,wave1_7b_w2_s11_c792,c7921598,注意の記録の候補の数＝記憶の定義の数（t−1 の終わり）,True,違う試行 0
7b,2,12,wave1_7b_w2_s12_c792,c7921598,side の birth/assim と v310be の chosen・reg,True,
7b,2,12,wave1_7b_w2_s12_c792,c7921598,台帳の状態の sha256（agent_state_snapshot_hash）,True,0:True;300:True;500:True;1000:True;1500:True;1739:True
7b,2,12,wave1_7b_w2_s12_c792,c7921598,シールの席の状態：台帳から戻した記憶 対 shop.jsonl（毎試行）,True,合わない試行 0
7b,2,12,wave1_7b_w2_s12_c792,c7921598,シールの席が shop.jsonl に無い定義（情報：シールの関係を持たない定義）,情報,1 定義：R_c3b1a2a59237c4c7@5
7b,2,12,wave1_7b_w2_s12_c792,c7921598,シールの席が二つ以上の定義,True,
7b,2,12,wave1_7b_w2_s12_c792,c7921598,注意の記録の候補の seal 対 戻した記憶（t−1 の終わり）,True,照らした 434、同じ 434；
7b,2,12,wave1_7b_w2_s12_c792,c7921598,注意の記録の候補の数＝記憶の定義の数（t−1 の終わり）,True,違う試行 0
7b,2,13,wave1_7b_w2_s13_c792,c7921598,side の birth/assim と v310be の chosen・reg,True,
7b,2,13,wave1_7b_w2_s13_c792,c7921598,台帳の状態の sha256（agent_state_snapshot_hash）,True,0:True;300:True;500:True;1000:True;1500:True;1739:True
7b,2,13,wave1_7b_w2_s13_c792,c7921598,シールの席の状態：台帳から戻した記憶 対 shop.jsonl（毎試行）,True,合わない試行 0
7b,2,13,wave1_7b_w2_s13_c792,c7921598,シールの席が shop.jsonl に無い定義（情報：シールの関係を持たない定義）,情報,0 定義：
7b,2,13,wave1_7b_w2_s13_c792,c7921598,シールの席が二つ以上の定義,True,
7b,2,13,wave1_7b_w2_s13_c792,c7921598,注意の記録の候補の seal 対 戻した記憶（t−1 の終わり）,True,照らした 332、同じ 332；
7b,2,13,wave1_7b_w2_s13_c792,c7921598,注意の記録の候補の数＝記憶の定義の数（t−1 の終わり）,True,違う試行 0
7b,2,14,wave1_7b_w2_s14_c792,c7921598,side の birth/assim と v310be の chosen・reg,True,
7b,2,14,wave1_7b_w2_s14_c792,c7921598,台帳の状態の sha256（agent_state_snapshot_hash）,True,0:True;300:True;500:True;1000:True;1500:True;1739:True
7b,2,14,wave1_7b_w2_s14_c792,c7921598,シールの席の状態：台帳から戻した記憶 対 shop.jsonl（毎試行）,True,合わない試行 0
7b,2,14,wave1_7b_w2_s14_c792,c7921598,シールの席が shop.jsonl に無い定義（情報：シールの関係を持たない定義）,情報,1 定義：R_bcf666590e83a6f5@2
7b,2,14,wave1_7b_w2_s14_c792,c7921598,シールの席が二つ以上の定義,True,
7b,2,14,wave1_7b_w2_s14_c792,c7921598,注意の記録の候補の seal 対 戻した記憶（t−1 の終わり）,True,照らした 472、同じ 472；
7b,2,14,wave1_7b_w2_s14_c792,c7921598,注意の記録の候補の数＝記憶の定義の数（t−1 の終わり）,True,違う試行 0
7b,2,15,wave1_7b_w2_s15_c792,c7921598,side の birth/assim と v310be の chosen・reg,True,
7b,2,15,wave1_7b_w2_s15_c792,c7921598,台帳の状態の sha256（agent_state_snapshot_hash）,True,0:True;300:True;500:True;1000:True;1500:True;1739:True
7b,2,15,wave1_7b_w2_s15_c792,c7921598,シールの席の状態：台帳から戻した記憶 対 shop.jsonl（毎試行）,True,合わない試行 0
7b,2,15,wave1_7b_w2_s15_c792,c7921598,シールの席が shop.jsonl に無い定義（情報：シールの関係を持たない定義）,情報,2 定義：R_c9218d4e01f32519@1;R_54de7b22a6939938@3
7b,2,15,wave1_7b_w2_s15_c792,c7921598,シールの席が二つ以上の定義,True,
7b,2,15,wave1_7b_w2_s15_c792,c7921598,注意の記録の候補の seal 対 戻した記憶（t−1 の終わり）,True,照らした 424、同じ 424；
7b,2,15,wave1_7b_w2_s15_c792,c7921598,注意の記録の候補の数＝記憶の定義の数（t−1 の終わり）,True,違う試行 0
7b,2,16,wave1_7b_w2_s16_c792,c7921598,side の birth/assim と v310be の chosen・reg,True,
7b,2,16,wave1_7b_w2_s16_c792,c7921598,台帳の状態の sha256（agent_state_snapshot_hash）,True,0:True;300:True;500:True;1000:True;1500:True;1739:True
7b,2,16,wave1_7b_w2_s16_c792,c7921598,シールの席の状態：台帳から戻した記憶 対 shop.jsonl（毎試行）,True,合わない試行 0
7b,2,16,wave1_7b_w2_s16_c792,c7921598,シールの席が shop.jsonl に無い定義（情報：シールの関係を持たない定義）,情報,1 定義：R_beb6d0d0aa09b5d2@7
7b,2,16,wave1_7b_w2_s16_c792,c7921598,シールの席が二つ以上の定義,True,
7b,2,16,wave1_7b_w2_s16_c792,c7921598,注意の記録の候補の seal 対 戻した記憶（t−1 の終わり）,True,照らした 508、同じ 508；
7b,2,16,wave1_7b_w2_s16_c792,c7921598,注意の記録の候補の数＝記憶の定義の数（t−1 の終わり）,True,違う試行 0
7b,2,17,wave1_7b_w2_s17_c792,c7921598,side の birth/assim と v310be の chosen・reg,True,
7b,2,17,wave1_7b_w2_s17_c792,c7921598,台帳の状態の sha256（agent_state_snapshot_hash）,True,0:True;300:True;500:True;1000:True;1500:True;1739:True
7b,2,17,wave1_7b_w2_s17_c792,c7921598,シールの席の状態：台帳から戻した記憶 対 shop.jsonl（毎試行）,True,合わない試行 0
7b,2,17,wave1_7b_w2_s17_c792,c7921598,シールの席が shop.jsonl に無い定義（情報：シールの関係を持たない定義）,情報,4 定義：R_beb6d0d0aa09b5d2@1;R_f987002d54ba9a55@3;R_00041aa427a77ff0@5;R_f5658eef5b9e2151@36
7b,2,17,wave1_7b_w2_s17_c792,c7921598,シールの席が二つ以上の定義,True,
7b,2,17,wave1_7b_w2_s17_c792,c7921598,注意の記録の候補の seal 対 戻した記憶（t−1 の終わり）,True,照らした 417、同じ 417；
7b,2,17,wave1_7b_w2_s17_c792,c7921598,注意の記録の候補の数＝記憶の定義の数（t−1 の終わり）,True,違う試行 0
7b,2,18,wave1_7b_w2_s18_c792,c7921598,side の birth/assim と v310be の chosen・reg,True,
7b,2,18,wave1_7b_w2_s18_c792,c7921598,台帳の状態の sha256（agent_state_snapshot_hash）,True,0:True;300:True;500:True;1000:True;1500:True;1739:True
7b,2,18,wave1_7b_w2_s18_c792,c7921598,シールの席の状態：台帳から戻した記憶 対 shop.jsonl（毎試行）,True,合わない試行 0
7b,2,18,wave1_7b_w2_s18_c792,c7921598,シールの席が shop.jsonl に無い定義（情報：シールの関係を持たない定義）,情報,3 定義：R_f899d0a371fb1f79@1;R_2bd86db69dbc76ad@4;R_beb6d0d0aa09b5d2@5
7b,2,18,wave1_7b_w2_s18_c792,c7921598,シールの席が二つ以上の定義,True,
7b,2,18,wave1_7b_w2_s18_c792,c7921598,注意の記録の候補の seal 対 戻した記憶（t−1 の終わり）,True,照らした 502、同じ 502；
7b,2,18,wave1_7b_w2_s18_c792,c7921598,注意の記録の候補の数＝記憶の定義の数（t−1 の終わり）,True,違う試行 0
7b,2,19,wave1_7b_w2_s19_c792,c7921598,side の birth/assim と v310be の chosen・reg,True,
7b,2,19,wave1_7b_w2_s19_c792,c7921598,台帳の状態の sha256（agent_state_snapshot_hash）,True,0:True;300:True;500:True;1000:True;1500:True;1739:True
7b,2,19,wave1_7b_w2_s19_c792,c7921598,シールの席の状態：台帳から戻した記憶 対 shop.jsonl（毎試行）,True,合わない試行 0
7b,2,19,wave1_7b_w2_s19_c792,c7921598,シールの席が shop.jsonl に無い定義（情報：シールの関係を持たない定義）,情報,2 定義：R_543d69ccdfaeadd1@1;R_f987002d54ba9a55@5
7b,2,19,wave1_7b_w2_s19_c792,c7921598,シールの席が二つ以上の定義,True,
7b,2,19,wave1_7b_w2_s19_c792,c7921598,注意の記録の候補の seal 対 戻した記憶（t−1 の終わり）,True,照らした 390、同じ 390；
7b,2,19,wave1_7b_w2_s19_c792,c7921598,注意の記録の候補の数＝記憶の定義の数（t−1 の終わり）,True,違う試行 0
7b,2,20,wave1_7b_w2_s20_c792,c7921598,side の birth/assim と v310be の chosen・reg,True,
7b,2,20,wave1_7b_w2_s20_c792,c7921598,台帳の状態の sha256（agent_state_snapshot_hash）,True,0:True;300:True;500:True;1000:True;1500:True;1739:True
7b,2,20,wave1_7b_w2_s20_c792,c7921598,シールの席の状態：台帳から戻した記憶 対 shop.jsonl（毎試行）,True,合わない試行 0
7b,2,20,wave1_7b_w2_s20_c792,c7921598,シールの席が shop.jsonl に無い定義（情報：シールの関係を持たない定義）,情報,2 定義：R_611f798f37575ca0@4;R_d91401a4b93b7a90@5
7b,2,20,wave1_7b_w2_s20_c792,c7921598,シールの席が二つ以上の定義,True,
7b,2,20,wave1_7b_w2_s20_c792,c7921598,注意の記録の候補の seal 対 戻した記憶（t−1 の終わり）,True,照らした 392、同じ 392；
7b,2,20,wave1_7b_w2_s20_c792,c7921598,注意の記録の候補の数＝記憶の定義の数（t−1 の終わり）,True,違う試行 0
5a,2,1,wave1_5a_w2_s1,e9ed84a,side の birth/assim と v310be の chosen・reg,True,
5a,2,1,wave1_5a_w2_s1,e9ed84a,台帳の状態の sha256（agent_state_snapshot_hash）,True,0:True;300:True;500:True;1000:True;1500:True;1739:True
5a,2,1,wave1_5a_w2_s1,e9ed84a,シールの席の状態：台帳から戻した記憶 対 shop.jsonl（毎試行）,True,合わない試行 0
5a,2,1,wave1_5a_w2_s1,e9ed84a,シールの席が shop.jsonl に無い定義（情報：シールの関係を持たない定義）,情報,1 定義：R_beb6d0d0aa09b5d2@3
5a,2,1,wave1_5a_w2_s1,e9ed84a,シールの席が二つ以上の定義,True,
5a,2,1,wave1_5a_w2_s1,e9ed84a,注意の記録の候補の seal 対 戻した記憶（t−1 の終わり）,True,照らした 1117、同じ 1117；
5a,2,1,wave1_5a_w2_s1,e9ed84a,注意の記録の候補の数＝記憶の定義の数（t−1 の終わり）,True,違う試行 0
5a,2,2,wave1_5a_w2_s2,e9ed84a,side の birth/assim と v310be の chosen・reg,True,
5a,2,2,wave1_5a_w2_s2,e9ed84a,台帳の状態の sha256（agent_state_snapshot_hash）,True,0:True;300:True;500:True;1000:True;1500:True;1739:True
5a,2,2,wave1_5a_w2_s2,e9ed84a,シールの席の状態：台帳から戻した記憶 対 shop.jsonl（毎試行）,True,合わない試行 0
5a,2,2,wave1_5a_w2_s2,e9ed84a,シールの席が shop.jsonl に無い定義（情報：シールの関係を持たない定義）,情報,3 定義：R_82f809d6af1f29a1@5;R_8a92dac74a21e3a5@12;R_f5658eef5b9e2151@71
5a,2,2,wave1_5a_w2_s2,e9ed84a,シールの席が二つ以上の定義,True,
5a,2,2,wave1_5a_w2_s2,e9ed84a,注意の記録の候補の seal 対 戻した記憶（t−1 の終わり）,True,照らした 500、同じ 500；
5a,2,2,wave1_5a_w2_s2,e9ed84a,注意の記録の候補の数＝記憶の定義の数（t−1 の終わり）,True,違う試行 0
5a,2,3,wave1_5a_w2_s3_c574,c57467ea,side の birth/assim と v310be の chosen・reg,True,
5a,2,3,wave1_5a_w2_s3_c574,c57467ea,台帳の状態の sha256（agent_state_snapshot_hash）,True,0:True;300:True;500:True;1000:True;1500:True;1739:True
5a,2,3,wave1_5a_w2_s3_c574,c57467ea,シールの席の状態：台帳から戻した記憶 対 shop.jsonl（毎試行）,True,合わない試行 0
5a,2,3,wave1_5a_w2_s3_c574,c57467ea,シールの席が shop.jsonl に無い定義（情報：シールの関係を持たない定義）,情報,2 定義：R_beb6d0d0aa09b5d2@1;R_283c7bfbc223256d@3
5a,2,3,wave1_5a_w2_s3_c574,c57467ea,シールの席が二つ以上の定義,True,
5a,2,3,wave1_5a_w2_s3_c574,c57467ea,注意の記録の候補の seal 対 戻した記憶（t−1 の終わり）,True,照らした 1028、同じ 1028；
5a,2,3,wave1_5a_w2_s3_c574,c57467ea,注意の記録の候補の数＝記憶の定義の数（t−1 の終わり）,True,違う試行 0
5a,2,4,wave1_5a_w2_s4_c574,c57467ea,side の birth/assim と v310be の chosen・reg,True,
5a,2,4,wave1_5a_w2_s4_c574,c57467ea,台帳の状態の sha256（agent_state_snapshot_hash）,True,0:True;300:True;500:True;1000:True;1500:True;1739:True
5a,2,4,wave1_5a_w2_s4_c574,c57467ea,シールの席の状態：台帳から戻した記憶 対 shop.jsonl（毎試行）,True,合わない試行 0
5a,2,4,wave1_5a_w2_s4_c574,c57467ea,シールの席が shop.jsonl に無い定義（情報：シールの関係を持たない定義）,情報,1 定義：R_54de7b22a6939938@2
5a,2,4,wave1_5a_w2_s4_c574,c57467ea,シールの席が二つ以上の定義,True,
5a,2,4,wave1_5a_w2_s4_c574,c57467ea,注意の記録の候補の seal 対 戻した記憶（t−1 の終わり）,True,照らした 816、同じ 816；
5a,2,4,wave1_5a_w2_s4_c574,c57467ea,注意の記録の候補の数＝記憶の定義の数（t−1 の終わり）,True,違う試行 0
5a,2,7,wave1_5a_w2_s7_c574,c57467ea,side の birth/assim と v310be の chosen・reg,True,
5a,2,7,wave1_5a_w2_s7_c574,c57467ea,台帳の状態の sha256（agent_state_snapshot_hash）,True,0:True;300:True;500:True;1000:True;1500:True;1739:True
5a,2,7,wave1_5a_w2_s7_c574,c57467ea,シールの席の状態：台帳から戻した記憶 対 shop.jsonl（毎試行）,True,合わない試行 0
5a,2,7,wave1_5a_w2_s7_c574,c57467ea,シールの席が shop.jsonl に無い定義（情報：シールの関係を持たない定義）,情報,2 定義：R_f987002d54ba9a55@12;R_f987002d54ba9a55_t25@25
5a,2,7,wave1_5a_w2_s7_c574,c57467ea,シールの席が二つ以上の定義,True,
5a,2,7,wave1_5a_w2_s7_c574,c57467ea,注意の記録の候補の seal 対 戻した記憶（t−1 の終わり）,True,照らした 1162、同じ 1162；
5a,2,7,wave1_5a_w2_s7_c574,c57467ea,注意の記録の候補の数＝記憶の定義の数（t−1 の終わり）,True,違う試行 0
5a,2,8,wave1_5a_w2_s8_c574,c57467ea,side の birth/assim と v310be の chosen・reg,True,
5a,2,8,wave1_5a_w2_s8_c574,c57467ea,台帳の状態の sha256（agent_state_snapshot_hash）,True,0:True;300:True;500:True;1000:True;1500:True;1739:True
5a,2,8,wave1_5a_w2_s8_c574,c57467ea,シールの席の状態：台帳から戻した記憶 対 shop.jsonl（毎試行）,True,合わない試行 0
5a,2,8,wave1_5a_w2_s8_c574,c57467ea,シールの席が shop.jsonl に無い定義（情報：シールの関係を持たない定義）,情報,2 定義：R_c9218d4e01f32519@1;R_6216dd55fa7c0539@2
5a,2,8,wave1_5a_w2_s8_c574,c57467ea,シールの席が二つ以上の定義,True,
5a,2,8,wave1_5a_w2_s8_c574,c57467ea,注意の記録の候補の seal 対 戻した記憶（t−1 の終わり）,True,照らした 1130、同じ 1130；
5a,2,8,wave1_5a_w2_s8_c574,c57467ea,注意の記録の候補の数＝記憶の定義の数（t−1 の終わり）,True,違う試行 0
5a,2,10,wave1_5a_w2_s10_c574,c57467ea,side の birth/assim と v310be の chosen・reg,True,
5a,2,10,wave1_5a_w2_s10_c574,c57467ea,台帳の状態の sha256（agent_state_snapshot_hash）,True,0:True;300:True;500:True;1000:True;1500:True;1739:True
5a,2,10,wave1_5a_w2_s10_c574,c57467ea,シールの席の状態：台帳から戻した記憶 対 shop.jsonl（毎試行）,True,合わない試行 0
5a,2,10,wave1_5a_w2_s10_c574,c57467ea,シールの席が shop.jsonl に無い定義（情報：シールの関係を持たない定義）,情報,3 定義：R_bcf666590e83a6f5@168;R_bcf666590e83a6f5_t186@186;R_c9218d4e01f32519@204
5a,2,10,wave1_5a_w2_s10_c574,c57467ea,シールの席が二つ以上の定義,True,
5a,2,10,wave1_5a_w2_s10_c574,c57467ea,注意の記録の候補の seal 対 戻した記憶（t−1 の終わり）,True,照らした 418、同じ 418；
5a,2,10,wave1_5a_w2_s10_c574,c57467ea,注意の記録の候補の数＝記憶の定義の数（t−1 の終わり）,True,違う試行 0
5b,2,12,wave1_5b_w2_s12_c574,c57467ea,side の birth/assim と v310be の chosen・reg,True,
5b,2,12,wave1_5b_w2_s12_c574,c57467ea,台帳の状態の sha256（agent_state_snapshot_hash）,True,0:True;300:True;500:True;1000:True;1500:True;1739:True
5b,2,12,wave1_5b_w2_s12_c574,c57467ea,シールの席の状態：台帳から戻した記憶 対 shop.jsonl（毎試行）,True,合わない試行 0
5b,2,12,wave1_5b_w2_s12_c574,c57467ea,シールの席が shop.jsonl に無い定義（情報：シールの関係を持たない定義）,情報,2 定義：R_c3b1a2a59237c4c7@5;R_f5658eef5b9e2151@77
5b,2,12,wave1_5b_w2_s12_c574,c57467ea,シールの席が二つ以上の定義,True,
5b,2,12,wave1_5b_w2_s12_c574,c57467ea,注意の記録の候補の seal 対 戻した記憶（t−1 の終わり）,True,照らした 737、同じ 737；
5b,2,12,wave1_5b_w2_s12_c574,c57467ea,注意の記録の候補の数＝記憶の定義の数（t−1 の終わり）,True,違う試行 0
5b,2,13,wave1_5b_w2_s13_c574,c57467ea,side の birth/assim と v310be の chosen・reg,True,
5b,2,13,wave1_5b_w2_s13_c574,c57467ea,台帳の状態の sha256（agent_state_snapshot_hash）,True,0:True;300:True;500:True;1000:True;1500:True;1739:True
5b,2,13,wave1_5b_w2_s13_c574,c57467ea,シールの席の状態：台帳から戻した記憶 対 shop.jsonl（毎試行）,True,合わない試行 0
5b,2,13,wave1_5b_w2_s13_c574,c57467ea,シールの席が shop.jsonl に無い定義（情報：シールの関係を持たない定義）,情報,0 定義：
5b,2,13,wave1_5b_w2_s13_c574,c57467ea,シールの席が二つ以上の定義,True,
5b,2,13,wave1_5b_w2_s13_c574,c57467ea,注意の記録の候補の seal 対 戻した記憶（t−1 の終わり）,True,照らした 1266、同じ 1266；
5b,2,13,wave1_5b_w2_s13_c574,c57467ea,注意の記録の候補の数＝記憶の定義の数（t−1 の終わり）,True,違う試行 0
5b,2,14,wave1_5b_w2_s14_c574,c57467ea,side の birth/assim と v310be の chosen・reg,True,
5b,2,14,wave1_5b_w2_s14_c574,c57467ea,台帳の状態の sha256（agent_state_snapshot_hash）,True,0:True;300:True;500:True;1000:True;1500:True;1739:True
5b,2,14,wave1_5b_w2_s14_c574,c57467ea,シールの席の状態：台帳から戻した記憶 対 shop.jsonl（毎試行）,True,合わない試行 0
5b,2,14,wave1_5b_w2_s14_c574,c57467ea,シールの席が shop.jsonl に無い定義（情報：シールの関係を持たない定義）,情報,3 定義：R_bcf666590e83a6f5@2;R_f5658eef5b9e2151@41;R_2bd86db69dbc76ad@81
5b,2,14,wave1_5b_w2_s14_c574,c57467ea,シールの席が二つ以上の定義,True,
5b,2,14,wave1_5b_w2_s14_c574,c57467ea,注意の記録の候補の seal 対 戻した記憶（t−1 の終わり）,True,照らした 1237、同じ 1237；
5b,2,14,wave1_5b_w2_s14_c574,c57467ea,注意の記録の候補の数＝記憶の定義の数（t−1 の終わり）,True,違う試行 0
5b,2,16,wave1_5b_w2_s16_c574,c57467ea,side の birth/assim と v310be の chosen・reg,True,
5b,2,16,wave1_5b_w2_s16_c574,c57467ea,台帳の状態の sha256（agent_state_snapshot_hash）,True,0:True;300:True;500:True;1000:True;1500:True;1739:True
5b,2,16,wave1_5b_w2_s16_c574,c57467ea,シールの席の状態：台帳から戻した記憶 対 shop.jsonl（毎試行）,True,合わない試行 0
5b,2,16,wave1_5b_w2_s16_c574,c57467ea,シールの席が shop.jsonl に無い定義（情報：シールの関係を持たない定義）,情報,1 定義：R_beb6d0d0aa09b5d2@7
5b,2,16,wave1_5b_w2_s16_c574,c57467ea,シールの席が二つ以上の定義,True,
5b,2,16,wave1_5b_w2_s16_c574,c57467ea,注意の記録の候補の seal 対 戻した記憶（t−1 の終わり）,True,照らした 1081、同じ 1081；
5b,2,16,wave1_5b_w2_s16_c574,c57467ea,注意の記録の候補の数＝記憶の定義の数（t−1 の終わり）,True,違う試行 0
5b,2,17,wave1_5b_w2_s17_c574,c57467ea,side の birth/assim と v310be の chosen・reg,True,
5b,2,17,wave1_5b_w2_s17_c574,c57467ea,台帳の状態の sha256（agent_state_snapshot_hash）,True,0:True;300:True;500:True;1000:True;1500:True;1739:True
5b,2,17,wave1_5b_w2_s17_c574,c57467ea,シールの席の状態：台帳から戻した記憶 対 shop.jsonl（毎試行）,True,合わない試行 0
5b,2,17,wave1_5b_w2_s17_c574,c57467ea,シールの席が shop.jsonl に無い定義（情報：シールの関係を持たない定義）,情報,5 定義：R_beb6d0d0aa09b5d2@1;R_f987002d54ba9a55@3;R_00041aa427a77ff0@5;R_beb6d0d0aa09b5d2_t8@8;R_f5658eef5b9e2151@36
5b,2,17,wave1_5b_w2_s17_c574,c57467ea,シールの席が二つ以上の定義,True,
5b,2,17,wave1_5b_w2_s17_c574,c57467ea,注意の記録の候補の seal 対 戻した記憶（t−1 の終わり）,True,照らした 874、同じ 874；
5b,2,17,wave1_5b_w2_s17_c574,c57467ea,注意の記録の候補の数＝記憶の定義の数（t−1 の終わり）,True,違う試行 0
5b,2,18,wave1_5b_w2_s18_c574,c57467ea,side の birth/assim と v310be の chosen・reg,True,
5b,2,18,wave1_5b_w2_s18_c574,c57467ea,台帳の状態の sha256（agent_state_snapshot_hash）,True,0:True;300:True;500:True;1000:True;1500:True;1739:True
5b,2,18,wave1_5b_w2_s18_c574,c57467ea,シールの席の状態：台帳から戻した記憶 対 shop.jsonl（毎試行）,True,合わない試行 0
5b,2,18,wave1_5b_w2_s18_c574,c57467ea,シールの席が shop.jsonl に無い定義（情報：シールの関係を持たない定義）,情報,3 定義：R_f899d0a371fb1f79@1;R_2bd86db69dbc76ad@4;R_beb6d0d0aa09b5d2@5
5b,2,18,wave1_5b_w2_s18_c574,c57467ea,シールの席が二つ以上の定義,True,
5b,2,18,wave1_5b_w2_s18_c574,c57467ea,注意の記録の候補の seal 対 戻した記憶（t−1 の終わり）,True,照らした 671、同じ 671；
5b,2,18,wave1_5b_w2_s18_c574,c57467ea,注意の記録の候補の数＝記憶の定義の数（t−1 の終わり）,True,違う試行 0
5b,2,20,wave1_5b_w2_s20_c574,c57467ea,side の birth/assim と v310be の chosen・reg,True,
5b,2,20,wave1_5b_w2_s20_c574,c57467ea,台帳の状態の sha256（agent_state_snapshot_hash）,True,0:True;300:True;500:True;1000:True;1500:True;1739:True
5b,2,20,wave1_5b_w2_s20_c574,c57467ea,シールの席の状態：台帳から戻した記憶 対 shop.jsonl（毎試行）,True,合わない試行 0
5b,2,20,wave1_5b_w2_s20_c574,c57467ea,シールの席が shop.jsonl に無い定義（情報：シールの関係を持たない定義）,情報,2 定義：R_611f798f37575ca0@4;R_d91401a4b93b7a90@5
5b,2,20,wave1_5b_w2_s20_c574,c57467ea,シールの席が二つ以上の定義,True,
5b,2,20,wave1_5b_w2_s20_c574,c57467ea,注意の記録の候補の seal 対 戻した記憶（t−1 の終わり）,True,照らした 606、同じ 606；
5b,2,20,wave1_5b_w2_s20_c574,c57467ea,注意の記録の候補の数＝記憶の定義の数（t−1 の終わり）,True,違う試行 0
