row,world,seed,run,version,shop_type,door_exception_tasks,selection_errors,error_trials,errors_trial_lt300,errors_trial_ge300,first_error_trial,last_error_trial,top_correct_changes_all,top_correct_change_trials,top_correct_distinct,top_correct_sequence,pattern,De_births_this_type,De_birth_trials_this_type,De_births_trial_lt300_this_type,births_same_trial_retired_all_types,exception_scenes_assimilated_this_type,exception_scenes_assimilated_into_De_this_type,exception_scenes_born_this_type,top_correct_changes_to_last_error,next_task_trial,R_after,R_after_reg,R_after_q,R_after_is_De,R_after_is_De_birth,R_after_born_after_last_error,R_after_born_after_first_error,R_after_correct_at_error_tasks,R_after_top_at_error_tasks,R_after_assim_until_next_task,R_after_assim_until_next_task_cue_e,R_after_assim_until_last_error,R_after_assim_until_last_error_cue_e,R_after_assim_last_error_to_next_task_cue_e
7a,2,1,wave1_7a_w2_s1,4ceadf63,乙,14,0,,0,0,,,0,,1,R_0e5d236bf5b42b15@20,選び間違いなし,3,7;15;20,3,0,158,75,4,,,,,,,,,,,,,,,,
7a,2,1,wave1_7a_w2_s1,4ceadf63,甲,19,0,,0,0,,,1,203,2,R_5ccd1331eec89856@110 → R_8b0d2a6b7293001d@140,選び間違いなし,4,90;105;110;140,4,0,158,74,4,,,,,,,,,,,,,,,,
7a,2,2,wave1_7a_w2_s2,4ceadf63,乙,17,0,,0,0,,,0,,1,R_0e5d236bf5b42b15@42,選び間違いなし,2,15;42,2,0,174,89,2,,,,,,,,,,,,,,,,
7a,2,2,wave1_7a_w2_s2,4ceadf63,甲,17,1,71,1,0,71,71,1,154,2,R_9166e2f96690a9eb@49 → R_8b0d2a6b7293001d@143,b：最後の選び間違いより後に生まれた定義,5,46;49;120;138;143,5,0,166,78,6,0,154,R_8b0d2a6b7293001d,143,0.9377332717368546,True,True,True,True,0,0,0,0,0,0,0
7a,2,3,wave1_7a_w2_s3_c792,c7921598,乙,14,0,,0,0,,,0,,1,R_0e5d236bf5b42b15@5,選び間違いなし,1,5,1,0,176,95,2,,,,,,,,,,,,,,,,
7a,2,3,wave1_7a_w2_s3_c792,c7921598,甲,19,0,,0,0,,,0,,1,R_8b0d2a6b7293001d@22,選び間違いなし,1,22,1,0,171,97,1,,,,,,,,,,,,,,,,
7a,2,4,wave1_7a_w2_s4_c792,c7921598,乙,5,0,,0,0,,,0,,1,R_0e5d236bf5b42b15@3,選び間違いなし,2,1;3,2,0,164,78,2,,,,,,,,,,,,,,,,
7a,2,4,wave1_7a_w2_s4_c792,c7921598,甲,18,0,,0,0,,,1,161,2,R_2616bfa67113bd38@6 → R_8b0d2a6b7293001d@110,選び間違いなし,2,6;110,2,0,198,114,2,,,,,,,,,,,,,,,,
7a,2,5,wave1_7a_w2_s5_c792,c7921598,乙,21,0,,0,0,,,0,,1,R_0e5d236bf5b42b15@106,選び間違いなし,6,11;60;75;91;102;106,6,0,196,115,6,,,,,,,,,,,,,,,,
7a,2,5,wave1_7a_w2_s5_c792,c7921598,甲,19,1,27,1,0,27,27,1,128,2,R_4767122da6895de8@10 → R_8b0d2a6b7293001d@104,b：最後の選び間違いより後に生まれた定義,8,9;10;25;33;36;41;59;104,8,0,194,107,9,0,128,R_8b0d2a6b7293001d,104,0.9377332717368546,True,True,True,True,0,0,2,2,0,0,2
7a,2,6,wave1_7a_w2_s6_c792,c7921598,乙,16,4,85;95;134;296,4,0,85,296,2,134;499,3,R_9bc40d505af93c42@15 → R_4c7fb8909af1774e@97 → R_0e5d236bf5b42b15@305,b：最後の選び間違いより後に生まれた定義,7,8;15;97;179;276;287;305,6,0,151,68,7,1,499,R_0e5d236bf5b42b15,305,0.9377332717368546,True,True,True,True,0,0,9,9,0,0,9
7a,2,6,wave1_7a_w2_s6_c792,c7921598,甲,13,1,57,1,0,57,57,1,231,2,R_fad8f670be5b8f88@46 → R_8b0d2a6b7293001d@201,b：最後の選び間違いより後に生まれた定義,3,6;46;201,3,0,184,99,4,0,231,R_8b0d2a6b7293001d,201,0.9377200263553874,True,True,True,True,0,0,4,4,0,0,4
7a,2,7,wave1_7a_w2_s7_c792,c7921598,乙,8,0,,0,0,,,0,,1,R_0e5d236bf5b42b15@36,選び間違いなし,2,31;36,2,0,175,96,3,,,,,,,,,,,,,,,,
7a,2,7,wave1_7a_w2_s7_c792,c7921598,甲,19,0,,0,0,,,1,60,2,R_5ccd1331eec89856@22 → R_8b0d2a6b7293001d@51,選び間違いなし,3,20;22;51,3,0,180,93,3,,,,,,,,,,,,,,,,
7a,2,8,wave1_7a_w2_s8_c792,c7921598,乙,16,3,18;90;105,3,0,18,105,1,277,2,R_a980cbcce2d6b26e@16 → R_0e5d236bf5b42b15@113,b：最後の選び間違いより後に生まれた定義,4,16;24;103;113,4,0,155,70,4,0,277,R_0e5d236bf5b42b15,113,0.9377067813480939,True,True,True,True,0,0,9,9,0,0,9
7a,2,8,wave1_7a_w2_s8_c792,c7921598,甲,9,1,49,1,0,49,49,1,372,2,R_bb11e7f622c3f823@21 → R_8b0d2a6b7293001d@116,b：最後の選び間違いより後に生まれた定義,3,21;63;116,3,0,159,69,4,0,372,R_8b0d2a6b7293001d,116,0.9377332717368546,True,True,True,True,0,0,12,12,0,0,12
7a,2,9,wave1_7a_w2_s9_c792,c7921598,乙,11,0,,0,0,,,1,499,2,R_b6c15eaf75ec247c@153 → R_0e5d236bf5b42b15@296,選び間違いなし,4,94;153;215;296,4,0,135,57,4,,,,,,,,,,,,,,,,
7a,2,9,wave1_7a_w2_s9_c792,c7921598,甲,13,0,,0,0,,,1,180,2,R_28b90e6a8809edd4@13 → R_8b0d2a6b7293001d@130,選び間違いなし,3,13;49;130,3,0,168,86,4,,,,,,,,,,,,,,,,
7a,2,10,wave1_7a_w2_s10_c792,c7921598,乙,12,0,,0,0,,,0,,1,R_0e5d236bf5b42b15@38,選び間違いなし,2,34;38,2,0,174,95,2,,,,,,,,,,,,,,,,
7a,2,10,wave1_7a_w2_s10_c792,c7921598,甲,17,1,225,1,0,225,225,1,369,2,R_9166e2f96690a9eb@84 → R_8b0d2a6b7293001d@345,b：最後の選び間違いより後に生まれた定義,7,84;207;212;218;244;289;345,6,0,176,93,7,0,369,R_8b0d2a6b7293001d,345,0.9377067813480939,True,True,True,True,0,0,1,1,0,0,1
7b,2,11,wave1_7b_w2_s11_c792,c7921598,乙,18,0,,0,0,,,0,,1,R_0e5d236bf5b42b15@32,選び間違いなし,2,15;32,2,0,163,75,2,,,,,,,,,,,,,,,,
7b,2,11,wave1_7b_w2_s11_c792,c7921598,甲,17,0,,0,0,,,0,,1,R_8b0d2a6b7293001d@33,選び間違いなし,4,17;18;21;33,4,0,188,98,4,,,,,,,,,,,,,,,,
7b,2,12,wave1_7b_w2_s12_c792,c7921598,乙,15,0,,0,0,,,0,,1,R_0e5d236bf5b42b15@13,選び間違いなし,2,7;13,2,0,173,93,3,,,,,,,,,,,,,,,,
7b,2,12,wave1_7b_w2_s12_c792,c7921598,甲,16,0,,0,0,,,0,,1,R_8b0d2a6b7293001d@165,選び間違いなし,5,20;27;61;160;165,5,0,171,81,5,,,,,,,,,,,,,,,,
7b,2,13,wave1_7b_w2_s13_c792,c7921598,乙,22,0,,0,0,,,0,,1,R_0e5d236bf5b42b15@104,選び間違いなし,2,79;104,2,0,172,85,2,,,,,,,,,,,,,,,,
7b,2,13,wave1_7b_w2_s13_c792,c7921598,甲,12,0,,0,0,,,0,,1,R_8b0d2a6b7293001d@15,選び間違いなし,1,15,1,0,163,78,1,,,,,,,,,,,,,,,,
7b,2,14,wave1_7b_w2_s14_c792,c7921598,乙,17,0,,0,0,,,0,,1,R_0e5d236bf5b42b15@105,選び間違いなし,1,105,1,0,175,86,1,,,,,,,,,,,,,,,,
7b,2,14,wave1_7b_w2_s14_c792,c7921598,甲,15,2,54;97,2,0,54,97,2,97;223,3,R_2f1a2f2059f4659c@4 → R_9166e2f96690a9eb@56 → R_8b0d2a6b7293001d@138,b：最後の選び間違いより後に生まれた定義,5,4;56;93;103;138,5,0,181,94,6,1,223,R_8b0d2a6b7293001d,138,0.9377332717368546,True,True,True,True,0,0,6,6,0,0,6
7b,2,15,wave1_7b_w2_s15_c792,c7921598,乙,10,0,,0,0,,,0,,1,R_0e5d236bf5b42b15@86,選び間違いなし,5,11;39;50;77;86,5,0,173,87,5,,,,,,,,,,,,,,,,
7b,2,15,wave1_7b_w2_s15_c792,c7921598,甲,15,1,268,1,0,268,268,1,440,2,R_9166e2f96690a9eb@54 → R_8b0d2a6b7293001d@273,b：最後の選び間違いより後に生まれた定義,6,54;66;105;130;211;273,6,0,182,93,7,0,440,R_8b0d2a6b7293001d,273,0.9377067813480939,True,True,True,True,0,0,11,11,0,0,11
7b,2,16,wave1_7b_w2_s16_c792,c7921598,乙,26,6,40;45;64;84;98;166,6,0,40,166,2,64;231,3,R_8c9d7f042963d384@13 → R_9bc40d505af93c42@48 → R_0e5d236bf5b42b15@223,b：最後の選び間違いより後に生まれた定義,6,13;48;86;168;218;223,6,0,173,85,7,1,231,R_0e5d236bf5b42b15,223,0.9377067813480939,True,True,True,True,0,0,1,1,0,0,1
7b,2,16,wave1_7b_w2_s16_c792,c7921598,甲,11,0,,0,0,,,0,,1,R_8b0d2a6b7293001d@122,選び間違いなし,3,63;89;122,3,0,180,98,3,,,,,,,,,,,,,,,,
7b,2,17,wave1_7b_w2_s17_c792,c7921598,乙,14,0,,0,0,,,0,,1,R_0e5d236bf5b42b15@10,選び間違いなし,1,10,1,0,182,98,1,,,,,,,,,,,,,,,,
7b,2,17,wave1_7b_w2_s17_c792,c7921598,甲,14,0,,0,0,,,1,247,2,R_69a62e73d7621cd0@26 → R_8b0d2a6b7293001d@123,選び間違いなし,2,26;123,2,0,175,81,4,,,,,,,,,,,,,,,,
7b,2,18,wave1_7b_w2_s18_c792,c7921598,乙,18,0,,0,0,,,0,,1,R_0e5d236bf5b42b15@11,選び間違いなし,1,11,1,0,179,95,2,,,,,,,,,,,,,,,,
7b,2,18,wave1_7b_w2_s18_c792,c7921598,甲,16,0,,0,0,,,1,486,2,R_28b90e6a8809edd4@3 → R_8b0d2a6b7293001d@469,選び間違いなし,4,3;93;135;469,3,0,174,88,4,,,,,,,,,,,,,,,,
7b,2,19,wave1_7b_w2_s19_c792,c7921598,乙,10,0,,0,0,,,0,,1,R_0e5d236bf5b42b15@8,選び間違いなし,2,2;8,2,0,172,86,3,,,,,,,,,,,,,,,,
7b,2,19,wave1_7b_w2_s19_c792,c7921598,甲,18,0,,0,0,,,0,,1,R_8b0d2a6b7293001d@106,選び間違いなし,1,106,1,0,178,90,1,,,,,,,,,,,,,,,,
7b,2,20,wave1_7b_w2_s20_c792,c7921598,乙,16,0,,0,0,,,0,,1,R_0e5d236bf5b42b15@20,選び間違いなし,2,9;20,2,0,183,98,3,,,,,,,,,,,,,,,,
7b,2,20,wave1_7b_w2_s20_c792,c7921598,甲,15,0,,0,0,,,0,,1,R_8b0d2a6b7293001d@77,選び間違いなし,1,77,1,0,178,85,2,,,,,,,,,,,,,,,,
