row,world,seed,run,version,R,reg,birth_cue,birth_shop_type,birth_seal_state,birth_seal_name,birth_seal_history,birth_seal_shop,is_De_birth,De_first_trial,De_last_trial,De_trials,seal_path,FH_trial,V_at_FH,why_FH,seal_history_at_FH,HU_trial,V_at_HU,why_HU,seal_history_before_HU,lambda_conv,lambda_E_at_FH,lambda_E_at_HU,retire_trial,retire_in_v39,alive_at_end,assim_total,assim_cue_e,assim_cue_n,assim_count_last
1a,2,1,wave1_1a_w2_s1_c792,c7921598,R_0e5d236bf5b42b15,20,e,乙,F,sig_e,,F,True,20,477,458,F → U,478,0.0003508374869477246,price,,478,0.0001529345917741702,price,,0.00035129738499384776,0.01873710622997919,0.01873710622997919,,,True,13,13,0,14
1a,2,1,wave1_1a_w2_s1_c792,c7921598,R_5ccd1331eec89856,110,e,甲,F,sig_e,,F,True,110,360,251,F → H → U,336,0.00035056804398209796,price,sig_e:2,361,0.00035092491299205237,price,sig_e:2,0.00035129738499384776,0.01873710622997919,0.01873710622997919,,,True,1,1,0,2
1a,2,1,wave1_1a_w2_s1_c792,c7921598,R_8b0d2a6b7293001d,140,e,甲,F,sig_e,,F,True,140,900,761,F → H → U,339,0.00035107764047668486,price,sig_e:12,901,0.0003512849711702479,price,sig_e:25,0.00035129738499384776,0.01873710622997919,0.01873710622997919,,,True,26,26,0,27
1a,2,1,wave1_1a_w2_s1_c792,c7921598,R_22604ec5e16d756f,416,e,乙,F,sig_e,,F,True,416,657,242,F → U,658,0.0003507187621631365,price,,658,0.00030981506807686236,price,,0.00035129738499384776,0.01873710622997919,0.01873710622997919,,,True,15,6,9,16
1a,2,1,wave1_1a_w2_s1_c792,c7921598,R_6734a71b4bfa8e9e,657,e,甲,F,sig_e,,F,True,657,846,190,F → H → U,672,-1.4648278620637145,neg,sig_e:1,847,0.00035090661751380095,price,sig_e:1,0.00035129738499384776,0.01873710622997919,0.01873710622997919,,,True,5,5,0,6
1a,2,1,wave1_1a_w2_s1_c792,c7921598,R_8b0d2a6b7293001d_t1254,1254,e,甲,F,sig_e,,F,True,1254,1544,291,F → H → U,1472,0.00035041526009770956,price,sig_e:17,1545,-0.0037492394825253575,neg,sig_e:18,0.00035129738499384776,0.01873710622997919,0.01873710622997919,,,True,17,17,0,18
1a,2,1,wave1_1a_w2_s1_c792,c7921598,R_28b90e6a8809edd4,1611,e,甲,F,sig_e,,F,True,1611,1739,129,F,,,,,,,,,0.00035129738499384776,,,,,True,0,0,0,1
1a,2,1,wave1_1a_w2_s1_c792,c7921598,R_0e5d236bf5b42b15_t1616,1616,e,乙,F,sig_e,,F,True,1616,1739,124,F,,,,,,,,,0.00035129738499384776,,,,,True,3,3,0,4
1a,2,1,wave1_1a_w2_s1_c792,c7921598,R_8b0d2a6b7293001d_t1617,1617,e,甲,F,sig_e,,F,True,1617,1739,123,F,,,,,,,,,0.00035129738499384776,,,,,True,3,3,0,4
1a,2,2,wave1_1a_w2_s2_c792,c7921598,R_0e5d236bf5b42b15,42,e,乙,F,sig_e,,F,True,42,224,183,F → U,225,0.00035109980026171937,price,,225,0.00028445086906520625,price,,0.00035129738499384776,0.01873710622997919,0.01873710622997919,,,True,20,20,0,21
1a,2,2,wave1_1a_w2_s2_c792,c7921598,R_8b0d2a6b7293001d,143,e,甲,F,sig_e,,F,True,143,357,215,F → U,358,0.0003505494266608583,price,,358,0.0002493289549328505,price,,0.00035129738499384776,0.01873710622997919,0.01873710622997919,,,True,27,27,0,28
1a,2,2,wave1_1a_w2_s2_c792,c7921598,R_7b6b1008b48c1115_t157,157,n,甲,F,sig_n,,F,False,369,1739,1371,F → H,327,0.00035056115071982133,price,sig_n:62,,,,,0.00035129738499384776,0.01873710622997919,,,,True,667,122,545,668
1a,2,2,wave1_1a_w2_s2_c792,c7921598,R_0e5d236bf5b42b15_t359,359,e,乙,F,sig_e,,F,True,359,571,213,F → U,572,0.00035105754079191163,price,,572,0.00029984809399099226,price,,0.00035129738499384776,0.01873710622997919,0.01873710622997919,,,True,10,10,0,11
1a,2,2,wave1_1a_w2_s2_c792,c7921598,R_3ad0209336a6e37e,836,e,乙,F,sig_e,,F,True,836,1035,200,F → U,1036,0.00035029026870761373,price,,1036,0.00034804170028747406,price,,0.00035129738499384776,0.01873710622997919,0.01873710622997919,,,True,4,4,0,5
1a,2,3,wave1_1a_w2_s3_c792,c7921598,R_0e5d236bf5b42b15,5,e,乙,F,sig_e,,F,True,5,236,232,F → U,237,0.0003512388761505185,price,,237,0.0002751835854496461,price,,0.00035129738499384776,0.01873710622997919,0.01873710622997919,,,True,26,19,7,27
1a,2,3,wave1_1a_w2_s3_c792,c7921598,R_8b0d2a6b7293001d,22,e,甲,F,sig_e,,F,True,22,256,235,F → U → 定義ごと消えた,257,0.00035112616738711936,price,,257,0.00026245808170797315,price,,0.00035129738499384776,0.01873710622997919,0.01873710622997919,1323,1323,False,9,9,0,10
1a,2,3,wave1_1a_w2_s3_c792,c7921598,R_2616bfa67113bd38,320,e,甲,F,sig_e,,F,True,320,558,239,F → U,559,0.0003510688763599758,price,,559,0.0003214562311630022,price,,0.00035129738499384776,0.01873710622997919,0.01873710622997919,,,True,3,3,0,4
1a,2,3,wave1_1a_w2_s3_c792,c7921598,R_0e5d236bf5b42b15_t342,342,e,乙,F,sig_e,,F,True,342,560,219,F → U,561,0.0003510325038921878,price,,561,0.00024740262838683906,price,,0.00035129738499384776,0.01873710622997919,0.01873710622997919,,,True,40,36,4,41
1a,2,3,wave1_1a_w2_s3_c792,c7921598,R_0aa7a1980d3349e7,385,e,甲,F,sig_e,,F,True,385,1739,1355,F,,,,,,,,,0.00035129738499384776,,,,,True,5,5,0,6
1a,2,3,wave1_1a_w2_s3_c792,c7921598,R_8b0d2a6b7293001d_t429,429,e,甲,F,sig_e,,F,True,429,1739,1311,F,,,,,,,,,0.00035129738499384776,,,,,True,72,72,0,73
1a,2,3,wave1_1a_w2_s3_c792,c7921598,R_f61b5e0547e7f41f,931,n,乙,F,sig_n,,F,False,938,1100,163,F → H → U → 定義ごと消えた,936,-1.4673111439868505,neg,sig_n:1,1101,0.00035011557256147405,price,"sig_e:1,sig_n:10",0.00035129738499384776,0.01873710622997919,0.01873710622997919,1688,1688,False,30,3,27,30
1a,2,4,wave1_1a_w2_s4_c792,c7921598,R_0e5d236bf5b42b15,3,e,乙,F,sig_e,,F,True,3,148,146,F → U,149,0.0003504725519043864,price,,149,0.00017857811947841334,price,,0.00035129738499384776,0.01873710622997919,0.01873710622997919,,,True,31,24,7,32
1a,2,4,wave1_1a_w2_s4_c792,c7921598,R_2616bfa67113bd38,6,e,甲,F,sig_e,,F,True,6,166,161,F → U → 定義ごと消えた,167,0.0003507751394710011,price,,167,0.00022378561446881014,price,,0.00035129738499384776,0.01873710622997919,0.01873710622997919,743,743,False,3,3,0,4
1a,2,4,wave1_1a_w2_s4_c792,c7921598,R_0e5d236bf5b42b15_t106,106,e,乙,F,sig_e,,F,True,106,310,205,F → U,311,0.00035047541170407046,price,,311,0.00032145539090846337,price,,0.00035129738499384776,0.01873710622997919,0.01873710622997919,,,True,9,9,0,10
1a,2,4,wave1_1a_w2_s4_c792,c7921598,R_8b0d2a6b7293001d,110,e,甲,F,sig_e,,F,True,110,315,206,F → U,316,0.0003506888652697997,price,,316,0.00025693125960231324,price,,0.00035129738499384776,0.01873710622997919,0.01873710622997919,,,True,17,16,1,18
1a,2,4,wave1_1a_w2_s4_c792,c7921598,R_0e5d236bf5b42b15_t528,528,e,乙,F,sig_e,,F,True,528,743,216,F → U,744,0.00035082120250828994,price,,744,0.00029906793441818755,price,,0.00035129738499384776,0.01873710622997919,0.01873710622997919,,,True,15,15,0,16
1a,2,4,wave1_1a_w2_s4_c792,c7921598,R_6734a71b4bfa8e9e,632,e,甲,F,sig_e,,F,True,632,1208,577,F → H → U,748,-1.7849078593756413,neg,sig_e:3,1209,0.0003509487403398737,price,sig_e:3,0.00035129738499384776,0.01873710622997919,0.01873710622997919,,,True,2,2,0,3
1a,2,4,wave1_1a_w2_s4_c792,c7921598,R_8b0d2a6b7293001d_t676,676,e,甲,F,sig_e,,F,True,676,1739,1064,F,,,,,,,,,0.00035129738499384776,,,,,True,80,80,0,81
1a,2,4,wave1_1a_w2_s4_c792,c7921598,R_b6c15eaf75ec247c,918,e,乙,F,sig_e,,F,True,918,1137,220,F → U,1138,0.00035126327559698495,price,,1138,0.00035030737192560404,price,,0.00035129738499384776,0.01873710622997919,0.01873710622997919,,,True,0,0,0,1
1a,2,4,wave1_1a_w2_s4_c792,c7921598,R_8307fbbf05ba494f,1014,e,乙,F,sig_e,,F,True,1014,1553,540,F → H → 定義ごと消えた,1234,0.0003504286443400829,price,sig_e:1,,,,,0.00035129738499384776,0.01873710622997919,,1554,1554,False,2,2,0,3
1a,2,4,wave1_1a_w2_s4_c792,c7921598,R_0e5d236bf5b42b15_t1041,1041,e,乙,F,sig_e,,F,True,1041,1739,699,F → H,1261,0.00035061548933321786,price,sig_e:13,,,,,0.00035129738499384776,0.01873710622997919,,,,True,28,28,0,29
1a,2,5,wave1_1a_w2_s5_c792,c7921598,R_7b6b1008b48c1115_t43,43,n,甲,F,sig_n,,F,False,366,706,341,F → H → U,218,0.000351189605929164,price,sig_n:63,707,0.0003509253543191475,price,"sig_e:3,sig_n:253",0.00035129738499384776,0.01873710622997919,0.01873710622997919,,,True,748,94,654,749
1a,2,5,wave1_1a_w2_s5_c792,c7921598,R_0aa7a1980d3349e7,59,e,甲,F,sig_e,,F,True,59,293,235,F → U,294,0.00035080097038834077,price,,294,0.00028815542021493875,price,,0.00035129738499384776,0.01873710622997919,0.01873710622997919,,,True,2,2,0,3
1a,2,5,wave1_1a_w2_s5_c792,c7921598,R_d889d8ee2748b4a6,91,e,乙,F,sig_e,,F,True,91,299,209,F → U,300,0.00035028365495731826,price,,300,0.000324278663116619,price,,0.00035129738499384776,0.01873710622997919,0.01873710622997919,,,True,1,1,0,2
1a,2,5,wave1_1a_w2_s5_c792,c7921598,R_3ad0209336a6e37e,102,e,乙,F,sig_e,,F,True,102,921,820,F → H → U,298,0.0003506594144728807,price,sig_e:1,922,0.0003510231919403925,price,sig_e:1,0.00035129738499384776,0.01873710622997919,0.01873710622997919,,,True,0,0,0,1
1a,2,5,wave1_1a_w2_s5_c792,c7921598,R_8b0d2a6b7293001d,104,e,甲,F,sig_e,,F,True,104,1739,1636,F,,,,,,,,,0.00035129738499384776,,,,,True,100,100,0,101
1a,2,5,wave1_1a_w2_s5_c792,c7921598,R_0e5d236bf5b42b15,106,e,乙,F,sig_e,,F,True,106,1739,1634,F,,,,,,,,,0.00035129738499384776,,,,,True,114,114,0,115
1a,2,6,wave1_1a_w2_s6_c792,c7921598,R_8b0d2a6b7293001d,201,e,甲,F,sig_e,,F,True,201,614,414,F → U,615,0.0003509674446083027,price,,615,0.0001737904343035998,price,,0.00035129738499384776,0.01873710622997919,0.01873710622997919,,,True,37,33,4,38
1a,2,6,wave1_1a_w2_s6_c792,c7921598,R_0e5d236bf5b42b15,305,e,乙,F,sig_e,,F,True,305,510,206,F → U,511,0.0003509870716244165,price,,511,0.00027597308832677156,price,,0.00035129738499384776,0.01873710622997919,0.01873710622997919,,,True,56,21,35,57
1a,2,6,wave1_1a_w2_s6_c792,c7921598,R_8b0d2a6b7293001d_t603,603,e,甲,F,sig_e,,F,True,603,1291,689,F → U,1292,0.00035105855740864155,price,,1292,0.00018715229007003939,price,,0.00035129738499384776,0.01873710622997919,0.01873710622997919,,,True,22,22,0,23
1a,2,6,wave1_1a_w2_s6_c792,c7921598,R_3ad0209336a6e37e,701,e,乙,F,sig_e,,F,True,701,959,259,F → H → U → 定義ごと消えた,941,0.0003510063261219887,price,sig_e:1,960,0.00035055994748144564,price,sig_e:1,0.00035129738499384776,0.01873710622997919,0.01873710622997919,1681,1681,False,0,0,0,1
1a,2,6,wave1_1a_w2_s6_c792,c7921598,R_b6c15eaf75ec247c,834,e,乙,F,sig_e,,F,True,834,1592,759,F → H → U,980,-1.806704359578536,neg,sig_e:1,1593,0.00035125557208388365,price,"sig_e:1,sig_n:11",0.00035129738499384776,0.01873710622997919,0.01873710622997919,,,True,11,0,11,12
1a,2,6,wave1_1a_w2_s6_c792,c7921598,R_0e5d236bf5b42b15_t853,853,e,乙,F,sig_e,,F,True,853,1739,887,F,,,,,,,,,0.00035129738499384776,,,,,True,47,46,1,48
1a,2,6,wave1_1a_w2_s6_c792,c7921598,R_8b0d2a6b7293001d_t888,888,e,甲,F,sig_e,,F,True,888,1088,201,F → U,1089,0.000350227318224897,price,,1089,0.00023781771911870597,price,,0.00035129738499384776,0.01873710622997919,0.01873710622997919,,,True,26,26,0,27
1a,2,6,wave1_1a_w2_s6_c792,c7921598,R_8b0d2a6b7293001d_t1487,1487,e,甲,F,sig_e,,F,True,1487,1703,217,F → U,1704,0.0003507770283191656,price,,1704,0.0002696779743582292,price,,0.00035129738499384776,0.01873710622997919,0.01873710622997919,,,True,12,12,0,13
1a,2,7,wave1_1a_w2_s7_c792,c7921598,R_5ccd1331eec89856,22,e,甲,F,sig_e,,F,True,22,218,197,F → H → U,208,0.00035042846328318163,price,sig_e:1,219,0.0003512194681651724,price,sig_e:1,0.00035129738499384776,0.01873710622997919,0.01873710622997919,,,True,4,4,0,5
1a,2,7,wave1_1a_w2_s7_c792,c7921598,R_cb63a1ebfc31098d,35,n,乙,F,sig_n,,F,False,659,1739,1081,F → H,202,0.0003501558368919488,price,sig_n:72,,,,,0.00035129738499384776,0.01873710622997919,,,,True,629,33,596,630
1a,2,7,wave1_1a_w2_s7_c792,c7921598,R_0e5d236bf5b42b15,36,e,乙,F,sig_e,,F,True,36,251,216,F → U,252,0.00035086136392659855,price,,252,0.00025358583844128544,price,,0.00035129738499384776,0.01873710622997919,0.01873710622997919,,,True,30,21,9,31
1a,2,7,wave1_1a_w2_s7_c792,c7921598,R_8b0d2a6b7293001d,51,e,甲,F,sig_e,,F,True,51,515,465,F → H → U,253,0.00035111568461804833,price,sig_e:19,516,0.0003508475962524844,price,"sig_e:25,sig_n:1",0.00035129738499384776,0.01873710622997919,0.01873710622997919,,,True,30,29,1,31
1a,2,7,wave1_1a_w2_s7_c792,c7921598,R_d889d8ee2748b4a6,388,e,乙,F,sig_e,,F,True,388,639,252,F → H → U → 定義ごと消えた,630,0.00035083037501221567,price,sig_e:1,640,0.00035053733246841336,price,sig_e:1,0.00035129738499384776,0.01873710622997919,0.01873710622997919,1286,1286,False,3,3,0,4
1a,2,7,wave1_1a_w2_s7_c792,c7921598,R_0e5d236bf5b42b15_t455,455,e,乙,F,sig_e,,F,True,455,1705,1251,F → U,1706,0.00035115633562205867,price,,1706,0.0001373116797628023,price,,0.00035129738499384776,0.01873710622997919,0.01873710622997919,,,True,61,60,1,62
1a,2,7,wave1_1a_w2_s7_c792,c7921598,R_2616bfa67113bd38,795,e,甲,F,sig_e,,F,True,795,1033,239,F → H → U → 定義ごと消えた,1032,0.00035087113676611866,price,sig_e:1,1034,0.00035124288807310386,price,sig_e:1,0.00035129738499384776,0.01873710622997919,0.01873710622997919,1423,1423,False,3,3,0,4
1a,2,7,wave1_1a_w2_s7_c792,c7921598,R_28b90e6a8809edd4,819,e,甲,F,sig_e,,F,True,819,1292,474,F → H → U,1019,0.00035081128900243166,price,sig_e:1,1293,0.0003512920728170851,price,sig_e:7,0.00035129738499384776,0.01873710622997919,0.01873710622997919,,,True,16,16,0,17
1a,2,7,wave1_1a_w2_s7_c792,c7921598,R_8b0d2a6b7293001d_t822,822,e,甲,F,sig_e,,F,True,822,1654,833,F → H → U,1022,0.00035103119695466305,price,sig_e:8,1655,0.0003510172838384826,price,"sig_e:16,sig_n:1",0.00035129738499384776,0.01873710622997919,0.01873710622997919,,,True,17,16,1,18
1a,2,7,wave1_1a_w2_s7_c792,c7921598,R_8307fbbf05ba494f,960,e,乙,F,sig_e,,F,True,960,1178,219,F → U,1179,0.0003508557567993172,price,,1179,0.00031405121094474705,price,,0.00035129738499384776,0.01873710622997919,0.01873710622997919,,,True,9,9,0,10
1a,2,7,wave1_1a_w2_s7_c792,c7921598,R_68bd0d0960ca4e4d,1101,e,乙,F,sig_e,,F,True,1101,1739,639,F → H,1318,0.0003512777298344523,price,sig_e:1,,,,,0.00035129738499384776,0.01873710622997919,,,,True,2,2,0,3
1a,2,7,wave1_1a_w2_s7_c792,c7921598,R_b3d8edbd8d7ede57,1405,n,甲,F,sig_n,,F,False,1434,1446,13,F → H → U,1414,-1.33983975841017,neg,sig_n:1,1447,0.0003509936408042164,price,"sig_e:1,sig_n:1",0.00035129738499384776,0.01873710622997919,0.01873710622997919,,,True,1,1,0,2
1a,2,7,wave1_1a_w2_s7_c792,c7921598,R_76143f573e09af68,1547,e,甲,F,sig_e,,F,True,1547,1739,193,F,,,,,,,,,0.00035129738499384776,,,,,True,3,3,0,4
1a,2,8,wave1_1a_w2_s8_c792,c7921598,R_0e5d236bf5b42b15,113,e,乙,F,sig_e,,F,True,113,280,168,F → U,281,0.0003502354331754904,price,,281,0.00026101337149300567,price,,0.00035129738499384776,0.01873710622997919,0.01873710622997919,,,True,29,22,7,30
1a,2,8,wave1_1a_w2_s8_c792,c7921598,R_8b0d2a6b7293001d,116,e,甲,F,sig_e,,F,True,116,284,169,F → U → 定義ごと消えた,285,0.0003506945388274318,price,,285,0.00026040108595272926,price,,0.00035129738499384776,0.01873710622997919,0.01873710622997919,299,299,False,12,11,1,12
1a,2,8,wave1_1a_w2_s8_c792,c7921598,R_8b0d2a6b7293001d,304,e,甲,F,sig_e,,F,True,304,1517,1214,F → U,1518,0.0003512395104836247,price,,1518,7.190352042303093e-05,price,,0.00035129738499384776,0.01873710622997919,0.01873710622997919,,,True,30,28,2,31
1a,2,8,wave1_1a_w2_s8_c792,c7921598,R_289b480627cdd4d5,632,e,甲,F,sig_e,,F,True,632,836,205,F → H → U,828,0.00035097748669510217,price,sig_e:1,837,0.0003504234173513834,price,sig_e:1,0.00035129738499384776,0.01873710622997919,0.01873710622997919,,,True,0,0,0,1
1a,2,8,wave1_1a_w2_s8_c792,c7921598,R_8b0d2a6b7293001d_t637,637,e,甲,F,sig_e,,F,True,637,1739,1103,F,,,,,,,,,0.00035129738499384776,,,,,True,55,55,0,56
1a,2,8,wave1_1a_w2_s8_c792,c7921598,R_b6c15eaf75ec247c,752,e,乙,F,sig_e,,F,True,752,998,247,F → H → U,987,0.00035096245318522423,price,sig_e:2,999,0.00035088989164396716,price,sig_e:2,0.00035129738499384776,0.01873710622997919,0.01873710622997919,,,True,1,1,0,2
1a,2,8,wave1_1a_w2_s8_c792,c7921598,R_0e5d236bf5b42b15_t890,890,e,乙,F,sig_e,,F,True,890,1739,850,F → H,1088,0.00035075456056546747,price,sig_e:6,,,,,0.00035129738499384776,0.01873710622997919,,,,True,73,52,21,74
1a,2,9,wave1_1a_w2_s9_c792,c7921598,R_28b90e6a8809edd4,13,e,甲,F,sig_e,,F,True,13,411,399,F → H → U,267,0.0003510322599255804,price,sig_e:2,412,0.00035108626824441243,price,sig_e:2,0.00035129738499384776,0.01873710622997919,0.01873710622997919,,,True,1,1,0,2
1a,2,9,wave1_1a_w2_s9_c792,c7921598,R_2616bfa67113bd38,49,e,甲,F,sig_e,,F,True,49,1310,1262,F → H → U,286,0.00035057716053547654,price,sig_e:1,1311,0.00035121058851712297,price,sig_e:1,0.00035129738499384776,0.01873710622997919,0.01873710622997919,,,True,0,0,0,1
1a,2,9,wave1_1a_w2_s9_c792,c7921598,R_28b90e6a8809edd4_t61,61,e,甲,F,sig_e,,F,True,61,1093,1033,F → H → U,275,0.0003503396893742516,price,sig_e:3,1094,0.0003512260310361062,price,sig_e:3,0.00035129738499384776,0.01873710622997919,0.01873710622997919,,,True,2,2,0,3
1a,2,9,wave1_1a_w2_s9_c792,c7921598,R_8b0d2a6b7293001d,130,e,甲,F,sig_e,,F,True,130,1739,1610,F,,,,,,,,,0.00035129738499384776,,,,,True,94,94,0,95
1a,2,9,wave1_1a_w2_s9_c792,c7921598,R_b6c15eaf75ec247c,153,e,乙,F,sig_e,,F,True,153,453,301,F → H → U,404,0.0003511360527925802,price,sig_e:2,454,0.0003508715038415114,price,sig_e:2,0.00035129738499384776,0.01873710622997919,0.01873710622997919,,,True,1,1,0,2
1a,2,9,wave1_1a_w2_s9_c792,c7921598,R_8307fbbf05ba494f,215,e,乙,F,sig_e,,F,True,215,1072,858,F → H → U,464,0.00035124411932012053,price,sig_e:2,1073,0.00035126382366423685,price,sig_e:2,0.00035129738499384776,0.01873710622997919,0.01873710622997919,,,True,1,1,0,2
1a,2,9,wave1_1a_w2_s9_c792,c7921598,R_0e5d236bf5b42b15,296,e,乙,F,sig_e,,F,True,296,1739,1444,F,,,,,,,,,0.00035129738499384776,,,,,True,54,54,0,55
1a,2,10,wave1_1a_w2_s10_c792,c7921598,R_0e5d236bf5b42b15,38,e,乙,F,sig_e,,F,True,38,233,196,F → U,234,0.0003512327112902734,price,,234,0.0002878807169009872,price,,0.00035129738499384776,0.01873710622997919,0.01873710622997919,,,True,8,8,0,9
1a,2,10,wave1_1a_w2_s10_c792,c7921598,R_3ad0209336a6e37e,293,e,乙,F,sig_e,,F,True,293,512,220,F → H → U → 定義ごと消えた,489,0.0003506227735266477,price,sig_e:2,513,0.00035045804259979484,price,sig_e:2,0.00035129738499384776,0.01873710622997919,0.01873710622997919,1241,1241,False,2,2,0,3
1a,2,10,wave1_1a_w2_s10_c792,c7921598,R_8b0d2a6b7293001d,345,e,甲,F,sig_e,,F,True,345,1163,819,F → U,1164,0.0003510518685306022,price,,1164,9.104246776204008e-05,price,,0.00035129738499384776,0.01873710622997919,0.01873710622997919,,,True,114,62,52,115
1a,2,10,wave1_1a_w2_s10_c792,c7921598,R_d70bf2d6819ef83d,384,e,乙,F,sig_e,,F,True,384,1132,749,F → H → U,593,0.00035079550632680486,price,sig_e:2,1133,0.0003510524337555815,price,"sig_e:2,sig_n:6",0.00035129738499384776,0.01873710622997919,0.01873710622997919,,,True,16,3,13,17
1a,2,10,wave1_1a_w2_s10_c792,c7921598,R_22604ec5e16d756f,484,e,乙,F,sig_e,,F,True,484,1739,1256,F,,,,,,,,,0.00035129738499384776,,,,,True,0,0,0,1
1a,2,10,wave1_1a_w2_s10_c792,c7921598,R_0e5d236bf5b42b15_t551,551,e,乙,F,sig_e,,F,True,551,1739,1189,F,,,,,,,,,0.00035129738499384776,,,,,True,110,91,19,111
1a,2,10,wave1_1a_w2_s10_c792,c7921598,R_8b0d2a6b7293001d_t704,704,e,甲,F,sig_e,,F,True,704,1739,1036,F → H,912,0.00035032474209242885,price,sig_e:15,,,,,0.00035129738499384776,0.01873710622997919,,,,True,18,18,0,19
1a,2,10,wave1_1a_w2_s10_c792,c7921598,R_8b0d2a6b7293001d_t1005,1005,e,甲,F,sig_e,,F,True,1005,1739,735,F → H,1232,0.0003506526450287959,price,sig_e:13,,,,,0.00035129738499384776,0.01873710622997919,,,,True,12,12,0,13
1a,2,10,wave1_1a_w2_s10_c792,c7921598,R_2616bfa67113bd38,1233,e,甲,F,sig_e,,F,True,1233,1424,192,F → U,1425,0.00035124321552393014,price,,1425,-0.0014412183587272484,neg,,0.00035129738499384776,0.01873710622997919,0.01873710622997919,,,True,0,0,0,1
1a,2,10,wave1_1a_w2_s10_c792,c7921598,R_8b0d2a6b7293001d_t1239,1239,e,甲,F,sig_e,,F,True,1239,1431,193,F → U,1432,0.0003503278102255422,price,,1432,0.0002928745123865224,price,,0.00035129738499384776,0.01873710622997919,0.01873710622997919,,,True,14,14,0,15
1a,2,10,wave1_1a_w2_s10_c792,c7921598,R_8b0d2a6b7293001d_t1596,1596,e,甲,F,sig_e,,F,True,1596,1739,144,F,,,,,,,,,0.00035129738499384776,,,,,True,11,11,0,12
1b,2,11,wave1_1b_w2_s11_c792,c7921598,R_3ad0209336a6e37e,15,e,乙,F,sig_e,,F,True,15,251,237,F → H → U → 定義ごと消えた,206,0.0003507253167742948,price,sig_e:1,252,0.00035052821499978644,price,sig_e:1,0.00035129738499384776,0.01873710622997919,0.01873710622997919,1405,1405,False,2,2,0,3
1b,2,11,wave1_1b_w2_s11_c792,c7921598,R_0e5d236bf5b42b15,32,e,乙,F,sig_e,,F,True,32,1739,1708,F → H,238,0.00035090512569978857,price,sig_e:10,,,,,0.00035129738499384776,0.01873710622997919,,,,True,61,61,0,62
1b,2,11,wave1_1b_w2_s11_c792,c7921598,R_8b0d2a6b7293001d,33,e,甲,F,sig_e,,F,True,33,221,189,F → U,222,0.0003506780064653392,price,,222,0.0002446759566242184,price,,0.00035129738499384776,0.01873710622997919,0.01873710622997919,,,True,22,20,2,23
1b,2,11,wave1_1b_w2_s11_c792,c7921598,R_7b6b1008b48c1115,49,n,甲,F,sig_n,,F,False,608,1739,1132,F → H,217,0.00035004975168204247,price,sig_n:67,,,,,0.00035129738499384776,0.01873710622997919,,,,True,475,60,415,476
1b,2,11,wave1_1b_w2_s11_c792,c7921598,R_8b0d2a6b7293001d_t449,449,e,甲,F,sig_e,,F,True,449,645,197,F → U,646,0.00035047688294076934,price,,646,0.00026962857602939595,price,,0.00035129738499384776,0.01873710622997919,0.01873710622997919,,,True,110,76,34,111
1b,2,12,wave1_1b_w2_s12_c792,c7921598,R_0e5d236bf5b42b15,13,e,乙,F,sig_e,,F,True,13,215,203,F → U,216,0.00035107339737110513,price,,216,0.00023169168195336464,price,,0.00035129738499384776,0.01873710622997919,0.01873710622997919,,,True,21,21,0,22
1b,2,12,wave1_1b_w2_s12_c792,c7921598,R_76143f573e09af68,27,e,甲,F,sig_e,,F,True,27,253,227,F → U,254,0.0003512756340832621,price,,254,0.00030425585518785187,price,,0.00035129738499384776,0.01873710622997919,0.01873710622997919,,,True,16,4,12,17
1b,2,12,wave1_1b_w2_s12_c792,c7921598,R_0aa7a1980d3349e7,61,e,甲,F,sig_e,,F,True,61,1185,1125,F → H → U,289,0.0003505143214836232,price,sig_e:3,1186,0.000351280111824271,price,sig_e:3,0.00035129738499384776,0.01873710622997919,0.01873710622997919,,,True,2,2,0,3
1b,2,12,wave1_1b_w2_s12_c792,c7921598,R_5ccd1331eec89856,160,e,甲,F,sig_e,,F,True,160,361,202,F → U → 定義ごと消えた,362,0.0003510338042287578,price,,362,0.00034391298804859664,price,,0.00035129738499384776,0.01873710622997919,0.01873710622997919,580,580,False,0,0,0,1
1b,2,12,wave1_1b_w2_s12_c792,c7921598,R_8b0d2a6b7293001d,165,e,甲,F,sig_e,,F,True,165,773,609,F → H → U,367,0.00035129569096188916,price,sig_e:13,774,0.000335359403019973,price,"sig_e:36,sig_n:126",0.00035129738499384776,0.01873710622997919,0.01873710622997919,,,True,448,108,340,449
1b,2,12,wave1_1b_w2_s12_c792,c7921598,R_22604ec5e16d756f,312,e,乙,F,sig_e,,F,True,312,530,219,F → U,531,0.0003510536983398257,price,,531,0.00029532466861815864,price,,0.00035129738499384776,0.01873710622997919,0.01873710622997919,,,True,6,6,0,7
1b,2,12,wave1_1b_w2_s12_c792,c7921598,R_0e5d236bf5b42b15_t340,340,e,乙,F,sig_e,,F,True,340,1220,881,F → H → U,1135,0.00035124516933527234,price,sig_e:41,1221,0.00035125899999038045,price,"sig_e:54,sig_n:6",0.00035129738499384776,0.01873710622997919,0.01873710622997919,,,True,283,90,193,284
1b,2,12,wave1_1b_w2_s12_c792,c7921598,R_d70bf2d6819ef83d,853,e,乙,F,sig_e,,F,True,853,1739,887,F,,,,,,,,,0.00035129738499384776,,,,,True,5,5,0,6
1b,2,12,wave1_1b_w2_s12_c792,c7921598,R_8b0d2a6b7293001d_t1065,1065,e,甲,F,sig_e,,F,True,1065,1739,675,F,,,,,,,,,0.00035129738499384776,,,,,True,32,32,0,33
1b,2,13,wave1_1b_w2_s13_c792,c7921598,R_8b0d2a6b7293001d,15,e,甲,F,sig_e,,F,True,15,214,200,F → H → U,174,0.0003504994604215039,price,sig_e:4,215,0.0003503053619623298,price,sig_e:4,0.00035129738499384776,0.01873710622997919,0.01873710622997919,,,True,28,28,0,29
1b,2,13,wave1_1b_w2_s13_c792,c7921598,R_0e5d236bf5b42b15,104,e,乙,F,sig_e,,F,True,104,282,179,F → U,283,0.00035049709244363176,price,,283,0.0002680672725108113,price,,0.00035129738499384776,0.01873710622997919,0.01873710622997919,,,True,20,20,0,21
1b,2,13,wave1_1b_w2_s13_c792,c7921598,R_68bd0d0960ca4e4d,378,e,乙,F,sig_e,,F,True,378,608,231,F → U,609,0.00035103268753741007,price,,609,0.0003115924523320369,price,,0.00035129738499384776,0.01873710622997919,0.01873710622997919,,,True,2,2,0,3
1b,2,13,wave1_1b_w2_s13_c792,c7921598,R_b6c15eaf75ec247c,425,e,乙,F,sig_e,,F,True,425,657,233,F → U,658,0.0003512677330952812,price,,658,0.00030868290566447295,price,,0.00035129738499384776,0.01873710622997919,0.01873710622997919,,,True,2,2,0,3
1b,2,13,wave1_1b_w2_s13_c792,c7921598,R_d70bf2d6819ef83d,499,e,乙,F,sig_e,,F,True,499,1353,855,F → H → U,638,-1.8015977998142054,neg,sig_e:5,1354,0.0003510539493352002,price,sig_e:7,0.00035129738499384776,0.01873710622997919,0.01873710622997919,,,True,6,6,0,7
1b,2,13,wave1_1b_w2_s13_c792,c7921598,R_0e5d236bf5b42b15_t626,626,e,乙,F,sig_e,,F,True,626,1739,1114,F,,,,,,,,,0.00035129738499384776,,,,,True,50,50,0,51
1b,2,14,wave1_1b_w2_s14_c792,c7921598,R_76143f573e09af68,103,e,甲,F,sig_e,,F,True,103,329,227,F → H → U → 定義ごと消えた,318,0.00035075174124380885,price,sig_e:1,330,0.00035092394467285253,price,sig_e:1,0.00035129738499384776,0.01873710622997919,0.01873710622997919,1736,1736,False,6,6,0,7
1b,2,14,wave1_1b_w2_s14_c792,c7921598,R_0e5d236bf5b42b15,105,e,乙,F,sig_e,,F,True,105,301,197,F → U,302,0.0003511282186692253,price,,302,0.0003072716933050347,price,,0.00035129738499384776,0.01873710622997919,0.01873710622997919,,,True,43,42,1,44
1b,2,14,wave1_1b_w2_s14_c792,c7921598,R_8b0d2a6b7293001d,138,e,甲,F,sig_e,,F,True,138,1739,1602,F → H,377,0.0003505144269581061,price,sig_e:18,,,,,0.00035129738499384776,0.01873710622997919,,,,True,89,85,4,90
1b,2,14,wave1_1b_w2_s14_c792,c7921598,R_0e5d236bf5b42b15_t444,444,e,乙,F,sig_e,,F,True,444,911,468,F → U,912,0.0003510410696275389,price,,912,0.00015131152480888136,price,,0.00035129738499384776,0.01873710622997919,0.01873710622997919,,,True,21,21,0,22
1b,2,14,wave1_1b_w2_s14_c792,c7921598,R_3ad0209336a6e37e,621,e,乙,F,sig_e,,F,True,621,1565,945,F → U,1566,0.00035110287289976083,price,,1566,0.00012371934038784207,price,,0.00035129738499384776,0.01873710622997919,0.01873710622997919,,,True,0,0,0,1
1b,2,14,wave1_1b_w2_s14_c792,c7921598,R_8307fbbf05ba494f,758,e,乙,F,sig_e,,F,True,758,1004,247,F → H → U,992,0.0003512631168609657,price,sig_e:1,1005,0.00035103564272608105,price,sig_e:1,0.00035129738499384776,0.01873710622997919,0.01873710622997919,,,True,0,0,0,1
1b,2,14,wave1_1b_w2_s14_c792,c7921598,R_0e5d236bf5b42b15_t1157,1157,e,乙,F,sig_e,,F,True,1157,1354,198,F → U,1355,0.0003507871575884894,price,,1355,0.00026214277535519366,price,,0.00035129738499384776,0.01873710622997919,0.01873710622997919,,,True,11,11,0,12
1b,2,14,wave1_1b_w2_s14_c792,c7921598,R_0e5d236bf5b42b15_t1511,1511,e,乙,F,sig_e,,F,True,1511,1739,229,F,,,,,,,,,0.00035129738499384776,,,,,True,9,9,0,10
1b,2,15,wave1_1b_w2_s15_c792,c7921598,R_68bd0d0960ca4e4d,50,e,乙,F,sig_e,,F,True,50,290,241,F → H → U → 定義ごと消えた,266,0.00035053210907679254,price,sig_e:1,291,0.0003508744977023824,price,sig_e:1,0.00035129738499384776,0.01873710622997919,0.01873710622997919,765,765,False,18,4,14,19
1b,2,15,wave1_1b_w2_s15_c792,c7921598,R_e10c53c730c7a91a,77,e,乙,F,sig_e,,F,True,77,1107,1031,F → H → U,297,0.00035080523621298416,price,sig_e:3,1108,0.00035121740985663005,price,sig_e:3,0.00035129738499384776,0.01873710622997919,0.01873710622997919,,,True,2,2,0,3
1b,2,15,wave1_1b_w2_s15_c792,c7921598,R_0e5d236bf5b42b15,86,e,乙,F,sig_e,,F,True,86,1739,1654,F → H,286,0.0003503417505877232,price,sig_e:10,,,,,0.00035129738499384776,0.01873710622997919,,,,True,93,76,17,94
1b,2,15,wave1_1b_w2_s15_c792,c7921598,R_28b90e6a8809edd4,421,e,甲,F,sig_e,,F,True,421,1739,1319,F,,,,,,,,,0.00035129738499384776,,,,,True,8,8,0,9
1b,2,16,wave1_1b_w2_s16_c792,c7921598,R_8b0d2a6b7293001d,122,e,甲,F,sig_e,,F,True,122,300,179,F → U,301,0.0003509034016046212,price,,301,0.0002714770328338931,price,,0.00035129738499384776,0.01873710622997919,0.01873710622997919,,,True,19,19,0,20
1b,2,16,wave1_1b_w2_s16_c792,c7921598,R_22604ec5e16d756f,218,e,乙,F,sig_e,,F,True,218,432,215,F → H → U,421,0.0003506785129482029,price,sig_e:1,433,0.0003507869321250234,price,sig_e:1,0.00035129738499384776,0.01873710622997919,0.01873710622997919,,,True,2,2,0,3
1b,2,16,wave1_1b_w2_s16_c792,c7921598,R_0e5d236bf5b42b15,223,e,乙,F,sig_e,,F,True,223,636,414,F → H → U,426,0.00035117046043266816,price,sig_e:13,637,0.0003511986950316748,price,sig_e:18,0.00035129738499384776,0.01873710622997919,0.01873710622997919,,,True,17,17,0,18
1b,2,16,wave1_1b_w2_s16_c792,c7921598,R_cb63a1ebfc31098d_t325,325,n,乙,F,sig_n,,F,False,612,666,55,F → H → U,477,0.00035084245173799643,price,sig_n:59,667,0.0003510893084926791,price,"sig_e:1,sig_n:121",0.00035129738499384776,0.01873710622997919,0.01873710622997919,,,True,134,14,120,135
1b,2,16,wave1_1b_w2_s16_c792,c7921598,R_0aa7a1980d3349e7,506,e,甲,F,sig_e,,F,True,506,700,195,F → U,701,0.00035028296813677007,price,,701,0.00034944230248946777,price,,0.00035129738499384776,0.01873710622997919,0.01873710622997919,,,True,1,1,0,2
1b,2,16,wave1_1b_w2_s16_c792,c7921598,R_8b0d2a6b7293001d_t550,550,e,甲,F,sig_e,,F,True,550,1739,1190,F → H,743,0.00035046747049176824,price,sig_e:6,,,,,0.00035129738499384776,0.01873710622997919,,,,True,72,72,0,73
1b,2,16,wave1_1b_w2_s16_c792,c7921598,R_68bd0d0960ca4e4d,562,e,乙,F,sig_e,,F,True,562,793,232,F → H → U,792,0.00035042944159154195,price,sig_e:1,794,0.0003510365477753245,price,sig_e:1,0.00035129738499384776,0.01873710622997919,0.01873710622997919,,,True,5,5,0,6
1b,2,16,wave1_1b_w2_s16_c792,c7921598,R_0e5d236bf5b42b15_t566,566,e,乙,F,sig_e,,F,True,566,1739,1174,F,,,,,,,,,0.00035129738499384776,,,,,True,25,25,0,26
1b,2,16,wave1_1b_w2_s16_c792,c7921598,R_22604ec5e16d756f_t896,896,e,乙,F,sig_e,,F,True,896,1115,220,F → H → U,1108,0.0003511044124970594,price,sig_e:1,1116,0.0003503476911580763,price,sig_e:1,0.00035129738499384776,0.01873710622997919,0.01873710622997919,,,True,1,1,0,2
1b,2,16,wave1_1b_w2_s16_c792,c7921598,R_8307fbbf05ba494f,965,e,乙,F,sig_e,,F,True,965,1190,226,F → H → U,1180,0.0003506231635418319,price,sig_e:1,1191,0.0003511254658853023,price,sig_e:1,0.00035129738499384776,0.01873710622997919,0.01873710622997919,,,True,3,3,0,4
1b,2,16,wave1_1b_w2_s16_c792,c7921598,R_d70bf2d6819ef83d,1070,e,乙,F,sig_e,,F,True,1070,1739,670,F,,,,,,,,,0.00035129738499384776,,,,,True,17,17,0,18
1b,2,16,wave1_1b_w2_s16_c792,c7921598,R_e10c53c730c7a91a,1137,e,乙,F,sig_e,,F,True,1137,1334,198,F → H → U,1153,-1.737766741648036,neg,sig_e:1,1335,0.0003503226727119066,price,sig_e:1,0.00035129738499384776,0.01873710622997919,0.01873710622997919,,,True,0,0,0,1
1b,2,16,wave1_1b_w2_s16_c792,c7921598,R_e10c53c730c7a91a_t1376,1376,e,乙,F,sig_e,,F,True,1376,1615,240,F → H → U,1469,-1.7683945015609714,neg,sig_e:2,1616,0.0003511781110998644,price,sig_e:2,0.00035129738499384776,0.01873710622997919,0.01873710622997919,,,True,1,1,0,2
1b,2,16,wave1_1b_w2_s16_c792,c7921598,R_68bd0d0960ca4e4d_t1714,1714,e,乙,F,sig_e,,F,True,1714,1739,26,F,,,,,,,,,0.00035129738499384776,,,,,True,0,0,0,1
1b,2,17,wave1_1b_w2_s17_c792,c7921598,R_0e5d236bf5b42b15,10,e,乙,F,sig_e,,F,True,10,199,190,F → U,200,0.00035094104085006016,price,,200,0.00023244462549274042,price,,0.00035129738499384776,0.01873710622997919,0.01873710622997919,,,True,165,59,106,166
1b,2,17,wave1_1b_w2_s17_c792,c7921598,R_8b0d2a6b7293001d,123,e,甲,F,sig_e,,F,True,123,312,190,F → U,313,0.0003505505273240059,price,,313,0.0002742788751676014,price,,0.00035129738499384776,0.01873710622997919,0.01873710622997919,,,True,15,15,0,16
1b,2,17,wave1_1b_w2_s17_c792,c7921598,R_0e5d236bf5b42b15_t359,359,e,乙,F,sig_e,,F,True,359,583,225,F → U,584,0.00035067259081875504,price,,584,0.00023710070275388784,price,,0.00035129738499384776,0.01873710622997919,0.01873710622997919,,,True,23,22,1,24
1b,2,17,wave1_1b_w2_s17_c792,c7921598,R_8b0d2a6b7293001d_t438,438,e,甲,F,sig_e,,F,True,438,628,191,F → U,629,0.0003511955311470928,price,,629,0.00025858316318094554,price,,0.00035129738499384776,0.01873710622997919,0.01873710622997919,,,True,61,61,0,62
1b,2,17,wave1_1b_w2_s17_c792,c7921598,R_3ad0209336a6e37e,690,e,乙,F,sig_e,,F,True,690,1739,1050,F,,,,,,,,,0.00035129738499384776,,,,,True,0,0,0,1
1b,2,17,wave1_1b_w2_s17_c792,c7921598,R_0e5d236bf5b42b15_t746,746,e,乙,F,sig_e,,F,True,746,940,195,F → U,941,0.0003503025540466407,price,,941,0.0002580179182296534,price,,0.00035129738499384776,0.01873710622997919,0.01873710622997919,,,True,24,15,9,25
1b,2,17,wave1_1b_w2_s17_c792,c7921598,R_0e5d236bf5b42b15_t1018,1018,e,乙,F,sig_e,,F,True,1018,1251,234,F → U,1252,0.0003505017143164782,price,,1252,0.00026250294762648,price,,0.00035129738499384776,0.01873710622997919,0.01873710622997919,,,True,11,11,0,12
1b,2,17,wave1_1b_w2_s17_c792,c7921598,R_0e5d236bf5b42b15_t1578,1578,e,乙,F,sig_e,,F,True,1578,1739,162,F,,,,,,,,,0.00035129738499384776,,,,,True,5,5,0,6
1b,2,18,wave1_1b_w2_s18_c792,c7921598,R_28b90e6a8809edd4,3,e,甲,F,sig_e,,F,True,3,153,151,F → U → 定義ごと消えた,154,0.0003509546073196352,price,,154,0.0002863549343891975,price,,0.00035129738499384776,0.01873710622997919,0.01873710622997919,806,806,False,9,2,7,10
1b,2,18,wave1_1b_w2_s18_c792,c7921598,R_0e5d236bf5b42b15,11,e,乙,F,sig_e,,F,True,11,164,154,F → U,165,0.00035078355204781585,price,,165,0.00027549401645331705,price,,0.00035129738499384776,0.01873710622997919,0.01873710622997919,,,True,9,8,1,10
1b,2,18,wave1_1b_w2_s18_c792,c7921598,R_2616bfa67113bd38,93,e,甲,F,sig_e,,F,True,93,1739,1647,F,,,,,,,,,0.00035129738499384776,,,,,True,15,14,1,16
1b,2,18,wave1_1b_w2_s18_c792,c7921598,R_0e5d236bf5b42b15_t302,302,e,乙,F,sig_e,,F,True,302,519,218,F → U,520,0.00035086841489401075,price,,520,0.0002581366272788417,price,,0.00035129738499384776,0.01873710622997919,0.01873710622997919,,,True,28,28,0,29
1b,2,18,wave1_1b_w2_s18_c792,c7921598,R_8b0d2a6b7293001d,469,e,甲,F,sig_e,,F,True,469,685,217,F → U,686,0.0003503519666023167,price,,686,0.0002563812298683175,price,,0.00035129738499384776,0.01873710622997919,0.01873710622997919,,,True,82,73,9,83
1b,2,18,wave1_1b_w2_s18_c792,c7921598,R_0e5d236bf5b42b15_t714,714,e,乙,F,sig_e,,F,True,714,930,217,F → U,931,0.00035101015924323683,price,,931,0.0002779976860571978,price,,0.00035129738499384776,0.01873710622997919,0.01873710622997919,,,True,113,40,73,114
1b,2,18,wave1_1b_w2_s18_c792,c7921598,R_8b0d2a6b7293001d_t1040,1040,e,甲,F,sig_e,,F,True,1040,1739,700,F → H,1237,0.0003512798072167395,price,sig_e:17,,,,,0.00035129738499384776,0.01873710622997919,,,,True,41,40,1,42
1b,2,18,wave1_1b_w2_s18_c792,c7921598,R_0e5d236bf5b42b15_t1170,1170,e,乙,F,sig_e,,F,True,1170,1404,235,F → U,1405,0.00035128655406263255,price,,1405,0.0002723827476465298,price,,0.00035129738499384776,0.01873710622997919,0.01873710622997919,,,True,58,50,8,59
1b,2,19,wave1_1b_w2_s19_c792,c7921598,R_0e5d236bf5b42b15,8,e,乙,F,sig_e,,F,True,8,201,194,F → U,202,0.0003512261132136013,price,,202,0.0002497225800441814,price,,0.00035129738499384776,0.01873710622997919,0.01873710622997919,,,True,14,13,1,15
1b,2,19,wave1_1b_w2_s19_c792,c7921598,R_8b0d2a6b7293001d,106,e,甲,F,sig_e,,F,True,106,318,213,F → U,319,0.0003512713011544154,price,,319,0.00028611416438702707,price,,0.00035129738499384776,0.01873710622997919,0.01873710622997919,,,True,43,27,16,44
1b,2,19,wave1_1b_w2_s19_c792,c7921598,R_0e5d236bf5b42b15_t321,321,e,乙,F,sig_e,,F,True,321,516,196,F → U,517,0.0003505556587665819,price,,517,0.00026579253642340124,price,,0.00035129738499384776,0.01873710622997919,0.01873710622997919,,,True,71,46,25,72
1b,2,19,wave1_1b_w2_s19_c792,c7921598,R_8b0d2a6b7293001d_t432,432,e,甲,F,sig_e,,F,True,432,878,447,F → U,879,0.0003508922599419644,price,,879,0.0001971183980492762,price,,0.00035129738499384776,0.01873710622997919,0.01873710622997919,,,True,18,3,15,19
1b,2,19,wave1_1b_w2_s19_c792,c7921598,R_8b0d2a6b7293001d_t506,506,e,甲,F,sig_e,,F,True,506,1739,1234,F,,,,,,,,,0.00035129738499384776,,,,,True,70,69,1,71
1b,2,20,wave1_1b_w2_s20_c792,c7921598,R_d70bf2d6819ef83d,9,e,乙,F,sig_e,,F,True,9,1739,1731,F,,,,,,,,,0.00035129738499384776,,,,,True,7,1,6,8
1b,2,20,wave1_1b_w2_s20_c792,c7921598,R_0e5d236bf5b42b15,20,e,乙,F,sig_e,,F,True,20,1739,1720,F,,,,,,,,,0.00035129738499384776,,,,,True,102,101,1,103
1b,2,20,wave1_1b_w2_s20_c792,c7921598,R_8b0d2a6b7293001d,77,e,甲,F,sig_e,,F,True,77,1739,1663,F,,,,,,,,,0.00035129738499384776,,,,,True,142,135,7,143
