attention/f0.5000_th2.1000_vt0.3842_first_order/seed018.jsonl.gz	762ee25bd20a403bdb91dfe976968e75213e1fbb3ba8ce20745de1d14e5d01fb
attention/f0.5000_th2.1000_vt0.3842_first_order/seed018.jsonl.gz.summary.json	73b4d4732e516f60d4de4b1e1b73cb4ab0adc9a4bcc0d1cd3b9af5318607b6f1
evictions/f0.5000_th2.1000_vt0.3842_first_order/seed018.keys.jsonl.gz	5e064a4b545ef79c680b253306275ab2f505d44f97645b7ede92c9d90f0af999
evictions/f0.5000_th2.1000_vt0.3842_first_order/seed018.keys.jsonl.gz.summary.json	fa46e6e9644c43976f5f2e1f67f989351050fd7015c568ba4589a44b42d541d8
flag.json	付帯
ledgers/cells/f0.5000_th2.1000_vt0.3842_first_order/seed018.done	付帯
ledgers/cells/f0.5000_th2.1000_vt0.3842_first_order/seed018.jsonl.gz	4248ca077ca2106c8f36f03f57084ba4845aeb8cde405700f5c853feb29f7561
manifest.jsonl	付帯
side/f0.5000_th2.1000_vt0.3842_first_order/seed018.answers.csv	bf4ca446eb866394bdaaa839211e6f9d8fb33317db9d53fbffce179ed4d4113a
side/f0.5000_th2.1000_vt0.3842_first_order/seed018.jsonl	b0e058330946b85a9512bd86eb13602f1613acec8c1b2bf322b466417b635e67
side/f0.5000_th2.1000_vt0.3842_first_order/seed018.routing.jsonl	d072bd3ce64ae4452d80e7fc1844e964af92a105e63fa7de29b70ed1e66f8c32
side/f0.5000_th2.1000_vt0.3842_first_order/seed018.shop.jsonl	617a08717f4e6febb35047cb24ab8f3da0ecada01bcad4d66a195c01513b9927
side/f0.5000_th2.1000_vt0.3842_first_order/seed018.sme.jsonl.gz	6f88da30bebfc49ba6a755c43a954eafd6894e25375f8ecf3bfad0558a0b187e
side/f0.5000_th2.1000_vt0.3842_first_order/seed018.sme.states.jsonl.gz	5a13ec5daeea48e2759ba04d23004254d996b3248892207f2b7681d87ff6904e
stage2/f0.5000_th2.1000_vt0.3842_first_order/seed018.jsonl.gz	5c8eee3d4404674b09ca852365d7a62aa11622cf607e7a247fcfab2e4b760096
stage2/f0.5000_th2.1000_vt0.3842_first_order/seed018.jsonl.gz.initial.jsonl.gz	b6a714a141f5082aa8f007506652bcdc71bce6e78f1b7eaab1cee30e25b259d7
stage2/f0.5000_th2.1000_vt0.3842_first_order/seed018.jsonl.gz.rematch.jsonl.gz	54226abcce100ccdeeccebc35998603f4b74f3c6829f3070f263ef872ca43fb3
stage2/f0.5000_th2.1000_vt0.3842_first_order/seed018.jsonl.gz.rematch.summary.json	9c3adbc1c67a9ddfde45bd6cf85a773147c4737d1f7fb1cde90e5964f1bcd541
stage2/f0.5000_th2.1000_vt0.3842_first_order/seed018.jsonl.gz.summary.json	15390cfeb898c26fea2d1ddda470144df90d86f817bf24404210147d87b18c45
