attention/f0.5000_th2.1000_vt0.3842_first_order/seed013.jsonl.gz	8812880	42ac4d5c8dde28ddf9eb8ff23f63a8f837ff1287eb20f44c59ba06b6f44872cc
attention/f0.5000_th2.1000_vt0.3842_first_order/seed013.jsonl.gz.summary.json	3195	295e32bb02c5b7146d698a541280a8dbb05d0ab148d953c3a51562edb42bdc0b
evictions/f0.5000_th2.1000_vt0.3842_first_order/seed013.keys.jsonl.gz	7149678	97a089c3d78ecf1027e9b3a36b80a5fe84e0a1013fc1f2be4f6f06cc7eaf2275
evictions/f0.5000_th2.1000_vt0.3842_first_order/seed013.keys.jsonl.gz.summary.json	282	0d15a85ea844dbe55d8379abc1a98a1d5887e8f35911bc43e7e7db73086c48a0
flag.json	1823	6431caa39310e53e925621747b0bceeea8f2414289037c679334513af15dde36
ledgers/cells/f0.5000_th2.1000_vt0.3842_first_order/seed013.done	582	931966804248cd4c2b40343824648fa0a4f19480c2675e08b256bda402ca41e9
ledgers/cells/f0.5000_th2.1000_vt0.3842_first_order/seed013.jsonl.gz	25120580	a75901aa8ade36dde43180e9358d78e15b105e6d3d442bc67495d020e92ca2d5
manifest.jsonl	9776	feb6fd1046f8f6f193801a16a749fbb576c63dfdac96e5603b41ef989c9e92ee
retention/f0.5000_th2.1000_vt0.3842_first_order/seed013.jsonl	12254543	c8ca547fd67d7d60941068456154f2a804a3c7cc85b2c3bc686f000a3e067576
side/f0.5000_th2.1000_vt0.3842_first_order/seed013.answers.csv	336988	091f7d65a95aee64b2f0c5c145e041986d5531095a0c061f05d9baf0e1ec9048
side/f0.5000_th2.1000_vt0.3842_first_order/seed013.jsonl	20019350	427c494be8f43e9170f58d477be547fbca16e7d7aaf47c06eb0436c64eb7d352
side/f0.5000_th2.1000_vt0.3842_first_order/seed013.routing.jsonl	17329628	3a77d7dcec9bcddf0e2b9c80a6225207bac05531ebe986c4b7949f30c8fc5535
side/f0.5000_th2.1000_vt0.3842_first_order/seed013.shop.jsonl	78041	5462cf3a665a68b48a3f1524273165fa7a199f69c6bb91c23ba1e675c75d5155
side/f0.5000_th2.1000_vt0.3842_first_order/seed013.sme.jsonl.gz	41409523	13f02f9ec177fe9650347c8083e154f16db907fa05e47baa60d2d1702b4f9ae8
side/f0.5000_th2.1000_vt0.3842_first_order/seed013.sme.states.jsonl.gz	283046970	54b19ea919ce5a4aefcbedb38328fc50d6394554a8fb3e5f46d5cde04d13c097
side/f0.5000_th2.1000_vt0.3842_first_order/seed013.useforget.jsonl	2035139	ec8daa72b1141277e101783159f500c46c7e7a553e004662344971ff746a0a09
