row	world	seed	run	version
8	1	1	wave2_8_w1_s1_c792	c7921598
8	1	2	wave2_8_w1_s2_c792	c7921598
8	1	3	wave2_8_w1_s3_c792	c7921598
8	1	4	wave2_8_w1_s4_c792	c7921598
8	1	5	wave2_8_w1_s5_c792	c7921598
8	1	6	wave2_8_w1_s6_c792	c7921598
8	1	7	wave2_8_w1_s7_c792	c7921598
8	1	8	wave2_8_w1_s8_c792	c7921598
8	1	9	wave2_8_w1_s9_c792	c7921598
8	1	10	wave2_8_w1_s10_c792	c7921598
8	1	11		
8	1	12		
8	1	13		
8	1	14		
8	1	15		
8	1	16		
8	1	17		
8	1	18		
8	1	19		
8	1	20		
8	2	1	wave2_8_w2_s1_c792	c7921598
8	2	2	wave2_8_w2_s2_c792	c7921598
8	2	3	wave2_8_w2_s3_c792	c7921598
8	2	4	wave2_8_w2_s4_c792	c7921598
8	2	5	wave2_8_w2_s5_c792	c7921598
8	2	6	wave2_8_w2_s6_c792	c7921598
8	2	7	wave2_8_w2_s7_c792	c7921598
8	2	8	wave2_8_w2_s8_c792	c7921598
8	2	9	wave2_8_w2_s9_c792	c7921598
8	2	10	wave2_8_w2_s10_c792	c7921598
8	2	11		
8	2	12		
8	2	13		
8	2	14		
8	2	15		
8	2	16		
8	2	17		
8	2	18		
8	2	19		
8	2	20		
10	1	1	wave2_10_w1_s1_cdaf	daf69efd
10	1	2	wave2_10_w1_s2_cdaf	daf69efd
10	1	3	wave2_10_w1_s3_cdaf	daf69efd
10	1	4	wave2_10_w1_s4_cdaf	daf69efd
10	1	5	wave2_10_w1_s5_cdaf	daf69efd
10	1	6	wave2_10_w1_s6_cdaf	daf69efd
10	1	7	wave2_10_w1_s7_cdaf	daf69efd
10	1	8	wave2_10_w1_s8_cdaf	daf69efd
10	1	9	wave2_10_w1_s9_cdaf	daf69efd
10	1	10	wave2_10_w1_s10_cdaf	daf69efd
10	1	11		
10	1	12		
10	1	13		
10	1	14		
10	1	15		
10	1	16		
10	1	17		
10	1	18		
10	1	19		
10	1	20		
10	2	1	wave2_10_w2_s1_cdaf	daf69efd
10	2	2	wave2_10_w2_s2_cdaf	daf69efd
10	2	3	wave2_10_w2_s3_cdaf	daf69efd
10	2	4	wave2_10_w2_s4_cdaf	daf69efd
10	2	5	wave2_10_w2_s5_cdaf	daf69efd
10	2	6	wave2_10_w2_s6_cdaf	daf69efd
10	2	7	wave2_10_w2_s7_cdaf	daf69efd
10	2	8	wave2_10_w2_s8_cdaf	daf69efd
10	2	9	wave2_10_w2_s9_cdaf	daf69efd
10	2	10	wave2_10_w2_s10_cdaf	daf69efd
10	2	11		
10	2	12		
10	2	13		
10	2	14		
10	2	15		
10	2	16		
10	2	17		
10	2	18		
10	2	19		
10	2	20		
11	1	1	wave2_11_w1_s1_cdaf	daf69efd
11	1	2	wave2_11_w1_s2_cdaf	daf69efd
11	1	3	wave2_11_w1_s3_cdaf	daf69efd
11	1	4	wave2_11_w1_s4_cdaf	daf69efd
11	1	5	wave2_11_w1_s5_cdaf	daf69efd
11	1	6	wave2_11_w1_s6_cdaf	daf69efd
11	1	7	wave2_11_w1_s7_cdaf	daf69efd
11	1	8	wave2_11_w1_s8_cdaf	daf69efd
11	1	9	wave2_11_w1_s9_cdaf	daf69efd
11	1	10	wave2_11_w1_s10_cdaf	daf69efd
11	1	11		
11	1	12		
11	1	13		
11	1	14		
11	1	15		
11	1	16		
11	1	17		
11	1	18		
11	1	19		
11	1	20		
11	2	1	wave2_11_w2_s1_cdaf	daf69efd
11	2	2	wave2_11_w2_s2_cdaf	daf69efd
11	2	3	wave2_11_w2_s3_cdaf	daf69efd
11	2	4	wave2_11_w2_s4_cdaf	daf69efd
11	2	5	wave2_11_w2_s5_cdaf	daf69efd
11	2	6	wave2_11_w2_s6_cdaf	daf69efd
11	2	7	wave2_11_w2_s7_cdaf	daf69efd
11	2	8	wave2_11_w2_s8_cdaf	daf69efd
11	2	9	wave2_11_w2_s9_cdaf	daf69efd
11	2	10	wave2_11_w2_s10_cdaf	daf69efd
11	2	11		
11	2	12		
11	2	13		
11	2	14		
11	2	15		
11	2	16		
11	2	17		
11	2	18		
11	2	19		
11	2	20		
12	1	1	wave2_12_w1_s1_cdaf	daf69efd
12	1	2	wave2_12_w1_s2_cdaf	daf69efd
12	1	3	wave2_12_w1_s3_cdaf	daf69efd
12	1	4	wave2_12_w1_s4_cdaf	daf69efd
12	1	5	wave2_12_w1_s5_cdaf	daf69efd
12	1	6	wave2_12_w1_s6_cdaf	daf69efd
12	1	7	wave2_12_w1_s7_cdaf	daf69efd
12	1	8	wave2_12_w1_s8_cdaf	daf69efd
12	1	9	wave2_12_w1_s9_cdaf	daf69efd
12	1	10	wave2_12_w1_s10_cdaf	daf69efd
12	1	11		
12	1	12		
12	1	13		
12	1	14		
12	1	15		
12	1	16		
12	1	17		
12	1	18		
12	1	19		
12	1	20		
12	2	1	wave2_12_w2_s1_cdaf	daf69efd
12	2	2	wave2_12_w2_s2_cdaf	daf69efd
12	2	3	wave2_12_w2_s3_cdaf	daf69efd
12	2	4	wave2_12_w2_s4_cdaf	daf69efd
12	2	5	wave2_12_w2_s5_cdaf	daf69efd
12	2	6	wave2_12_w2_s6_cdaf	daf69efd
12	2	7	wave2_12_w2_s7_cdaf	daf69efd
12	2	8	wave2_12_w2_s8_cdaf	daf69efd
12	2	9	wave2_12_w2_s9_cdaf	daf69efd
12	2	10	wave2_12_w2_s10_cdaf	daf69efd
12	2	11		
12	2	12		
12	2	13		
12	2	14		
12	2	15		
12	2	16		
12	2	17		
12	2	18		
12	2	19		
12	2	20		
13	1	1	wave2_13_w1_s1_cdaf	daf69efd
13	1	2	wave2_13_w1_s2_cdaf	daf69efd
13	1	3	wave2_13_w1_s3_cdaf	daf69efd
13	1	4	wave2_13_w1_s4_cdaf	daf69efd
13	1	5	wave2_13_w1_s5_cdaf	daf69efd
13	1	6	wave2_13_w1_s6_cdaf	daf69efd
13	1	7	wave2_13_w1_s7_cdaf	daf69efd
13	1	8	wave2_13_w1_s8_cdaf	daf69efd
13	1	9	wave2_13_w1_s9_cdaf	daf69efd
13	1	10	wave2_13_w1_s10_cdaf	daf69efd
13	1	11		
13	1	12		
13	1	13		
13	1	14		
13	1	15		
13	1	16		
13	1	17		
13	1	18		
13	1	19		
13	1	20		
13	2	1	wave2_13_w2_s1_cdaf	daf69efd
13	2	2	wave2_13_w2_s2_cdaf	daf69efd
13	2	3	wave2_13_w2_s3_cdaf	daf69efd
13	2	4	wave2_13_w2_s4_cdaf	daf69efd
13	2	5	wave2_13_w2_s5_cdaf	daf69efd
13	2	6	wave2_13_w2_s6_cdaf	daf69efd
13	2	7	wave2_13_w2_s7_cdaf	daf69efd
13	2	8	wave2_13_w2_s8_cdaf	daf69efd
13	2	9	wave2_13_w2_s9_cdaf	daf69efd
13	2	10	wave2_13_w2_s10_cdaf	daf69efd
13	2	11		
13	2	12		
13	2	13		
13	2	14		
13	2	15		
13	2	16		
13	2	17		
13	2	18		
13	2	19		
13	2	20		
15	2	1	wave2_15_w2_s1_c792	c7921598
15	2	2	wave2_15_w2_s2_c792	c7921598
15	2	3	wave2_15_w2_s3_c792	c7921598
15	2	4	wave2_15_w2_s4_c792	c7921598
15	2	5	wave2_15_w2_s5_c792	c7921598
15	2	6	wave2_15_w2_s6_c792	c7921598
15	2	7		
15	2	8	wave2_15_w2_s8_c792	c7921598
15	2	9	wave2_15_w2_s9_c792	c7921598
15	2	10	wave2_15_w2_s10_c792	c7921598
15	2	11		
15	2	12		
15	2	13		
15	2	14		
15	2	15		
15	2	16		
15	2	17		
15	2	18		
15	2	19		
15	2	20		
16	2	1	wave2_16_w2_s1_c792	c7921598
16	2	2	wave2_16_w2_s2_c792	c7921598
16	2	3	wave2_16_w2_s3_c792	c7921598
16	2	4	wave2_16_w2_s4_c792	c7921598
16	2	5	wave2_16_w2_s5_c792	c7921598
16	2	6	wave2_16_w2_s6_c792	c7921598
16	2	7		
16	2	8	wave2_16_w2_s8_c792	c7921598
16	2	9	wave2_16_w2_s9_c792	c7921598
16	2	10	wave2_16_w2_s10_c792	c7921598
16	2	11		
16	2	12		
16	2	13		
16	2	14		
16	2	15		
16	2	16		
16	2	17		
16	2	18		
16	2	19		
16	2	20		
17	2	1	wave2_17_w2_s1_cdaf	daf69efd
17	2	2	wave2_17_w2_s2_cdaf	daf69efd
17	2	3	wave2_17_w2_s3_cdaf	daf69efd
17	2	4	wave2_17_w2_s4_cdaf	daf69efd
17	2	5	wave2_17_w2_s5_cdaf	daf69efd
17	2	6	wave2_17_w2_s6_cdaf	daf69efd
17	2	7	wave2_17_w2_s7_cdaf	daf69efd
17	2	8	wave2_17_w2_s8_cdaf	daf69efd
17	2	9	wave2_17_w2_s9_cdaf	daf69efd
17	2	10	wave2_17_w2_s10_cdaf	daf69efd
17	2	11		
17	2	12		
17	2	13		
17	2	14		
17	2	15		
17	2	16		
17	2	17		
17	2	18		
17	2	19		
17	2	20		
18	2	1	wave2_18_w2_s1_cdaf	daf69efd
18	2	2	wave2_18_w2_s2_cdaf	daf69efd
18	2	3	wave2_18_w2_s3_cdaf	daf69efd
18	2	4	wave2_18_w2_s4_cdaf	daf69efd
18	2	5	wave2_18_w2_s5_cdaf	daf69efd
18	2	6	wave2_18_w2_s6_cdaf	daf69efd
18	2	7	wave2_18_w2_s7_cdaf	daf69efd
18	2	8	wave2_18_w2_s8_cdaf	daf69efd
18	2	9	wave2_18_w2_s9_cdaf	daf69efd
18	2	10	wave2_18_w2_s10_cdaf	daf69efd
18	2	11		
18	2	12		
18	2	13		
18	2	14		
18	2	15		
18	2	16		
18	2	17		
18	2	18		
18	2	19		
18	2	20		
