config,lambda,world,scope,day,n_seeds,seeds,mem_bits_mean,mem_bits_mean_sd,mem_bits_last_mean,defs_mean,F_mean,H_mean,U_mean,n_seeds_with_candidates,rate_selection_error_mean,rate_selection_error_sd,rate_absent_mean,rate_absent_sd,rate_distinction_loss_mean,rate_wrong_mean,rate_silent_mean
全部入り_L50,L50_ref,1,全課題,例外,20,"1,2,3,4,5,6,7,8,9,10,11,12,13,14,15,16,17,18,19,20",6617.136264,1236.121295,6934.500000,11.967787,96.882011,27.924540,56.291695,20,0.000273,0.001222,0.289558,0.021010,0.000000,0.000273,0.305563
全部入り_L50,L50_ref,1,全課題,通常,20,"1,2,3,4,5,6,7,8,9,10,11,12,13,14,15,16,17,18,19,20",6617.136264,1236.121295,6934.500000,11.967787,96.882011,27.924540,56.291695,20,0.000035,0.000156,0.277178,0.011928,0.000000,0.000035,0.288205
全部入り_L50,L50_ref,1,全課題,全日,20,"1,2,3,4,5,6,7,8,9,10,11,12,13,14,15,16,17,18,19,20",6617.136264,1236.121295,6934.500000,11.967787,96.882011,27.924540,56.291695,20,0.000086,0.000281,0.279684,0.011143,0.000000,0.000086,0.291724
全部入り_L50,L50_ref,1,ドア課題,例外,20,"1,2,3,4,5,6,7,8,9,10,11,12,13,14,15,16,17,18,19,20",6617.136264,1236.121295,6934.500000,11.967787,96.882011,27.924540,56.291695,20,0.000000,0.000000,0.001613,0.007213,0.000000,0.000000,0.010184
全部入り_L50,L50_ref,1,ドア課題,通常,20,"1,2,3,4,5,6,7,8,9,10,11,12,13,14,15,16,17,18,19,20",6617.136264,1236.121295,6934.500000,11.967787,96.882011,27.924540,56.291695,20,0.000000,0.000000,0.002896,0.005582,0.000000,0.000000,0.018937
全部入り_L50,L50_ref,1,ドア課題,全日,20,"1,2,3,4,5,6,7,8,9,10,11,12,13,14,15,16,17,18,19,20",6617.136264,1236.121295,6934.500000,11.967787,96.882011,27.924540,56.291695,20,0.000000,0.000000,0.002635,0.004457,0.000000,0.000000,0.017151
全部入り_L25,L25_ref,1,全課題,例外,10,"1,2,3,4,5,6,7,8,9,10",6551.351724,1204.031064,7321.600000,11.204713,103.667874,31.604483,27.880345,10,0.000000,0.000000,0.287103,0.022050,0.000000,0.000000,0.293429
全部入り_L25,L25_ref,1,全課題,通常,10,"1,2,3,4,5,6,7,8,9,10",6551.351724,1204.031064,7321.600000,11.204713,103.667874,31.604483,27.880345,10,0.000000,0.000000,0.276215,0.014716,0.000000,0.000000,0.286656
全部入り_L25,L25_ref,1,全課題,全日,10,"1,2,3,4,5,6,7,8,9,10",6551.351724,1204.031064,7321.600000,11.204713,103.667874,31.604483,27.880345,10,0.000000,0.000000,0.278391,0.013435,0.000000,0.000000,0.287931
全部入り_L25,L25_ref,1,ドア課題,例外,10,"1,2,3,4,5,6,7,8,9,10",6551.351724,1204.031064,7321.600000,11.204713,103.667874,31.604483,27.880345,10,0.000000,0.000000,0.000000,0.000000,0.000000,0.000000,0.000000
全部入り_L25,L25_ref,1,ドア課題,通常,10,"1,2,3,4,5,6,7,8,9,10",6551.351724,1204.031064,7321.600000,11.204713,103.667874,31.604483,27.880345,10,0.000000,0.000000,0.001637,0.003458,0.000000,0.000000,0.005454
全部入り_L25,L25_ref,1,ドア課題,全日,10,"1,2,3,4,5,6,7,8,9,10",6551.351724,1204.031064,7321.600000,11.204713,103.667874,31.604483,27.880345,10,0.000000,0.000000,0.001360,0.002874,0.000000,0.000000,0.004284
D_τ0.4,なし（τ0.4）,1,全課題,例外,10,"1,2,3,4,5,6,7,8,9,10",3517.019885,510.421380,3878.600000,3.241034,52.960747,0.203851,1.434540,10,0.000000,0.000000,0.289231,0.021154,0.000000,0.000000,0.293107
D_τ0.4,なし（τ0.4）,1,全課題,通常,10,"1,2,3,4,5,6,7,8,9,10",3517.019885,510.421380,3878.600000,3.241034,52.960747,0.203851,1.434540,10,0.000000,0.000000,0.276430,0.014858,0.000000,0.000000,0.278139
D_τ0.4,なし（τ0.4）,1,全課題,全日,10,"1,2,3,4,5,6,7,8,9,10",3517.019885,510.421380,3878.600000,3.241034,52.960747,0.203851,1.434540,10,0.000000,0.000000,0.279023,0.013552,0.000000,0.000000,0.281149
D_τ0.4,なし（τ0.4）,1,ドア課題,例外,10,"1,2,3,4,5,6,7,8,9,10",3517.019885,510.421380,3878.600000,3.241034,52.960747,0.203851,1.434540,10,0.000000,0.000000,0.000000,0.000000,0.000000,0.000000,0.007870
D_τ0.4,なし（τ0.4）,1,ドア課題,通常,10,"1,2,3,4,5,6,7,8,9,10",3517.019885,510.421380,3878.600000,3.241034,52.960747,0.203851,1.434540,10,0.000000,0.000000,0.001637,0.003458,0.000000,0.000000,0.002522
D_τ0.4,なし（τ0.4）,1,ドア課題,全日,10,"1,2,3,4,5,6,7,8,9,10",3517.019885,510.421380,3878.600000,3.241034,52.960747,0.203851,1.434540,10,0.000000,0.000000,0.001360,0.002874,0.000000,0.000000,0.003461
D_τ0.15,なし（τ0.15）,1,全課題,例外,10,"1,2,3,4,5,6,7,8,9,10",4630.888678,545.158009,5052.800000,5.167931,85.649828,0.000920,0.105805,10,0.000000,0.000000,0.287677,0.021628,0.000000,0.000000,0.310703
D_τ0.15,なし（τ0.15）,1,全課題,通常,10,"1,2,3,4,5,6,7,8,9,10",4630.888678,545.158009,5052.800000,5.167931,85.649828,0.000920,0.105805,10,0.000000,0.000000,0.276215,0.014716,0.000000,0.000000,0.313967
D_τ0.15,なし（τ0.15）,1,全課題,全日,10,"1,2,3,4,5,6,7,8,9,10",4630.888678,545.158009,5052.800000,5.167931,85.649828,0.000920,0.105805,10,0.000000,0.000000,0.278506,0.013416,0.000000,0.000000,0.313218
D_τ0.15,なし（τ0.15）,1,ドア課題,例外,10,"1,2,3,4,5,6,7,8,9,10",4630.888678,545.158009,5052.800000,5.167931,85.649828,0.000920,0.105805,10,0.000000,0.000000,0.000000,0.000000,0.000000,0.000000,0.000000
D_τ0.15,なし（τ0.15）,1,ドア課題,通常,10,"1,2,3,4,5,6,7,8,9,10",4630.888678,545.158009,5052.800000,5.167931,85.649828,0.000920,0.105805,10,0.000000,0.000000,0.001637,0.003458,0.000000,0.000000,0.001637
D_τ0.15,なし（τ0.15）,1,ドア課題,全日,10,"1,2,3,4,5,6,7,8,9,10",4630.888678,545.158009,5052.800000,5.167931,85.649828,0.000920,0.105805,10,0.000000,0.000000,0.001360,0.002874,0.000000,0.000000,0.001360
D＋注意_τ0.4,なし（τ0.4）,1,全課題,例外,10,"1,2,3,4,5,6,7,8,9,10",3517.120172,510.357492,3878.600000,3.241437,52.961379,0.203851,1.439713,10,0.000000,0.000000,0.289231,0.021154,0.000000,0.000000,0.293107
D＋注意_τ0.4,なし（τ0.4）,1,全課題,通常,10,"1,2,3,4,5,6,7,8,9,10",3517.120172,510.357492,3878.600000,3.241437,52.961379,0.203851,1.439713,10,0.000000,0.000000,0.276430,0.014858,0.000000,0.000000,0.278139
D＋注意_τ0.4,なし（τ0.4）,1,全課題,全日,10,"1,2,3,4,5,6,7,8,9,10",3517.120172,510.357492,3878.600000,3.241437,52.961379,0.203851,1.439713,10,0.000000,0.000000,0.279023,0.013552,0.000000,0.000000,0.281149
D＋注意_τ0.4,なし（τ0.4）,1,ドア課題,例外,10,"1,2,3,4,5,6,7,8,9,10",3517.120172,510.357492,3878.600000,3.241437,52.961379,0.203851,1.439713,10,0.000000,0.000000,0.000000,0.000000,0.000000,0.000000,0.007870
D＋注意_τ0.4,なし（τ0.4）,1,ドア課題,通常,10,"1,2,3,4,5,6,7,8,9,10",3517.120172,510.357492,3878.600000,3.241437,52.961379,0.203851,1.439713,10,0.000000,0.000000,0.001637,0.003458,0.000000,0.000000,0.002522
D＋注意_τ0.4,なし（τ0.4）,1,ドア課題,全日,10,"1,2,3,4,5,6,7,8,9,10",3517.120172,510.357492,3878.600000,3.241437,52.961379,0.203851,1.439713,10,0.000000,0.000000,0.001360,0.002874,0.000000,0.000000,0.003461
D＋注意_τ0.15,なし（τ0.15）,1,全課題,例外,10,"1,2,3,4,5,6,7,8,9,10",4630.968103,545.180512,5052.800000,5.168218,85.650345,0.000920,0.109885,10,0.000000,0.000000,0.287677,0.021628,0.000000,0.000000,0.310703
D＋注意_τ0.15,なし（τ0.15）,1,全課題,通常,10,"1,2,3,4,5,6,7,8,9,10",4630.968103,545.180512,5052.800000,5.168218,85.650345,0.000920,0.109885,10,0.000000,0.000000,0.276215,0.014716,0.000000,0.000000,0.313967
D＋注意_τ0.15,なし（τ0.15）,1,全課題,全日,10,"1,2,3,4,5,6,7,8,9,10",4630.968103,545.180512,5052.800000,5.168218,85.650345,0.000920,0.109885,10,0.000000,0.000000,0.278506,0.013416,0.000000,0.000000,0.313218
D＋注意_τ0.15,なし（τ0.15）,1,ドア課題,例外,10,"1,2,3,4,5,6,7,8,9,10",4630.968103,545.180512,5052.800000,5.168218,85.650345,0.000920,0.109885,10,0.000000,0.000000,0.000000,0.000000,0.000000,0.000000,0.000000
D＋注意_τ0.15,なし（τ0.15）,1,ドア課題,通常,10,"1,2,3,4,5,6,7,8,9,10",4630.968103,545.180512,5052.800000,5.168218,85.650345,0.000920,0.109885,10,0.000000,0.000000,0.001637,0.003458,0.000000,0.000000,0.001637
D＋注意_τ0.15,なし（τ0.15）,1,ドア課題,全日,10,"1,2,3,4,5,6,7,8,9,10",4630.968103,545.180512,5052.800000,5.168218,85.650345,0.000920,0.109885,10,0.000000,0.000000,0.001360,0.002874,0.000000,0.000000,0.001360
全部入り_L50,L50_ref,2,全課題,例外,20,"1,2,3,4,5,6,7,8,9,10,11,12,13,14,15,16,17,18,19,20",10117.637586,2361.928194,12679.400000,22.488477,132.070029,71.941609,123.372931,20,0.034395,0.023260,0.306658,0.028167,0.004926,0.039321,0.397904
全部入り_L50,L50_ref,2,全課題,通常,20,"1,2,3,4,5,6,7,8,9,10,11,12,13,14,15,16,17,18,19,20",10117.637586,2361.928194,12679.400000,22.488477,132.070029,71.941609,123.372931,20,0.012397,0.012722,0.296035,0.030175,0.007815,0.020212,0.388289
全部入り_L50,L50_ref,2,全課題,全日,20,"1,2,3,4,5,6,7,8,9,10,11,12,13,14,15,16,17,18,19,20",10117.637586,2361.928194,12679.400000,22.488477,132.070029,71.941609,123.372931,20,0.016810,0.012944,0.298247,0.026008,0.007270,0.024080,0.390374
全部入り_L50,L50_ref,2,ドア課題,例外,20,"1,2,3,4,5,6,7,8,9,10,11,12,13,14,15,16,17,18,19,20",10117.637586,2361.928194,12679.400000,22.488477,132.070029,71.941609,123.372931,20,0.362342,0.241155,0.077041,0.137005,0.046902,0.409245,0.111134
全部入り_L50,L50_ref,2,ドア課題,通常,20,"1,2,3,4,5,6,7,8,9,10,11,12,13,14,15,16,17,18,19,20",10117.637586,2361.928194,12679.400000,22.488477,132.070029,71.941609,123.372931,20,0.119876,0.122976,0.141206,0.225352,0.077405,0.197281,0.121983
全部入り_L50,L50_ref,2,ドア課題,全日,20,"1,2,3,4,5,6,7,8,9,10,11,12,13,14,15,16,17,18,19,20",10117.637586,2361.928194,12679.400000,22.488477,132.070029,71.941609,123.372931,20,0.166842,0.124776,0.126388,0.182503,0.070235,0.237077,0.119530
全部入り_L25,L25_ref,2,全課題,例外,10,"1,2,3,4,5,6,7,8,9,10",7751.195517,1570.798656,9563.300000,15.379368,118.230805,49.856782,45.106667,10,0.018823,0.012806,0.299497,0.020708,0.001957,0.020780,0.347329
全部入り_L25,L25_ref,2,全課題,通常,10,"1,2,3,4,5,6,7,8,9,10",7751.195517,1570.798656,9563.300000,15.379368,118.230805,49.856782,45.106667,10,0.010833,0.014114,0.289409,0.017384,0.008396,0.019228,0.310851
全部入り_L25,L25_ref,2,全課題,全日,10,"1,2,3,4,5,6,7,8,9,10",7751.195517,1570.798656,9563.300000,15.379368,118.230805,49.856782,45.106667,10,0.012414,0.011653,0.291494,0.015850,0.007184,0.019598,0.318161
全部入り_L25,L25_ref,2,ドア課題,例外,10,"1,2,3,4,5,6,7,8,9,10",7751.195517,1570.798656,9563.300000,15.379368,118.230805,49.856782,45.106667,10,0.229340,0.162777,0.044410,0.130137,0.023720,0.253060,0.047086
全部入り_L25,L25_ref,2,ドア課題,通常,10,"1,2,3,4,5,6,7,8,9,10",7751.195517,1570.798656,9563.300000,15.379368,118.230805,49.856782,45.106667,10,0.119709,0.161313,0.130979,0.156749,0.091971,0.211680,0.087426
全部入り_L25,L25_ref,2,ドア課題,全日,10,"1,2,3,4,5,6,7,8,9,10",7751.195517,1570.798656,9563.300000,15.379368,118.230805,49.856782,45.106667,10,0.137198,0.128931,0.115063,0.135749,0.079881,0.217079,0.079884
D_τ0.4,なし（τ0.4）,2,全課題,例外,10,"1,2,3,4,5,6,7,8,9,10",3510.353448,307.059618,3905.400000,3.848333,53.739253,0.871034,3.222414,10,0.023411,0.021609,0.618814,0.175499,0.047148,0.070559,0.626647
D_τ0.4,なし（τ0.4）,2,全課題,通常,10,"1,2,3,4,5,6,7,8,9,10",3510.353448,307.059618,3905.400000,3.848333,53.739253,0.871034,3.222414,10,0.000075,0.000237,0.277079,0.015137,0.000000,0.000075,0.279870
D_τ0.4,なし（τ0.4）,2,全課題,全日,10,"1,2,3,4,5,6,7,8,9,10",3510.353448,307.059618,3905.400000,3.848333,53.739253,0.871034,3.222414,10,0.004943,0.004694,0.344770,0.039391,0.009253,0.014195,0.348908
D_τ0.4,なし（τ0.4）,2,ドア課題,例外,10,"1,2,3,4,5,6,7,8,9,10",3510.353448,307.059618,3905.400000,3.848333,53.739253,0.871034,3.222414,10,0.274403,0.254581,0.565695,0.275483,0.559028,0.833431,0.010370
D_τ0.4,なし（τ0.4）,2,ドア課題,通常,10,"1,2,3,4,5,6,7,8,9,10",3510.353448,307.059618,3905.400000,3.848333,53.739253,0.871034,3.222414,10,0.000763,0.002414,0.003246,0.005566,0.000000,0.000763,0.006573
D_τ0.4,なし（τ0.4）,2,ドア課題,全日,10,"1,2,3,4,5,6,7,8,9,10",3510.353448,307.059618,3905.400000,3.848333,53.739253,0.871034,3.222414,10,0.051579,0.048275,0.108647,0.053259,0.104641,0.156220,0.007397
D_τ0.15,なし（τ0.15）,2,全課題,例外,10,"1,2,3,4,5,6,7,8,9,10",4744.670517,498.003734,5055.700000,5.664138,89.600575,0.000000,1.091552,10,0.003553,0.003839,0.314092,0.025540,0.001991,0.005544,0.335480
D_τ0.15,なし（τ0.15）,2,全課題,通常,10,"1,2,3,4,5,6,7,8,9,10",4744.670517,498.003734,5055.700000,5.664138,89.600575,0.000000,1.091552,10,0.000073,0.000230,0.276286,0.014965,0.000000,0.000073,0.314837
D_τ0.15,なし（τ0.15）,2,全課題,全日,10,"1,2,3,4,5,6,7,8,9,10",4744.670517,498.003734,5055.700000,5.664138,89.600575,0.000000,1.091552,10,0.000747,0.000666,0.283736,0.013142,0.000402,0.001149,0.318851
D_τ0.15,なし（τ0.15）,2,ドア課題,例外,10,"1,2,3,4,5,6,7,8,9,10",4744.670517,498.003734,5055.700000,5.664138,89.600575,0.000000,1.091552,10,0.043823,0.049606,0.024112,0.032914,0.024112,0.067935,0.000000
D_τ0.15,なし（τ0.15）,2,ドア課題,通常,10,"1,2,3,4,5,6,7,8,9,10",4744.670517,498.003734,5055.700000,5.664138,89.600575,0.000000,1.091552,10,0.000862,0.002726,0.001637,0.003458,0.000000,0.000862,0.002412
D_τ0.15,なし（τ0.15）,2,ドア課題,全日,10,"1,2,3,4,5,6,7,8,9,10",4744.670517,498.003734,5055.700000,5.664138,89.600575,0.000000,1.091552,10,0.008616,0.008082,0.005725,0.006471,0.004364,0.012980,0.002001
D＋注意_τ0.4,なし（τ0.4）,2,全課題,例外,10,"1,2,3,4,5,6,7,8,9,10",3511.294138,307.098337,3905.400000,3.852356,53.743218,0.871034,3.275115,10,0.023411,0.021609,0.618814,0.175499,0.047148,0.070559,0.626647
D＋注意_τ0.4,なし（τ0.4）,2,全課題,通常,10,"1,2,3,4,5,6,7,8,9,10",3511.294138,307.098337,3905.400000,3.852356,53.743218,0.871034,3.275115,10,0.000075,0.000237,0.277079,0.015137,0.000000,0.000075,0.279870
D＋注意_τ0.4,なし（τ0.4）,2,全課題,全日,10,"1,2,3,4,5,6,7,8,9,10",3511.294138,307.098337,3905.400000,3.852356,53.743218,0.871034,3.275115,10,0.004943,0.004694,0.344770,0.039391,0.009253,0.014195,0.348908
D＋注意_τ0.4,なし（τ0.4）,2,ドア課題,例外,10,"1,2,3,4,5,6,7,8,9,10",3511.294138,307.098337,3905.400000,3.852356,53.743218,0.871034,3.275115,10,0.274403,0.254581,0.565695,0.275483,0.559028,0.833431,0.010370
D＋注意_τ0.4,なし（τ0.4）,2,ドア課題,通常,10,"1,2,3,4,5,6,7,8,9,10",3511.294138,307.098337,3905.400000,3.852356,53.743218,0.871034,3.275115,10,0.000763,0.002414,0.003246,0.005566,0.000000,0.000763,0.006573
D＋注意_τ0.4,なし（τ0.4）,2,ドア課題,全日,10,"1,2,3,4,5,6,7,8,9,10",3511.294138,307.098337,3905.400000,3.852356,53.743218,0.871034,3.275115,10,0.051579,0.048275,0.108647,0.053259,0.104641,0.156220,0.007397
D＋注意_τ0.15,なし（τ0.15）,2,全課題,例外,10,"1,2,3,4,5,6,7,8,9,10",4748.984138,499.257983,5055.700000,5.685172,89.609713,0.000000,1.354425,10,0.003553,0.003839,0.314092,0.025540,0.001991,0.005544,0.335480
D＋注意_τ0.15,なし（τ0.15）,2,全課題,通常,10,"1,2,3,4,5,6,7,8,9,10",4748.984138,499.257983,5055.700000,5.685172,89.609713,0.000000,1.354425,10,0.000073,0.000230,0.276286,0.014965,0.000000,0.000073,0.314837
D＋注意_τ0.15,なし（τ0.15）,2,全課題,全日,10,"1,2,3,4,5,6,7,8,9,10",4748.984138,499.257983,5055.700000,5.685172,89.609713,0.000000,1.354425,10,0.000747,0.000666,0.283736,0.013142,0.000402,0.001149,0.318851
D＋注意_τ0.15,なし（τ0.15）,2,ドア課題,例外,10,"1,2,3,4,5,6,7,8,9,10",4748.984138,499.257983,5055.700000,5.685172,89.609713,0.000000,1.354425,10,0.043823,0.049606,0.024112,0.032914,0.024112,0.067935,0.000000
D＋注意_τ0.15,なし（τ0.15）,2,ドア課題,通常,10,"1,2,3,4,5,6,7,8,9,10",4748.984138,499.257983,5055.700000,5.685172,89.609713,0.000000,1.354425,10,0.000862,0.002726,0.001637,0.003458,0.000000,0.000862,0.002412
D＋注意_τ0.15,なし（τ0.15）,2,ドア課題,全日,10,"1,2,3,4,5,6,7,8,9,10",4748.984138,499.257983,5055.700000,5.685172,89.609713,0.000000,1.354425,10,0.008616,0.008082,0.005725,0.006471,0.004364,0.012980,0.002001
