row,world,seed,run,version,status,source,trials,tasks,rate_selection_error,rate_absent,rate_distinction_loss,rate_wrong,rate_silent,rate_correct,door_exception_tasks,door_exception_rate_selection_error,door_exception_rate_absent,config,lambda,flag_check,memory_status,mem_trials,mem_bits_mean,mem_bits_last,defs_last
1a,1,1,wave1_1a_w1_s1_c792,c7921598,ok,注意の記録,1740,1740,0.000000,0.272989,0.000000,0.000000,0.275287,0.724713,33,0.000000,0.000000,全部入り_L50,L50_ref,ok,ok,1740,4999.224138,4873,6
1a,1,2,wave1_1a_w1_s2,4ceadf63,ok,注意の記録,1740,1740,0.000000,0.275862,0.000000,0.000000,0.278161,0.721839,34,0.000000,0.000000,全部入り_L50,L50_ref,ok,ok,1740,6353.587356,6351,11
1a,1,3,wave1_1a_w1_s3_c792,c7921598,ok,注意の記録,1740,1740,0.000000,0.293103,0.000000,0.000000,0.297701,0.702299,33,0.000000,0.000000,全部入り_L50,L50_ref,ok,ok,1740,5486.668966,5365,7
1a,1,4,wave1_1a_w1_s4_c792,c7921598,ok,注意の記録,1740,1740,0.000000,0.267816,0.000000,0.000000,0.267816,0.732184,23,0.000000,0.000000,全部入り_L50,L50_ref,ok,ok,1740,4647.017241,4649,6
1a,1,5,wave1_1a_w1_s5_c792,c7921598,ok,注意の記録,1740,1740,0.000000,0.270690,0.000000,0.000000,0.277586,0.722414,40,0.000000,0.000000,全部入り_L50,L50_ref,ok,ok,1740,6716.927011,6680,12
1a,1,6,wave1_1a_w1_s6_c792,c7921598,ok,注意の記録,1740,1740,0.000000,0.273563,0.000000,0.000000,0.287356,0.712644,29,0.000000,0.000000,全部入り_L50,L50_ref,ok,ok,1740,5727.849425,5962,9
1a,1,7,wave1_1a_w1_s7_c792,c7921598,ok,注意の記録,1740,1740,0.000000,0.274713,0.000000,0.000000,0.275862,0.724138,27,0.000000,0.000000,全部入り_L50,L50_ref,ok,ok,1740,6975.980460,6705,12
1a,1,8,wave1_1a_w1_s8_c792,c7921598,ok,注意の記録,1740,1740,0.000000,0.308046,0.000000,0.000000,0.310345,0.689655,25,0.000000,0.000000,全部入り_L50,L50_ref,ok,ok,1740,6621.801149,6677,12
1a,1,9,wave1_1a_w1_s9_c792,c7921598,ok,注意の記録,1740,1740,0.000575,0.262644,0.000000,0.000575,0.266092,0.733333,24,0.000000,0.000000,全部入り_L50,L50_ref,ok,ok,1740,7161.208046,6980,12
1a,1,10,wave1_1a_w1_s10_c792,c7921598,ok,注意の記録,1740,1740,0.000000,0.284483,0.000000,0.000000,0.405747,0.594253,29,0.000000,0.000000,全部入り_L50,L50_ref,ok,ok,1740,5050.662069,5944,10
1b,1,11,wave1_1b_w1_s11_c792,c7921598,ok,注意の記録,1740,1740,0.000000,0.271264,0.000000,0.000000,0.277011,0.722989,35,0.000000,0.000000,全部入り_L50,L50_ref,ok,ok,1740,8663.742529,9058,18
1b,1,12,wave1_1b_w1_s12_c792,c7921598,ok,注意の記録,1740,1740,0.000000,0.285632,0.000000,0.000000,0.318391,0.681609,31,0.000000,0.000000,全部入り_L50,L50_ref,ok,ok,1740,7626.972414,8648,17
1b,1,13,wave1_1b_w1_s13_c792,c7921598,ok,注意の記録,1740,1740,0.000000,0.279885,0.000000,0.000000,0.283333,0.716667,34,0.000000,0.000000,全部入り_L50,L50_ref,ok,ok,1740,5832.232759,6815,12
1b,1,14,wave1_1b_w1_s14_c792,c7921598,ok,注意の記録,1740,1740,0.000000,0.290805,0.000000,0.000000,0.296552,0.703448,32,0.000000,0.000000,全部入り_L50,L50_ref,ok,ok,1740,6827.640230,6985,11
1b,1,15,wave1_1b_w1_s15_c792,c7921598,ok,注意の記録,1740,1740,0.000000,0.269540,0.000000,0.000000,0.273563,0.726437,25,0.000000,0.000000,全部入り_L50,L50_ref,ok,ok,1740,6799.306322,8266,14
1b,1,16,wave1_1b_w1_s16_c792,c7921598,ok,注意の記録,1740,1740,0.000000,0.291954,0.000000,0.000000,0.294253,0.705747,37,0.000000,0.000000,全部入り_L50,L50_ref,ok,ok,1740,5621.847701,6945,10
1b,1,17,wave1_1b_w1_s17_c792,c7921598,ok,注意の記録,1740,1740,0.000000,0.275862,0.000000,0.000000,0.278736,0.721264,28,0.000000,0.000000,全部入り_L50,L50_ref,ok,ok,1740,7266.220115,6760,13
1b,1,18,wave1_1b_w1_s18_c792,c7921598,ok,注意の記録,1740,1740,0.000000,0.270115,0.000000,0.000000,0.287931,0.712069,34,0.000000,0.000000,全部入り_L50,L50_ref,ok,ok,1740,8158.362644,7998,14
1b,1,19,wave1_1b_w1_s19_c792,c7921598,ok,注意の記録,1740,1740,0.000000,0.285057,0.000000,0.000000,0.290230,0.709770,28,0.000000,0.000000,全部入り_L50,L50_ref,ok,ok,1740,9404.618966,10479,21
1b,1,20,wave1_1b_w1_s20_c792,c7921598,ok,注意の記録,1740,1740,0.001149,0.289655,0.000000,0.001149,0.292529,0.706322,31,0.000000,0.032258,全部入り_L50,L50_ref,ok,ok,1740,6400.855747,6550,11
1a,2,1,wave1_1a_w2_s1_c792,c7921598,ok,注意の記録,1740,1740,0.033333,0.343103,0.031034,0.064368,0.384483,0.551149,33,0.424242,0.181818,全部入り_L50,L50_ref,ok,ok,1740,7325.117816,9786,21
1a,2,2,wave1_1a_w2_s2_c792,c7921598,ok,注意の記録,1740,1740,0.012644,0.300000,0.001149,0.013793,0.362069,0.624138,34,0.588235,0.029412,全部入り_L50,L50_ref,ok,ok,1740,7316.351724,6825,13
1a,2,3,wave1_1a_w2_s3_c792,c7921598,ok,注意の記録,1740,1740,0.006897,0.372414,0.033333,0.040230,0.419540,0.540230,33,0.090909,0.060606,全部入り_L50,L50_ref,ok,ok,1740,6470.833333,6137,9
1a,2,4,wave1_1a_w2_s4_c792,c7921598,ok,注意の記録,1740,1740,0.004598,0.268391,0.000000,0.004598,0.317816,0.677586,23,0.347826,0.000000,全部入り_L50,L50_ref,ok,ok,1740,12134.417241,14706,33
1a,2,5,wave1_1a_w2_s5_c792,c7921598,ok,注意の記録,1740,1740,0.000575,0.271839,0.000000,0.000575,0.281034,0.718391,40,0.025000,0.000000,全部入り_L50,L50_ref,ok,ok,1740,9086.200575,9037,19
1a,2,6,wave1_1a_w2_s6_c792,c7921598,ok,注意の記録,1740,1740,0.031609,0.281609,0.001724,0.033333,0.344828,0.621839,29,0.448276,0.000000,全部入り_L50,L50_ref,ok,ok,1740,9812.019540,13237,30
1a,2,7,wave1_1a_w2_s7_c792,c7921598,ok,注意の記録,1740,1740,0.023563,0.275862,0.000000,0.023563,0.508621,0.467816,27,0.592593,0.000000,全部入り_L50,L50_ref,ok,ok,1740,14289.032759,19420,53
1a,2,8,wave1_1a_w2_s8_c792,c7921598,ok,注意の記録,1740,1740,0.017241,0.309770,0.000000,0.017241,0.515517,0.467241,25,0.560000,0.000000,全部入り_L50,L50_ref,ok,ok,1740,13042.865517,16136,41
1a,2,9,wave1_1a_w2_s9_c792,c7921598,ok,注意の記録,1740,1740,0.001724,0.265517,0.001149,0.002874,0.268391,0.728736,24,0.083333,0.000000,全部入り_L50,L50_ref,ok,ok,1740,9137.877586,9232,18
1a,2,10,wave1_1a_w2_s10_c792,c7921598,ok,注意の記録,1740,1740,0.022414,0.294253,0.004598,0.027011,0.399425,0.573563,29,0.310345,0.310345,全部入り_L50,L50_ref,ok,ok,1740,11518.109770,15881,37
1b,2,11,wave1_1b_w2_s11_c792,c7921598,ok,注意の記録,1740,1740,0.028161,0.290805,0.016667,0.044828,0.408621,0.546552,35,0.628571,0.000000,全部入り_L50,L50_ref,ok,ok,1740,10781.486782,17064,51
1b,2,12,wave1_1b_w2_s12_c792,c7921598,ok,注意の記録,1740,1740,0.008046,0.308046,0.007471,0.015517,0.450000,0.534483,31,0.193548,0.161290,全部入り_L50,L50_ref,ok,ok,1740,11781.675287,15177,36
1b,2,13,wave1_1b_w2_s13_c792,c7921598,ok,注意の記録,1740,1740,0.012644,0.301149,0.019540,0.032184,0.285632,0.682184,34,0.529412,0.000000,全部入り_L50,L50_ref,ok,ok,1740,6641.793103,7103,12
1b,2,14,wave1_1b_w2_s14_c792,c7921598,ok,注意の記録,1740,1740,0.005172,0.310920,0.000575,0.005747,0.485057,0.509195,32,0.156250,0.000000,全部入り_L50,L50_ref,ok,ok,1740,13597.999425,18557,49
1b,2,15,wave1_1b_w2_s15_c792,c7921598,ok,注意の記録,1740,1740,0.011494,0.324713,0.010345,0.021839,0.497126,0.481034,25,0.200000,0.480000,全部入り_L50,L50_ref,ok,ok,1740,9207.759770,11994,27
1b,2,16,wave1_1b_w2_s16_c792,c7921598,ok,注意の記録,1740,1740,0.042529,0.301149,0.006897,0.049425,0.313793,0.636782,37,0.297297,0.027027,全部入り_L50,L50_ref,ok,ok,1740,7644.777011,10519,20
1b,2,17,wave1_1b_w2_s17_c792,c7921598,ok,注意の記録,1740,1740,0.038506,0.283908,0.004598,0.043103,0.380460,0.576437,28,0.714286,0.000000,全部入り_L50,L50_ref,ok,ok,1740,11573.181034,14071,32
1b,2,18,wave1_1b_w2_s18_c792,c7921598,ok,注意の記録,1740,1740,0.006897,0.279885,0.001724,0.008621,0.432184,0.559195,34,0.235294,0.000000,全部入り_L50,L50_ref,ok,ok,1740,12295.599425,16823,39
1b,2,19,wave1_1b_w2_s19_c792,c7921598,ok,注意の記録,1740,1740,0.024713,0.285057,0.000000,0.024713,0.410345,0.564943,28,0.821429,0.000000,全部入り_L50,L50_ref,ok,ok,1740,9873.678161,10299,21
1b,2,20,wave1_1b_w2_s20_c792,c7921598,ok,注意の記録,1740,1740,0.003448,0.296552,0.004598,0.008046,0.342529,0.649425,31,0.000000,0.290323,全部入り_L50,L50_ref,ok,ok,1740,8821.975862,11584,25
8,1,1,wave2_8_w1_s1_c792,c7921598,ok,注意の記録,1740,1740,0.000000,0.272989,0.000000,0.000000,0.275287,0.724713,33,0.000000,0.000000,全部入り_L25,L25_ref,ok,ok,1740,5883.179885,6350,10
8,1,2,wave2_8_w1_s2_c792,c7921598,ok,注意の記録,1740,1740,0.000000,0.275862,0.000000,0.000000,0.282759,0.717241,34,0.000000,0.000000,全部入り_L25,L25_ref,ok,ok,1740,7081.971264,7663,14
8,1,3,wave2_8_w1_s3_c792,c7921598,ok,注意の記録,1740,1740,0.000000,0.293103,0.000000,0.000000,0.293103,0.706897,33,0.000000,0.000000,全部入り_L25,L25_ref,ok,ok,1740,4961.440230,5849,8
8,1,4,wave2_8_w1_s4_c792,c7921598,ok,注意の記録,1740,1740,0.000000,0.267816,0.000000,0.000000,0.269540,0.730460,23,0.000000,0.000000,全部入り_L25,L25_ref,ok,ok,1740,5685.364368,6134,9
8,1,5,wave2_8_w1_s5_c792,c7921598,ok,注意の記録,1740,1740,0.000000,0.270690,0.000000,0.000000,0.309770,0.690230,40,0.000000,0.000000,全部入り_L25,L25_ref,ok,ok,1740,7806.287356,9987,19
8,1,6,wave2_8_w1_s6_c792,c7921598,ok,注意の記録,1740,1740,0.000000,0.273563,0.000000,0.000000,0.297701,0.702299,29,0.000000,0.000000,全部入り_L25,L25_ref,ok,ok,1740,5677.547701,6296,10
8,1,7,wave2_8_w1_s7_c792,c7921598,ok,注意の記録,1740,1740,0.000000,0.274713,0.000000,0.000000,0.276437,0.723563,27,0.000000,0.000000,全部入り_L25,L25_ref,ok,ok,1740,8206.714368,8674,16
8,1,8,wave2_8_w1_s8_c792,c7921598,ok,注意の記録,1740,1740,0.000000,0.308046,0.000000,0.000000,0.312069,0.687931,25,0.000000,0.000000,全部入り_L25,L25_ref,ok,ok,1740,7188.120690,7925,14
8,1,9,wave2_8_w1_s9_c792,c7921598,ok,注意の記録,1740,1740,0.000000,0.262644,0.000000,0.000000,0.266667,0.733333,24,0.000000,0.000000,全部入り_L25,L25_ref,ok,ok,1740,7844.519540,8192,15
8,1,10,wave2_8_w1_s10_c792,c7921598,ok,注意の記録,1740,1740,0.000000,0.284483,0.000000,0.000000,0.295977,0.704023,29,0.000000,0.000000,全部入り_L25,L25_ref,ok,ok,1740,5178.371839,6146,8
8,1,11,,,未完（走らせていない：第 2 波は種 1〜10）,,0,,,,,,,,,,,全部入り_L25,L25_ref,,,,,,
8,1,12,,,未完（走らせていない：第 2 波は種 1〜10）,,0,,,,,,,,,,,全部入り_L25,L25_ref,,,,,,
8,1,13,,,未完（走らせていない：第 2 波は種 1〜10）,,0,,,,,,,,,,,全部入り_L25,L25_ref,,,,,,
8,1,14,,,未完（走らせていない：第 2 波は種 1〜10）,,0,,,,,,,,,,,全部入り_L25,L25_ref,,,,,,
8,1,15,,,未完（走らせていない：第 2 波は種 1〜10）,,0,,,,,,,,,,,全部入り_L25,L25_ref,,,,,,
8,1,16,,,未完（走らせていない：第 2 波は種 1〜10）,,0,,,,,,,,,,,全部入り_L25,L25_ref,,,,,,
8,1,17,,,未完（走らせていない：第 2 波は種 1〜10）,,0,,,,,,,,,,,全部入り_L25,L25_ref,,,,,,
8,1,18,,,未完（走らせていない：第 2 波は種 1〜10）,,0,,,,,,,,,,,全部入り_L25,L25_ref,,,,,,
8,1,19,,,未完（走らせていない：第 2 波は種 1〜10）,,0,,,,,,,,,,,全部入り_L25,L25_ref,,,,,,
8,1,20,,,未完（走らせていない：第 2 波は種 1〜10）,,0,,,,,,,,,,,全部入り_L25,L25_ref,,,,,,
8,2,1,wave2_8_w2_s1_c792,c7921598,ok,注意の記録,1740,1740,0.038506,0.285057,0.000000,0.038506,0.339080,0.622414,33,0.090909,0.000000,全部入り_L25,L25_ref,ok,ok,1740,7467.379885,8145,16
8,2,2,wave2_8_w2_s2_c792,c7921598,ok,注意の記録,1740,1740,0.024138,0.280460,0.000000,0.024138,0.313218,0.662644,34,0.264706,0.000000,全部入り_L25,L25_ref,ok,ok,1740,7085.364368,10083,21
8,2,3,wave2_8_w2_s3_c792,c7921598,ok,注意の記録,1740,1740,0.009195,0.308621,0.012644,0.021839,0.332759,0.645402,33,0.151515,0.030303,全部入り_L25,L25_ref,ok,ok,1740,5780.578736,9463,20
8,2,4,wave2_8_w2_s4_c792,c7921598,ok,注意の記録,1740,1740,0.002874,0.278736,0.000575,0.003448,0.306322,0.690230,23,0.217391,0.000000,全部入り_L25,L25_ref,ok,ok,1740,7547.151149,9612,18
8,2,5,wave2_8_w2_s5_c792,c7921598,ok,注意の記録,1740,1740,0.000575,0.271839,0.000000,0.000575,0.278736,0.720690,40,0.025000,0.000000,全部入り_L25,L25_ref,ok,ok,1740,9186.497126,9723,19
8,2,6,wave2_8_w2_s6_c792,c7921598,ok,注意の記録,1740,1740,0.008046,0.289655,0.003448,0.011494,0.310345,0.678161,29,0.344828,0.000000,全部入り_L25,L25_ref,ok,ok,1740,6117.995402,8521,17
8,2,7,wave2_8_w2_s7_c792,c7921598,ok,注意の記録,1740,1740,0.002874,0.275862,0.000000,0.002874,0.306897,0.690230,27,0.037037,0.000000,全部入り_L25,L25_ref,ok,ok,1740,11341.193103,12623,29
8,2,8,wave2_8_w2_s8_c792,c7921598,ok,注意の記録,1740,1740,0.014368,0.313218,0.003448,0.017816,0.324713,0.657471,25,0.560000,0.000000,全部入り_L25,L25_ref,ok,ok,1740,7586.779310,7580,16
8,2,9,wave2_8_w2_s9_c792,c7921598,ok,注意の記録,1740,1740,0.006897,0.297701,0.029310,0.036207,0.276437,0.687356,24,0.291667,0.000000,全部入り_L25,L25_ref,ok,ok,1740,7933.961494,8669,18
8,2,10,wave2_8_w2_s10_c792,c7921598,ok,注意の記録,1740,1740,0.016667,0.313793,0.022414,0.039080,0.393103,0.567816,29,0.310345,0.413793,全部入り_L25,L25_ref,ok,ok,1740,7465.054598,11214,21
8,2,11,,,未完（走らせていない：第 2 波は種 1〜10）,,0,,,,,,,,,,,全部入り_L25,L25_ref,,,,,,
8,2,12,,,未完（走らせていない：第 2 波は種 1〜10）,,0,,,,,,,,,,,全部入り_L25,L25_ref,,,,,,
8,2,13,,,未完（走らせていない：第 2 波は種 1〜10）,,0,,,,,,,,,,,全部入り_L25,L25_ref,,,,,,
8,2,14,,,未完（走らせていない：第 2 波は種 1〜10）,,0,,,,,,,,,,,全部入り_L25,L25_ref,,,,,,
8,2,15,,,未完（走らせていない：第 2 波は種 1〜10）,,0,,,,,,,,,,,全部入り_L25,L25_ref,,,,,,
8,2,16,,,未完（走らせていない：第 2 波は種 1〜10）,,0,,,,,,,,,,,全部入り_L25,L25_ref,,,,,,
8,2,17,,,未完（走らせていない：第 2 波は種 1〜10）,,0,,,,,,,,,,,全部入り_L25,L25_ref,,,,,,
8,2,18,,,未完（走らせていない：第 2 波は種 1〜10）,,0,,,,,,,,,,,全部入り_L25,L25_ref,,,,,,
8,2,19,,,未完（走らせていない：第 2 波は種 1〜10）,,0,,,,,,,,,,,全部入り_L25,L25_ref,,,,,,
8,2,20,,,未完（走らせていない：第 2 波は種 1〜10）,,0,,,,,,,,,,,全部入り_L25,L25_ref,,,,,,
10,1,1,wave2_10_w1_s1_cdaf,daf69efd,ok,注意の記録,1740,1740,0.000000,0.272414,0.000000,0.000000,0.282184,0.717816,33,0.000000,0.000000,D_τ0.4,なし（τ0.4）,ok,ok,1740,4054.986207,4364,4
10,1,2,wave2_10_w1_s2_cdaf,daf69efd,ok,注意の記録,1740,1740,0.000000,0.277586,0.000000,0.000000,0.278736,0.721264,34,0.000000,0.000000,D_τ0.4,なし（τ0.4）,ok,ok,1740,2867.768391,3050,2
10,1,3,wave2_10_w1_s3_cdaf,daf69efd,ok,注意の記録,1740,1740,0.000000,0.293103,0.000000,0.000000,0.295402,0.704598,33,0.000000,0.000000,D_τ0.4,なし（τ0.4）,ok,ok,1740,3786.205172,4328,4
10,1,4,wave2_10_w1_s4_cdaf,daf69efd,ok,注意の記録,1740,1740,0.000000,0.267241,0.000000,0.000000,0.267816,0.732184,23,0.000000,0.000000,D_τ0.4,なし（τ0.4）,ok,ok,1740,4053.887931,4394,4
10,1,5,wave2_10_w1_s5_cdaf,daf69efd,ok,注意の記録,1740,1740,0.000000,0.273563,0.000000,0.000000,0.274713,0.725287,40,0.000000,0.000000,D_τ0.4,なし（τ0.4）,ok,ok,1740,3911.366667,4964,5
10,1,6,wave2_10_w1_s6_cdaf,daf69efd,ok,注意の記録,1740,1740,0.000000,0.273563,0.000000,0.000000,0.274138,0.725862,29,0.000000,0.000000,D_τ0.4,なし（τ0.4）,ok,ok,1740,3432.752299,3672,3
10,1,7,wave2_10_w1_s7_cdaf,daf69efd,ok,注意の記録,1740,1740,0.000000,0.275287,0.000000,0.000000,0.276437,0.723563,27,0.000000,0.000000,D_τ0.4,なし（τ0.4）,ok,ok,1740,3957.669540,4232,4
10,1,8,wave2_10_w1_s8_cdaf,daf69efd,ok,注意の記録,1740,1740,0.000000,0.309195,0.000000,0.000000,0.310920,0.689080,25,0.000000,0.000000,D_τ0.4,なし（τ0.4）,ok,ok,1740,3418.048851,3672,3
10,1,9,wave2_10_w1_s9_cdaf,daf69efd,ok,注意の記録,1740,1740,0.000000,0.263218,0.000000,0.000000,0.265517,0.734483,24,0.000000,0.000000,D_τ0.4,なし（τ0.4）,ok,ok,1740,2842.598276,3054,2
10,1,10,wave2_10_w1_s10_cdaf,daf69efd,ok,注意の記録,1740,1740,0.000000,0.285057,0.000000,0.000000,0.285632,0.714368,29,0.000000,0.000000,D_τ0.4,なし（τ0.4）,ok,ok,1740,2844.915517,3056,2
10,1,11,,,未完（走らせていない：第 2 波は種 1〜10）,,0,,,,,,,,,,,D_τ0.4,なし（τ0.4）,,,,,,
10,1,12,,,未完（走らせていない：第 2 波は種 1〜10）,,0,,,,,,,,,,,D_τ0.4,なし（τ0.4）,,,,,,
10,1,13,,,未完（走らせていない：第 2 波は種 1〜10）,,0,,,,,,,,,,,D_τ0.4,なし（τ0.4）,,,,,,
10,1,14,,,未完（走らせていない：第 2 波は種 1〜10）,,0,,,,,,,,,,,D_τ0.4,なし（τ0.4）,,,,,,
10,1,15,,,未完（走らせていない：第 2 波は種 1〜10）,,0,,,,,,,,,,,D_τ0.4,なし（τ0.4）,,,,,,
10,1,16,,,未完（走らせていない：第 2 波は種 1〜10）,,0,,,,,,,,,,,D_τ0.4,なし（τ0.4）,,,,,,
10,1,17,,,未完（走らせていない：第 2 波は種 1〜10）,,0,,,,,,,,,,,D_τ0.4,なし（τ0.4）,,,,,,
10,1,18,,,未完（走らせていない：第 2 波は種 1〜10）,,0,,,,,,,,,,,D_τ0.4,なし（τ0.4）,,,,,,
10,1,19,,,未完（走らせていない：第 2 波は種 1〜10）,,0,,,,,,,,,,,D_τ0.4,なし（τ0.4）,,,,,,
10,1,20,,,未完（走らせていない：第 2 波は種 1〜10）,,0,,,,,,,,,,,D_τ0.4,なし（τ0.4）,,,,,,
10,2,1,wave2_10_w2_s1_cdaf,daf69efd,ok,注意の記録,1740,1740,0.000575,0.313218,0.009770,0.010345,0.314368,0.675287,33,0.030303,0.515152,D_τ0.4,なし（τ0.4）,ok,ok,1740,3758.049425,4033,4
10,2,2,wave2_10_w2_s2_cdaf,daf69efd,ok,注意の記録,1740,1740,0.000575,0.379885,0.018391,0.018966,0.396552,0.584483,34,0.029412,0.941176,D_τ0.4,なし（τ0.4）,ok,ok,1740,3302.786207,3504,3
10,2,3,wave2_10_w2_s3_cdaf,daf69efd,ok,注意の記録,1740,1740,0.008621,0.349425,0.005172,0.013793,0.352299,0.633908,33,0.454545,0.272727,D_τ0.4,なし（τ0.4）,ok,ok,1740,3641.158046,4242,5
10,2,4,wave2_10_w2_s4_cdaf,daf69efd,ok,注意の記録,1740,1740,0.000575,0.277586,0.006322,0.006897,0.278161,0.714943,23,0.043478,0.478261,D_τ0.4,なし（τ0.4）,ok,ok,1740,4003.030460,4363,4
10,2,5,wave2_10_w2_s5_cdaf,daf69efd,ok,注意の記録,1740,1740,0.011494,0.339080,0.005747,0.017241,0.339080,0.643678,40,0.475000,0.275000,D_τ0.4,なし（τ0.4）,ok,ok,1740,3648.753448,4644,5
10,2,6,wave2_10_w2_s6_cdaf,daf69efd,ok,注意の記録,1740,1740,0.008046,0.355747,0.008621,0.016667,0.355172,0.628161,29,0.482759,0.517241,D_τ0.4,なし（τ0.4）,ok,ok,1740,3386.751149,3820,4
10,2,7,wave2_10_w2_s7_cdaf,daf69efd,ok,注意の記録,1740,1740,0.009770,0.296552,0.004598,0.014368,0.338506,0.647126,27,0.629630,0.296296,D_τ0.4,なし（τ0.4）,ok,ok,1740,3840.510345,4335,6
10,2,8,wave2_10_w2_s8_cdaf,daf69efd,ok,注意の記録,1740,1740,0.000575,0.396552,0.013218,0.013793,0.387356,0.598851,25,0.040000,0.920000,D_τ0.4,なし（τ0.4）,ok,ok,1740,3200.266667,3390,3
10,2,9,wave2_10_w2_s9_cdaf,daf69efd,ok,注意の記録,1740,1740,0.000575,0.350000,0.012644,0.013218,0.343678,0.643103,24,0.041667,0.958333,D_τ0.4,なし（τ0.4）,ok,ok,1740,3141.528736,3316,3
10,2,10,wave2_10_w2_s10_cdaf,daf69efd,ok,注意の記録,1740,1740,0.008621,0.389655,0.008046,0.016667,0.383908,0.599425,29,0.517241,0.482759,D_τ0.4,なし（τ0.4）,ok,ok,1740,3180.700000,3407,3
10,2,11,,,未完（走らせていない：第 2 波は種 1〜10）,,0,,,,,,,,,,,D_τ0.4,なし（τ0.4）,,,,,,
10,2,12,,,未完（走らせていない：第 2 波は種 1〜10）,,0,,,,,,,,,,,D_τ0.4,なし（τ0.4）,,,,,,
10,2,13,,,未完（走らせていない：第 2 波は種 1〜10）,,0,,,,,,,,,,,D_τ0.4,なし（τ0.4）,,,,,,
10,2,14,,,未完（走らせていない：第 2 波は種 1〜10）,,0,,,,,,,,,,,D_τ0.4,なし（τ0.4）,,,,,,
10,2,15,,,未完（走らせていない：第 2 波は種 1〜10）,,0,,,,,,,,,,,D_τ0.4,なし（τ0.4）,,,,,,
10,2,16,,,未完（走らせていない：第 2 波は種 1〜10）,,0,,,,,,,,,,,D_τ0.4,なし（τ0.4）,,,,,,
10,2,17,,,未完（走らせていない：第 2 波は種 1〜10）,,0,,,,,,,,,,,D_τ0.4,なし（τ0.4）,,,,,,
10,2,18,,,未完（走らせていない：第 2 波は種 1〜10）,,0,,,,,,,,,,,D_τ0.4,なし（τ0.4）,,,,,,
10,2,19,,,未完（走らせていない：第 2 波は種 1〜10）,,0,,,,,,,,,,,D_τ0.4,なし（τ0.4）,,,,,,
10,2,20,,,未完（走らせていない：第 2 波は種 1〜10）,,0,,,,,,,,,,,D_τ0.4,なし（τ0.4）,,,,,,
11,1,1,wave2_11_w1_s1_cdaf,daf69efd,ok,注意の記録,1740,1740,0.000000,0.272989,0.000000,0.000000,0.362069,0.637931,33,0.000000,0.000000,D_τ0.15,なし（τ0.15）,ok,ok,1740,5484.197126,5954,7
11,1,2,wave2_11_w1_s2_cdaf,daf69efd,ok,注意の記録,1740,1740,0.000000,0.277011,0.000000,0.000000,0.391954,0.608046,34,0.000000,0.000000,D_τ0.15,なし（τ0.15）,ok,ok,1740,5518.018391,5959,7
11,1,3,wave2_11_w1_s3_cdaf,daf69efd,ok,注意の記録,1740,1740,0.000000,0.293103,0.000000,0.000000,0.335057,0.664943,33,0.000000,0.000000,D_τ0.15,なし（τ0.15）,ok,ok,1740,4570.393678,4950,5
11,1,4,wave2_11_w1_s4_cdaf,daf69efd,ok,注意の記録,1740,1740,0.000000,0.267816,0.000000,0.000000,0.267816,0.732184,23,0.000000,0.000000,D_τ0.15,なし（τ0.15）,ok,ok,1740,4087.356322,4442,4
11,1,5,wave2_11_w1_s5_cdaf,daf69efd,ok,注意の記録,1740,1740,0.000000,0.270690,0.000000,0.000000,0.308046,0.691954,40,0.000000,0.000000,D_τ0.15,なし（τ0.15）,ok,ok,1740,4806.438506,4948,5
11,1,6,wave2_11_w1_s6_cdaf,daf69efd,ok,注意の記録,1740,1740,0.000000,0.273563,0.000000,0.000000,0.276437,0.723563,29,0.000000,0.000000,D_τ0.15,なし（τ0.15）,ok,ok,1740,4009.462069,4434,4
11,1,7,wave2_11_w1_s7_cdaf,daf69efd,ok,注意の記録,1740,1740,0.000000,0.274713,0.000000,0.000000,0.278161,0.721839,27,0.000000,0.000000,D_τ0.15,なし（τ0.15）,ok,ok,1740,4613.952874,4958,5
11,1,8,wave2_11_w1_s8_cdaf,daf69efd,ok,注意の記録,1740,1740,0.000000,0.308046,0.000000,0.000000,0.310345,0.689655,25,0.000000,0.000000,D_τ0.15,なし（τ0.15）,ok,ok,1740,4042.788506,4436,4
11,1,9,wave2_11_w1_s9_cdaf,daf69efd,ok,注意の記録,1740,1740,0.000000,0.262644,0.000000,0.000000,0.272414,0.727586,24,0.000000,0.000000,D_τ0.15,なし（τ0.15）,ok,ok,1740,4371.620115,4946,5
11,1,10,wave2_11_w1_s10_cdaf,daf69efd,ok,注意の記録,1740,1740,0.000000,0.284483,0.000000,0.000000,0.329885,0.670115,29,0.000000,0.000000,D_τ0.15,なし（τ0.15）,ok,ok,1740,4804.659195,5501,6
11,1,11,,,未完（走らせていない：第 2 波は種 1〜10）,,0,,,,,,,,,,,D_τ0.15,なし（τ0.15）,,,,,,
11,1,12,,,未完（走らせていない：第 2 波は種 1〜10）,,0,,,,,,,,,,,D_τ0.15,なし（τ0.15）,,,,,,
11,1,13,,,未完（走らせていない：第 2 波は種 1〜10）,,0,,,,,,,,,,,D_τ0.15,なし（τ0.15）,,,,,,
11,1,14,,,未完（走らせていない：第 2 波は種 1〜10）,,0,,,,,,,,,,,D_τ0.15,なし（τ0.15）,,,,,,
11,1,15,,,未完（走らせていない：第 2 波は種 1〜10）,,0,,,,,,,,,,,D_τ0.15,なし（τ0.15）,,,,,,
11,1,16,,,未完（走らせていない：第 2 波は種 1〜10）,,0,,,,,,,,,,,D_τ0.15,なし（τ0.15）,,,,,,
11,1,17,,,未完（走らせていない：第 2 波は種 1〜10）,,0,,,,,,,,,,,D_τ0.15,なし（τ0.15）,,,,,,
11,1,18,,,未完（走らせていない：第 2 波は種 1〜10）,,0,,,,,,,,,,,D_τ0.15,なし（τ0.15）,,,,,,
11,1,19,,,未完（走らせていない：第 2 波は種 1〜10）,,0,,,,,,,,,,,D_τ0.15,なし（τ0.15）,,,,,,
11,1,20,,,未完（走らせていない：第 2 波は種 1〜10）,,0,,,,,,,,,,,D_τ0.15,なし（τ0.15）,,,,,,
11,2,1,wave2_11_w2_s1_cdaf,daf69efd,ok,注意の記録,1740,1740,0.000000,0.278161,0.000000,0.000000,0.364943,0.635057,33,0.000000,0.000000,D_τ0.15,なし（τ0.15）,ok,ok,1740,5489.352299,5934,7
11,2,2,wave2_11_w2_s2_cdaf,daf69efd,ok,注意の記録,1740,1740,0.000575,0.282184,0.000575,0.001149,0.395402,0.603448,34,0.029412,0.029412,D_τ0.15,なし（τ0.15）,ok,ok,1740,5555.778736,5921,7
11,2,3,wave2_11_w2_s3_cdaf,daf69efd,ok,注意の記録,1740,1740,0.000000,0.294253,0.000575,0.000575,0.336207,0.663218,33,0.000000,0.030303,D_τ0.15,なし（τ0.15）,ok,ok,1740,4569.766092,4950,5
11,2,4,wave2_11_w2_s4_cdaf,daf69efd,ok,注意の記録,1740,1740,0.000575,0.268966,0.000575,0.001149,0.273563,0.725287,23,0.000000,0.043478,D_τ0.15,なし（τ0.15）,ok,ok,1740,4192.507471,4442,4
11,2,5,wave2_11_w2_s5_cdaf,daf69efd,ok,注意の記録,1740,1740,0.000575,0.272414,0.000000,0.000575,0.312069,0.687356,40,0.025000,0.000000,D_τ0.15,なし（τ0.15）,ok,ok,1740,4957.858046,4948,5
11,2,6,wave2_11_w2_s6_cdaf,daf69efd,ok,注意の記録,1740,1740,0.001149,0.283908,0.001724,0.002874,0.282759,0.714368,29,0.068966,0.103448,D_τ0.15,なし（τ0.15）,ok,ok,1740,4264.989655,4434,4
11,2,7,wave2_11_w2_s7_cdaf,daf69efd,ok,注意の記録,1740,1740,0.000575,0.277011,0.000000,0.000575,0.287931,0.711494,27,0.037037,0.000000,D_τ0.15,なし（τ0.15）,ok,ok,1740,4528.724138,4774,5
11,2,8,wave2_11_w2_s8_cdaf,daf69efd,ok,注意の記録,1740,1740,0.002299,0.310920,0.000000,0.002299,0.316667,0.681034,25,0.160000,0.000000,D_τ0.15,なし（τ0.15）,ok,ok,1740,4217.064943,4436,4
11,2,9,wave2_11_w2_s9_cdaf,daf69efd,ok,注意の記録,1740,1740,0.001149,0.272989,0.000000,0.001149,0.278161,0.720690,24,0.083333,0.000000,D_τ0.15,なし（τ0.15）,ok,ok,1740,4652.077586,5217,6
11,2,10,wave2_11_w2_s10_cdaf,daf69efd,ok,注意の記録,1740,1740,0.000575,0.296552,0.000575,0.001149,0.340805,0.658046,29,0.034483,0.034483,D_τ0.15,なし（τ0.15）,ok,ok,1740,5018.586207,5501,6
11,2,11,,,未完（走らせていない：第 2 波は種 1〜10）,,0,,,,,,,,,,,D_τ0.15,なし（τ0.15）,,,,,,
11,2,12,,,未完（走らせていない：第 2 波は種 1〜10）,,0,,,,,,,,,,,D_τ0.15,なし（τ0.15）,,,,,,
11,2,13,,,未完（走らせていない：第 2 波は種 1〜10）,,0,,,,,,,,,,,D_τ0.15,なし（τ0.15）,,,,,,
11,2,14,,,未完（走らせていない：第 2 波は種 1〜10）,,0,,,,,,,,,,,D_τ0.15,なし（τ0.15）,,,,,,
11,2,15,,,未完（走らせていない：第 2 波は種 1〜10）,,0,,,,,,,,,,,D_τ0.15,なし（τ0.15）,,,,,,
11,2,16,,,未完（走らせていない：第 2 波は種 1〜10）,,0,,,,,,,,,,,D_τ0.15,なし（τ0.15）,,,,,,
11,2,17,,,未完（走らせていない：第 2 波は種 1〜10）,,0,,,,,,,,,,,D_τ0.15,なし（τ0.15）,,,,,,
11,2,18,,,未完（走らせていない：第 2 波は種 1〜10）,,0,,,,,,,,,,,D_τ0.15,なし（τ0.15）,,,,,,
11,2,19,,,未完（走らせていない：第 2 波は種 1〜10）,,0,,,,,,,,,,,D_τ0.15,なし（τ0.15）,,,,,,
11,2,20,,,未完（走らせていない：第 2 波は種 1〜10）,,0,,,,,,,,,,,D_τ0.15,なし（τ0.15）,,,,,,
12,1,1,wave2_12_w1_s1_cdaf,daf69efd,ok,注意の記録,1740,1740,0.000000,0.272414,0.000000,0.000000,0.282184,0.717816,33,0.000000,0.000000,D＋注意_τ0.4,なし（τ0.4）,ok,ok,1740,4054.986207,4364,4
12,1,2,wave2_12_w1_s2_cdaf,daf69efd,ok,注意の記録,1740,1740,0.000000,0.277586,0.000000,0.000000,0.278736,0.721264,34,0.000000,0.000000,D＋注意_τ0.4,なし（τ0.4）,ok,ok,1740,2867.768391,3050,2
12,1,3,wave2_12_w1_s3_cdaf,daf69efd,ok,注意の記録,1740,1740,0.000000,0.293103,0.000000,0.000000,0.295402,0.704598,33,0.000000,0.000000,D＋注意_τ0.4,なし（τ0.4）,ok,ok,1740,3786.205172,4328,4
12,1,4,wave2_12_w1_s4_cdaf,daf69efd,ok,注意の記録,1740,1740,0.000000,0.267241,0.000000,0.000000,0.267816,0.732184,23,0.000000,0.000000,D＋注意_τ0.4,なし（τ0.4）,ok,ok,1740,4053.887931,4394,4
12,1,5,wave2_12_w1_s5_cdaf,daf69efd,ok,注意の記録,1740,1740,0.000000,0.273563,0.000000,0.000000,0.274713,0.725287,40,0.000000,0.000000,D＋注意_τ0.4,なし（τ0.4）,ok,ok,1740,3911.724713,4964,5
12,1,6,wave2_12_w1_s6_cdaf,daf69efd,ok,注意の記録,1740,1740,0.000000,0.273563,0.000000,0.000000,0.274138,0.725862,29,0.000000,0.000000,D＋注意_τ0.4,なし（τ0.4）,ok,ok,1740,3432.752299,3672,3
12,1,7,wave2_12_w1_s7_cdaf,daf69efd,ok,注意の記録,1740,1740,0.000000,0.275287,0.000000,0.000000,0.276437,0.723563,27,0.000000,0.000000,D＋注意_τ0.4,なし（τ0.4）,ok,ok,1740,3957.669540,4232,4
12,1,8,wave2_12_w1_s8_cdaf,daf69efd,ok,注意の記録,1740,1740,0.000000,0.309195,0.000000,0.000000,0.310920,0.689080,25,0.000000,0.000000,D＋注意_τ0.4,なし（τ0.4）,ok,ok,1740,3418.048851,3672,3
12,1,9,wave2_12_w1_s9_cdaf,daf69efd,ok,注意の記録,1740,1740,0.000000,0.263218,0.000000,0.000000,0.265517,0.734483,24,0.000000,0.000000,D＋注意_τ0.4,なし（τ0.4）,ok,ok,1740,2843.243103,3054,2
12,1,10,wave2_12_w1_s10_cdaf,daf69efd,ok,注意の記録,1740,1740,0.000000,0.285057,0.000000,0.000000,0.285632,0.714368,29,0.000000,0.000000,D＋注意_τ0.4,なし（τ0.4）,ok,ok,1740,2844.915517,3056,2
12,1,11,,,未完（走らせていない：第 2 波は種 1〜10）,,0,,,,,,,,,,,D＋注意_τ0.4,なし（τ0.4）,,,,,,
12,1,12,,,未完（走らせていない：第 2 波は種 1〜10）,,0,,,,,,,,,,,D＋注意_τ0.4,なし（τ0.4）,,,,,,
12,1,13,,,未完（走らせていない：第 2 波は種 1〜10）,,0,,,,,,,,,,,D＋注意_τ0.4,なし（τ0.4）,,,,,,
12,1,14,,,未完（走らせていない：第 2 波は種 1〜10）,,0,,,,,,,,,,,D＋注意_τ0.4,なし（τ0.4）,,,,,,
12,1,15,,,未完（走らせていない：第 2 波は種 1〜10）,,0,,,,,,,,,,,D＋注意_τ0.4,なし（τ0.4）,,,,,,
12,1,16,,,未完（走らせていない：第 2 波は種 1〜10）,,0,,,,,,,,,,,D＋注意_τ0.4,なし（τ0.4）,,,,,,
12,1,17,,,未完（走らせていない：第 2 波は種 1〜10）,,0,,,,,,,,,,,D＋注意_τ0.4,なし（τ0.4）,,,,,,
12,1,18,,,未完（走らせていない：第 2 波は種 1〜10）,,0,,,,,,,,,,,D＋注意_τ0.4,なし（τ0.4）,,,,,,
12,1,19,,,未完（走らせていない：第 2 波は種 1〜10）,,0,,,,,,,,,,,D＋注意_τ0.4,なし（τ0.4）,,,,,,
12,1,20,,,未完（走らせていない：第 2 波は種 1〜10）,,0,,,,,,,,,,,D＋注意_τ0.4,なし（τ0.4）,,,,,,
12,2,1,wave2_12_w2_s1_cdaf,daf69efd,ok,注意の記録,1740,1740,0.000575,0.313218,0.009770,0.010345,0.314368,0.675287,33,0.030303,0.515152,D＋注意_τ0.4,なし（τ0.4）,ok,ok,1740,3758.616092,4033,4
12,2,2,wave2_12_w2_s2_cdaf,daf69efd,ok,注意の記録,1740,1740,0.000575,0.379885,0.018391,0.018966,0.396552,0.584483,34,0.029412,0.941176,D＋注意_τ0.4,なし（τ0.4）,ok,ok,1740,3303.665517,3504,3
12,2,3,wave2_12_w2_s3_cdaf,daf69efd,ok,注意の記録,1740,1740,0.008621,0.349425,0.005172,0.013793,0.352299,0.633908,33,0.454545,0.272727,D＋注意_τ0.4,なし（τ0.4）,ok,ok,1740,3642.077586,4242,5
12,2,4,wave2_12_w2_s4_cdaf,daf69efd,ok,注意の記録,1740,1740,0.000575,0.277586,0.006322,0.006897,0.278161,0.714943,23,0.043478,0.478261,D＋注意_τ0.4,なし（τ0.4）,ok,ok,1740,4004.041379,4363,4
12,2,5,wave2_12_w2_s5_cdaf,daf69efd,ok,注意の記録,1740,1740,0.011494,0.339080,0.005747,0.017241,0.339080,0.643678,40,0.475000,0.275000,D＋注意_τ0.4,なし（τ0.4）,ok,ok,1740,3649.651149,4644,5
12,2,6,wave2_12_w2_s6_cdaf,daf69efd,ok,注意の記録,1740,1740,0.008046,0.355747,0.008621,0.016667,0.355172,0.628161,29,0.482759,0.517241,D＋注意_τ0.4,なし（τ0.4）,ok,ok,1740,3387.802299,3820,4
12,2,7,wave2_12_w2_s7_cdaf,daf69efd,ok,注意の記録,1740,1740,0.009770,0.296552,0.004598,0.014368,0.338506,0.647126,27,0.629630,0.296296,D＋注意_τ0.4,なし（τ0.4）,ok,ok,1740,3841.845402,4335,6
12,2,8,wave2_12_w2_s8_cdaf,daf69efd,ok,注意の記録,1740,1740,0.000575,0.396552,0.013218,0.013793,0.387356,0.598851,25,0.040000,0.920000,D＋注意_τ0.4,なし（τ0.4）,ok,ok,1740,3201.633333,3390,3
12,2,9,wave2_12_w2_s9_cdaf,daf69efd,ok,注意の記録,1740,1740,0.000575,0.350000,0.012644,0.013218,0.343678,0.643103,24,0.041667,0.958333,D＋注意_τ0.4,なし（τ0.4）,ok,ok,1740,3142.190230,3316,3
12,2,10,wave2_12_w2_s10_cdaf,daf69efd,ok,注意の記録,1740,1740,0.008621,0.389655,0.008046,0.016667,0.383908,0.599425,29,0.517241,0.482759,D＋注意_τ0.4,なし（τ0.4）,ok,ok,1740,3181.418391,3407,3
12,2,11,,,未完（走らせていない：第 2 波は種 1〜10）,,0,,,,,,,,,,,D＋注意_τ0.4,なし（τ0.4）,,,,,,
12,2,12,,,未完（走らせていない：第 2 波は種 1〜10）,,0,,,,,,,,,,,D＋注意_τ0.4,なし（τ0.4）,,,,,,
12,2,13,,,未完（走らせていない：第 2 波は種 1〜10）,,0,,,,,,,,,,,D＋注意_τ0.4,なし（τ0.4）,,,,,,
12,2,14,,,未完（走らせていない：第 2 波は種 1〜10）,,0,,,,,,,,,,,D＋注意_τ0.4,なし（τ0.4）,,,,,,
12,2,15,,,未完（走らせていない：第 2 波は種 1〜10）,,0,,,,,,,,,,,D＋注意_τ0.4,なし（τ0.4）,,,,,,
12,2,16,,,未完（走らせていない：第 2 波は種 1〜10）,,0,,,,,,,,,,,D＋注意_τ0.4,なし（τ0.4）,,,,,,
12,2,17,,,未完（走らせていない：第 2 波は種 1〜10）,,0,,,,,,,,,,,D＋注意_τ0.4,なし（τ0.4）,,,,,,
12,2,18,,,未完（走らせていない：第 2 波は種 1〜10）,,0,,,,,,,,,,,D＋注意_τ0.4,なし（τ0.4）,,,,,,
12,2,19,,,未完（走らせていない：第 2 波は種 1〜10）,,0,,,,,,,,,,,D＋注意_τ0.4,なし（τ0.4）,,,,,,
12,2,20,,,未完（走らせていない：第 2 波は種 1〜10）,,0,,,,,,,,,,,D＋注意_τ0.4,なし（τ0.4）,,,,,,
13,1,1,wave2_13_w1_s1_cdaf,daf69efd,ok,注意の記録,1740,1740,0.000000,0.272989,0.000000,0.000000,0.362069,0.637931,33,0.000000,0.000000,D＋注意_τ0.15,なし（τ0.15）,ok,ok,1740,5484.197126,5954,7
13,1,2,wave2_13_w1_s2_cdaf,daf69efd,ok,注意の記録,1740,1740,0.000000,0.277011,0.000000,0.000000,0.391954,0.608046,34,0.000000,0.000000,D＋注意_τ0.15,なし（τ0.15）,ok,ok,1740,5518.018391,5959,7
13,1,3,wave2_13_w1_s3_cdaf,daf69efd,ok,注意の記録,1740,1740,0.000000,0.293103,0.000000,0.000000,0.335057,0.664943,33,0.000000,0.000000,D＋注意_τ0.15,なし（τ0.15）,ok,ok,1740,4570.393678,4950,5
13,1,4,wave2_13_w1_s4_cdaf,daf69efd,ok,注意の記録,1740,1740,0.000000,0.267816,0.000000,0.000000,0.267816,0.732184,23,0.000000,0.000000,D＋注意_τ0.15,なし（τ0.15）,ok,ok,1740,4087.356322,4442,4
13,1,5,wave2_13_w1_s5_cdaf,daf69efd,ok,注意の記録,1740,1740,0.000000,0.270690,0.000000,0.000000,0.308046,0.691954,40,0.000000,0.000000,D＋注意_τ0.15,なし（τ0.15）,ok,ok,1740,4807.081034,4948,5
13,1,6,wave2_13_w1_s6_cdaf,daf69efd,ok,注意の記録,1740,1740,0.000000,0.273563,0.000000,0.000000,0.276437,0.723563,29,0.000000,0.000000,D＋注意_τ0.15,なし（τ0.15）,ok,ok,1740,4009.462069,4434,4
13,1,7,wave2_13_w1_s7_cdaf,daf69efd,ok,注意の記録,1740,1740,0.000000,0.274713,0.000000,0.000000,0.278161,0.721839,27,0.000000,0.000000,D＋注意_τ0.15,なし（τ0.15）,ok,ok,1740,4614.104598,4958,5
13,1,8,wave2_13_w1_s8_cdaf,daf69efd,ok,注意の記録,1740,1740,0.000000,0.308046,0.000000,0.000000,0.310345,0.689655,25,0.000000,0.000000,D＋注意_τ0.15,なし（τ0.15）,ok,ok,1740,4042.788506,4436,4
13,1,9,wave2_13_w1_s9_cdaf,daf69efd,ok,注意の記録,1740,1740,0.000000,0.262644,0.000000,0.000000,0.272414,0.727586,24,0.000000,0.000000,D＋注意_τ0.15,なし（τ0.15）,ok,ok,1740,4371.620115,4946,5
13,1,10,wave2_13_w1_s10_cdaf,daf69efd,ok,注意の記録,1740,1740,0.000000,0.284483,0.000000,0.000000,0.329885,0.670115,29,0.000000,0.000000,D＋注意_τ0.15,なし（τ0.15）,ok,ok,1740,4804.659195,5501,6
13,1,11,,,未完（走らせていない：第 2 波は種 1〜10）,,0,,,,,,,,,,,D＋注意_τ0.15,なし（τ0.15）,,,,,,
13,1,12,,,未完（走らせていない：第 2 波は種 1〜10）,,0,,,,,,,,,,,D＋注意_τ0.15,なし（τ0.15）,,,,,,
13,1,13,,,未完（走らせていない：第 2 波は種 1〜10）,,0,,,,,,,,,,,D＋注意_τ0.15,なし（τ0.15）,,,,,,
13,1,14,,,未完（走らせていない：第 2 波は種 1〜10）,,0,,,,,,,,,,,D＋注意_τ0.15,なし（τ0.15）,,,,,,
13,1,15,,,未完（走らせていない：第 2 波は種 1〜10）,,0,,,,,,,,,,,D＋注意_τ0.15,なし（τ0.15）,,,,,,
13,1,16,,,未完（走らせていない：第 2 波は種 1〜10）,,0,,,,,,,,,,,D＋注意_τ0.15,なし（τ0.15）,,,,,,
13,1,17,,,未完（走らせていない：第 2 波は種 1〜10）,,0,,,,,,,,,,,D＋注意_τ0.15,なし（τ0.15）,,,,,,
13,1,18,,,未完（走らせていない：第 2 波は種 1〜10）,,0,,,,,,,,,,,D＋注意_τ0.15,なし（τ0.15）,,,,,,
13,1,19,,,未完（走らせていない：第 2 波は種 1〜10）,,0,,,,,,,,,,,D＋注意_τ0.15,なし（τ0.15）,,,,,,
13,1,20,,,未完（走らせていない：第 2 波は種 1〜10）,,0,,,,,,,,,,,D＋注意_τ0.15,なし（τ0.15）,,,,,,
13,2,1,wave2_13_w2_s1_cdaf,daf69efd,ok,注意の記録,1740,1740,0.000000,0.278161,0.000000,0.000000,0.364943,0.635057,33,0.000000,0.000000,D＋注意_τ0.15,なし（τ0.15）,ok,ok,1740,5489.464943,5934,7
13,2,2,wave2_13_w2_s2_cdaf,daf69efd,ok,注意の記録,1740,1740,0.000575,0.282184,0.000575,0.001149,0.395402,0.603448,34,0.029412,0.029412,D＋注意_τ0.15,なし（τ0.15）,ok,ok,1740,5555.890230,5921,7
13,2,3,wave2_13_w2_s3_cdaf,daf69efd,ok,注意の記録,1740,1740,0.000000,0.294253,0.000575,0.000575,0.336207,0.663218,33,0.000000,0.030303,D＋注意_τ0.15,なし（τ0.15）,ok,ok,1740,4569.766092,4950,5
13,2,4,wave2_13_w2_s4_cdaf,daf69efd,ok,注意の記録,1740,1740,0.000575,0.268966,0.000575,0.001149,0.273563,0.725287,23,0.000000,0.043478,D＋注意_τ0.15,なし（τ0.15）,ok,ok,1740,4192.869540,4442,4
13,2,5,wave2_13_w2_s5_cdaf,daf69efd,ok,注意の記録,1740,1740,0.000575,0.272414,0.000000,0.000575,0.312069,0.687356,40,0.025000,0.000000,D＋注意_τ0.15,なし（τ0.15）,ok,ok,1740,4968.840805,4948,5
13,2,6,wave2_13_w2_s6_cdaf,daf69efd,ok,注意の記録,1740,1740,0.001149,0.283908,0.001724,0.002874,0.282759,0.714368,29,0.068966,0.103448,D＋注意_τ0.15,なし（τ0.15）,ok,ok,1740,4265.481034,4434,4
13,2,7,wave2_13_w2_s7_cdaf,daf69efd,ok,注意の記録,1740,1740,0.000575,0.277011,0.000000,0.000575,0.287931,0.711494,27,0.037037,0.000000,D＋注意_τ0.15,なし（τ0.15）,ok,ok,1740,4531.663218,4774,5
13,2,8,wave2_13_w2_s8_cdaf,daf69efd,ok,注意の記録,1740,1740,0.002299,0.310920,0.000000,0.002299,0.316667,0.681034,25,0.160000,0.000000,D＋注意_τ0.15,なし（τ0.15）,ok,ok,1740,4221.559195,4436,4
13,2,9,wave2_13_w2_s9_cdaf,daf69efd,ok,注意の記録,1740,1740,0.001149,0.272989,0.000000,0.001149,0.278161,0.720690,24,0.083333,0.000000,D＋注意_τ0.15,なし（τ0.15）,ok,ok,1740,4652.547126,5217,6
13,2,10,wave2_13_w2_s10_cdaf,daf69efd,ok,注意の記録,1740,1740,0.000575,0.296552,0.000575,0.001149,0.340805,0.658046,29,0.034483,0.034483,D＋注意_τ0.15,なし（τ0.15）,ok,ok,1740,5041.759195,5501,6
13,2,11,,,未完（走らせていない：第 2 波は種 1〜10）,,0,,,,,,,,,,,D＋注意_τ0.15,なし（τ0.15）,,,,,,
13,2,12,,,未完（走らせていない：第 2 波は種 1〜10）,,0,,,,,,,,,,,D＋注意_τ0.15,なし（τ0.15）,,,,,,
13,2,13,,,未完（走らせていない：第 2 波は種 1〜10）,,0,,,,,,,,,,,D＋注意_τ0.15,なし（τ0.15）,,,,,,
13,2,14,,,未完（走らせていない：第 2 波は種 1〜10）,,0,,,,,,,,,,,D＋注意_τ0.15,なし（τ0.15）,,,,,,
13,2,15,,,未完（走らせていない：第 2 波は種 1〜10）,,0,,,,,,,,,,,D＋注意_τ0.15,なし（τ0.15）,,,,,,
13,2,16,,,未完（走らせていない：第 2 波は種 1〜10）,,0,,,,,,,,,,,D＋注意_τ0.15,なし（τ0.15）,,,,,,
13,2,17,,,未完（走らせていない：第 2 波は種 1〜10）,,0,,,,,,,,,,,D＋注意_τ0.15,なし（τ0.15）,,,,,,
13,2,18,,,未完（走らせていない：第 2 波は種 1〜10）,,0,,,,,,,,,,,D＋注意_τ0.15,なし（τ0.15）,,,,,,
13,2,19,,,未完（走らせていない：第 2 波は種 1〜10）,,0,,,,,,,,,,,D＋注意_τ0.15,なし（τ0.15）,,,,,,
13,2,20,,,未完（走らせていない：第 2 波は種 1〜10）,,0,,,,,,,,,,,D＋注意_τ0.15,なし（τ0.15）,,,,,,
15,2,1,wave2_15_w2_s1_c792,c7921598,ok,注意の記録,1740,1740,0.019540,0.275287,0.001724,0.021264,0.284483,0.694253,15,0.533333,0.266667,全部入り_L50_例外0.1,L50_ref,ok,ok,1740,7700.950000,11334,18
15,2,2,wave2_15_w2_s2_c792,c7921598,ok,注意の記録,1740,1740,0.024138,0.278736,0.002299,0.026437,0.432759,0.540805,16,0.437500,0.250000,全部入り_L50_例外0.1,L50_ref,ok,ok,1740,9508.863793,12933,30
15,2,3,wave2_15_w2_s3_c792,c7921598,ok,注意の記録,1740,1740,0.008046,0.293678,0.000000,0.008046,0.420115,0.571839,16,0.625000,0.000000,全部入り_L50_例外0.1,L50_ref,ok,ok,1740,14041.782184,19784,50
15,2,4,wave2_15_w2_s4_c792,c7921598,ok,注意の記録,1740,1740,0.005747,0.272414,0.000575,0.006322,0.298851,0.694828,14,0.642857,0.071429,全部入り_L50_例外0.1,L50_ref,ok,ok,1740,13033.057471,17284,42
15,2,5,wave2_15_w2_s5_c792,c7921598,ok,注意の記録,1740,1740,0.010345,0.274713,0.004598,0.014943,0.385057,0.600000,21,0.666667,0.238095,全部入り_L50_例外0.1,L50_ref,ok,ok,1740,9359.234483,10387,22
15,2,6,wave2_15_w2_s6_c792,c7921598,ok,注意の記録,1740,1740,0.013218,0.279310,0.002874,0.016092,0.341379,0.642529,7,0.285714,0.714286,全部入り_L50_例外0.1,L50_ref,ok,ok,1740,10892.968966,13946,34
15,2,7,,,未完（持ち帰っていない）,,0,,,,,,,,,,,全部入り_L50_例外0.1,L50_ref,,,,,,
15,2,8,wave2_15_w2_s8_c792,c7921598,ok,注意の記録,1740,1740,0.042529,0.310345,0.000575,0.043103,0.376437,0.580460,15,0.733333,0.066667,全部入り_L50_例外0.1,L50_ref,ok,ok,1740,9527.304023,10836,23
15,2,9,wave2_15_w2_s9_c792,c7921598,ok,注意の記録,1740,1740,0.028161,0.264368,0.000000,0.028161,0.275862,0.695977,10,1.000000,0.000000,全部入り_L50_例外0.1,L50_ref,ok,ok,1740,7534.574713,9211,17
15,2,10,wave2_15_w2_s10_c792,c7921598,ok,注意の記録,1740,1740,0.014368,0.287356,0.000575,0.014943,0.345977,0.639080,16,0.750000,0.062500,全部入り_L50_例外0.1,L50_ref,ok,ok,1740,8871.031609,11173,25
15,2,11,,,未完（走らせていない：第 2 波は種 1〜10）,,0,,,,,,,,,,,全部入り_L50_例外0.1,L50_ref,,,,,,
15,2,12,,,未完（走らせていない：第 2 波は種 1〜10）,,0,,,,,,,,,,,全部入り_L50_例外0.1,L50_ref,,,,,,
15,2,13,,,未完（走らせていない：第 2 波は種 1〜10）,,0,,,,,,,,,,,全部入り_L50_例外0.1,L50_ref,,,,,,
15,2,14,,,未完（走らせていない：第 2 波は種 1〜10）,,0,,,,,,,,,,,全部入り_L50_例外0.1,L50_ref,,,,,,
15,2,15,,,未完（走らせていない：第 2 波は種 1〜10）,,0,,,,,,,,,,,全部入り_L50_例外0.1,L50_ref,,,,,,
15,2,16,,,未完（走らせていない：第 2 波は種 1〜10）,,0,,,,,,,,,,,全部入り_L50_例外0.1,L50_ref,,,,,,
15,2,17,,,未完（走らせていない：第 2 波は種 1〜10）,,0,,,,,,,,,,,全部入り_L50_例外0.1,L50_ref,,,,,,
15,2,18,,,未完（走らせていない：第 2 波は種 1〜10）,,0,,,,,,,,,,,全部入り_L50_例外0.1,L50_ref,,,,,,
15,2,19,,,未完（走らせていない：第 2 波は種 1〜10）,,0,,,,,,,,,,,全部入り_L50_例外0.1,L50_ref,,,,,,
15,2,20,,,未完（走らせていない：第 2 波は種 1〜10）,,0,,,,,,,,,,,全部入り_L50_例外0.1,L50_ref,,,,,,
16,2,1,wave2_16_w2_s1_c792,c7921598,ok,注意の記録,1740,1740,0.027011,0.300000,0.025287,0.052299,0.360920,0.586782,45,0.444444,0.000000,全部入り_L50_例外0.3,L50_ref,ok,ok,1740,8350.285057,11018,22
16,2,2,wave2_16_w2_s2_c792,c7921598,ok,注意の記録,1740,1740,0.028736,0.294828,0.017816,0.046552,0.284483,0.668966,57,0.403509,0.017544,全部入り_L50_例外0.3,L50_ref,ok,ok,1740,8107.767816,6969,13
16,2,3,wave2_16_w2_s3_c792,c7921598,ok,注意の記録,1740,1740,0.002299,0.297126,0.000575,0.002874,0.302299,0.694828,50,0.040000,0.000000,全部入り_L50_例外0.3,L50_ref,ok,ok,1740,8806.722989,9776,19
16,2,4,wave2_16_w2_s4_c792,c7921598,ok,注意の記録,1740,1740,0.032184,0.278736,0.003448,0.035632,0.378736,0.585632,35,0.371429,0.542857,全部入り_L50_例外0.3,L50_ref,ok,ok,1740,10194.002299,13171,30
16,2,5,wave2_16_w2_s5_c792,c7921598,ok,注意の記録,1740,1740,0.060345,0.272414,0.000000,0.060345,0.312069,0.627586,54,0.518519,0.000000,全部入り_L50_例外0.3,L50_ref,ok,ok,1740,6807.879885,6307,11
16,2,6,wave2_16_w2_s6_c792,c7921598,ok,注意の記録,1740,1740,0.024138,0.274138,0.000000,0.024138,0.362644,0.613218,43,0.302326,0.000000,全部入り_L50_例外0.3,L50_ref,ok,ok,1740,15002.350575,16240,43
16,2,7,,,未完（持ち帰っていない）,,0,,,,,,,,,,,全部入り_L50_例外0.3,L50_ref,,,,,,
16,2,8,wave2_16_w2_s8_c792,c7921598,ok,注意の記録,1740,1740,0.006322,0.309770,0.000000,0.006322,0.372989,0.620690,46,0.130435,0.000000,全部入り_L50_例外0.3,L50_ref,ok,ok,1740,10100.085057,11917,27
16,2,9,wave2_16_w2_s9_c792,c7921598,ok,注意の記録,1740,1740,0.008621,0.268966,0.000575,0.009195,0.410920,0.579885,36,0.166667,0.111111,全部入り_L50_例外0.3,L50_ref,ok,ok,1740,8683.335057,10127,21
16,2,10,wave2_16_w2_s10_c792,c7921598,ok,注意の記録,1740,1740,0.027011,0.324138,0.027586,0.054598,0.413218,0.532184,46,0.260870,0.326087,全部入り_L50_例外0.3,L50_ref,ok,ok,1740,6887.009770,9650,19
16,2,11,,,未完（走らせていない：第 2 波は種 1〜10）,,0,,,,,,,,,,,全部入り_L50_例外0.3,L50_ref,,,,,,
16,2,12,,,未完（走らせていない：第 2 波は種 1〜10）,,0,,,,,,,,,,,全部入り_L50_例外0.3,L50_ref,,,,,,
16,2,13,,,未完（走らせていない：第 2 波は種 1〜10）,,0,,,,,,,,,,,全部入り_L50_例外0.3,L50_ref,,,,,,
16,2,14,,,未完（走らせていない：第 2 波は種 1〜10）,,0,,,,,,,,,,,全部入り_L50_例外0.3,L50_ref,,,,,,
16,2,15,,,未完（走らせていない：第 2 波は種 1〜10）,,0,,,,,,,,,,,全部入り_L50_例外0.3,L50_ref,,,,,,
16,2,16,,,未完（走らせていない：第 2 波は種 1〜10）,,0,,,,,,,,,,,全部入り_L50_例外0.3,L50_ref,,,,,,
16,2,17,,,未完（走らせていない：第 2 波は種 1〜10）,,0,,,,,,,,,,,全部入り_L50_例外0.3,L50_ref,,,,,,
16,2,18,,,未完（走らせていない：第 2 波は種 1〜10）,,0,,,,,,,,,,,全部入り_L50_例外0.3,L50_ref,,,,,,
16,2,19,,,未完（走らせていない：第 2 波は種 1〜10）,,0,,,,,,,,,,,全部入り_L50_例外0.3,L50_ref,,,,,,
16,2,20,,,未完（走らせていない：第 2 波は種 1〜10）,,0,,,,,,,,,,,全部入り_L50_例外0.3,L50_ref,,,,,,
17,2,1,wave2_17_w2_s1_cdaf,daf69efd,ok,注意の記録,1740,1740,0.000000,0.340230,0.008621,0.008621,0.332184,0.659195,15,0.000000,1.000000,D＋注意_τ0.4_例外0.1,なし（τ0.4）,ok,ok,1740,2814.727011,3050,2
17,2,2,wave2_17_w2_s2_cdaf,daf69efd,ok,注意の記録,1740,1740,0.000000,0.335057,0.008621,0.008621,0.340805,0.650575,16,0.000000,0.937500,D＋注意_τ0.4_例外0.1,なし（τ0.4）,ok,ok,1740,3218.421264,3464,3
17,2,3,wave2_17_w2_s3_cdaf,daf69efd,ok,注意の記録,1740,1740,0.000575,0.362644,0.008621,0.009195,0.354023,0.636782,16,0.062500,0.937500,D＋注意_τ0.4_例外0.1,なし（τ0.4）,ok,ok,1740,2821.993678,3050,2
17,2,4,wave2_17_w2_s4_cdaf,daf69efd,ok,注意の記録,1740,1740,0.001724,0.322414,0.006322,0.008046,0.317816,0.674138,14,0.214286,0.785714,D＋注意_τ0.4_例外0.1,なし（τ0.4）,ok,ok,1740,3115.879885,3336,3
17,2,5,wave2_17_w2_s5_cdaf,daf69efd,ok,注意の記録,1740,1740,0.000000,0.355172,0.012069,0.012069,0.344253,0.643678,21,0.000000,1.000000,D＋注意_τ0.4_例外0.1,なし（τ0.4）,ok,ok,1740,2830.120115,3050,2
17,2,6,wave2_17_w2_s6_cdaf,daf69efd,ok,注意の記録,1740,1740,0.000000,0.337931,0.004023,0.004023,0.333908,0.662069,7,0.000000,1.000000,D＋注意_τ0.4_例外0.1,なし（τ0.4）,ok,ok,1740,2809.567241,3054,2
17,2,7,wave2_17_w2_s7_cdaf,daf69efd,ok,注意の記録,1740,1740,0.006322,0.316092,0.001724,0.008046,0.322989,0.668966,15,0.733333,0.200000,D＋注意_τ0.4_例外0.1,なし（τ0.4）,ok,ok,1740,3133.434483,3352,3
17,2,8,wave2_17_w2_s8_cdaf,daf69efd,ok,注意の記録,1740,1740,0.000575,0.354598,0.008046,0.008621,0.349425,0.641954,15,0.066667,0.933333,D＋注意_τ0.4_例外0.1,なし（τ0.4）,ok,ok,1740,3135.081034,3381,3
17,2,9,wave2_17_w2_s9_cdaf,daf69efd,ok,注意の記録,1740,1740,0.000000,0.322989,0.005747,0.005747,0.320115,0.674138,10,0.000000,1.000000,D＋注意_τ0.4_例外0.1,なし（τ0.4）,ok,ok,1740,2817.446552,3052,2
17,2,10,wave2_17_w2_s10_cdaf,daf69efd,ok,注意の記録,1740,1740,0.000000,0.359770,0.009195,0.009195,0.351149,0.639655,16,0.000000,1.000000,D＋注意_τ0.4_例外0.1,なし（τ0.4）,ok,ok,1740,2818.508621,3054,2
17,2,11,,,未完（走らせていない：第 2 波は種 1〜10）,,0,,,,,,,,,,,D＋注意_τ0.4_例外0.1,なし（τ0.4）,,,,,,
17,2,12,,,未完（走らせていない：第 2 波は種 1〜10）,,0,,,,,,,,,,,D＋注意_τ0.4_例外0.1,なし（τ0.4）,,,,,,
17,2,13,,,未完（走らせていない：第 2 波は種 1〜10）,,0,,,,,,,,,,,D＋注意_τ0.4_例外0.1,なし（τ0.4）,,,,,,
17,2,14,,,未完（走らせていない：第 2 波は種 1〜10）,,0,,,,,,,,,,,D＋注意_τ0.4_例外0.1,なし（τ0.4）,,,,,,
17,2,15,,,未完（走らせていない：第 2 波は種 1〜10）,,0,,,,,,,,,,,D＋注意_τ0.4_例外0.1,なし（τ0.4）,,,,,,
17,2,16,,,未完（走らせていない：第 2 波は種 1〜10）,,0,,,,,,,,,,,D＋注意_τ0.4_例外0.1,なし（τ0.4）,,,,,,
17,2,17,,,未完（走らせていない：第 2 波は種 1〜10）,,0,,,,,,,,,,,D＋注意_τ0.4_例外0.1,なし（τ0.4）,,,,,,
17,2,18,,,未完（走らせていない：第 2 波は種 1〜10）,,0,,,,,,,,,,,D＋注意_τ0.4_例外0.1,なし（τ0.4）,,,,,,
17,2,19,,,未完（走らせていない：第 2 波は種 1〜10）,,0,,,,,,,,,,,D＋注意_τ0.4_例外0.1,なし（τ0.4）,,,,,,
17,2,20,,,未完（走らせていない：第 2 波は種 1〜10）,,0,,,,,,,,,,,D＋注意_τ0.4_例外0.1,なし（τ0.4）,,,,,,
18,2,1,wave2_18_w2_s1_cdaf,daf69efd,ok,注意の記録,1740,1740,0.001149,0.289655,0.006322,0.007471,0.302299,0.690230,45,0.044444,0.244444,D＋注意_τ0.4_例外0.3,なし（τ0.4）,ok,ok,1740,4426.144253,4994,5
18,2,2,wave2_18_w2_s2_cdaf,daf69efd,ok,注意の記録,1740,1740,0.000000,0.286207,0.000575,0.000575,0.287931,0.711494,57,0.000000,0.087719,D＋注意_τ0.4_例外0.3,なし（τ0.4）,ok,ok,1740,4325.678161,4506,4
18,2,3,wave2_18_w2_s3_cdaf,daf69efd,ok,注意の記録,1740,1740,0.004023,0.315517,0.000000,0.004023,0.323563,0.672414,50,0.140000,0.000000,D＋注意_τ0.4_例外0.3,なし（τ0.4）,ok,ok,1740,4504.775862,5040,5
18,2,4,wave2_18_w2_s4_cdaf,daf69efd,ok,注意の記録,1740,1740,0.002299,0.270115,0.001724,0.004023,0.348851,0.647126,35,0.114286,0.085714,D＋注意_τ0.4_例外0.3,なし（τ0.4）,ok,ok,1740,5118.478161,5418,6
18,2,5,wave2_18_w2_s5_cdaf,daf69efd,ok,注意の記録,1740,1740,0.014368,0.294828,0.000575,0.014943,0.336782,0.648276,54,0.444444,0.037037,D＋注意_τ0.4_例外0.3,なし（τ0.4）,ok,ok,1740,4212.753448,5114,6
18,2,6,wave2_18_w2_s6_cdaf,daf69efd,ok,注意の記録,1740,1740,0.003448,0.306322,0.001724,0.005172,0.305747,0.689080,43,0.139535,0.069767,D＋注意_τ0.4_例外0.3,なし（τ0.4）,ok,ok,1740,4006.516092,4685,5
18,2,7,wave2_18_w2_s7_cdaf,daf69efd,ok,注意の記録,1740,1740,0.000575,0.295402,0.005172,0.005747,0.306322,0.687931,44,0.022727,0.181818,D＋注意_τ0.4_例外0.3,なし（τ0.4）,ok,ok,1740,4137.316092,4803,5
18,2,8,wave2_18_w2_s8_cdaf,daf69efd,ok,注意の記録,1740,1740,0.009770,0.356897,0.007471,0.017241,0.355172,0.627586,46,0.369565,0.282609,D＋注意_τ0.4_例外0.3,なし（τ0.4）,ok,ok,1740,4000.835057,5100,6
18,2,9,wave2_18_w2_s9_cdaf,daf69efd,ok,注意の記録,1740,1740,0.009770,0.271839,0.001149,0.010920,0.351724,0.637356,36,0.472222,0.083333,D＋注意_τ0.4_例外0.3,なし（τ0.4）,ok,ok,1740,4185.740230,4763,6
18,2,10,wave2_18_w2_s10_cdaf,daf69efd,ok,注意の記録,1740,1740,0.004023,0.313218,0.001149,0.005172,0.334483,0.660345,46,0.152174,0.086957,D＋注意_τ0.4_例外0.3,なし（τ0.4）,ok,ok,1740,4142.138506,4623,5
18,2,11,,,未完（走らせていない：第 2 波は種 1〜10）,,0,,,,,,,,,,,D＋注意_τ0.4_例外0.3,なし（τ0.4）,,,,,,
18,2,12,,,未完（走らせていない：第 2 波は種 1〜10）,,0,,,,,,,,,,,D＋注意_τ0.4_例外0.3,なし（τ0.4）,,,,,,
18,2,13,,,未完（走らせていない：第 2 波は種 1〜10）,,0,,,,,,,,,,,D＋注意_τ0.4_例外0.3,なし（τ0.4）,,,,,,
18,2,14,,,未完（走らせていない：第 2 波は種 1〜10）,,0,,,,,,,,,,,D＋注意_τ0.4_例外0.3,なし（τ0.4）,,,,,,
18,2,15,,,未完（走らせていない：第 2 波は種 1〜10）,,0,,,,,,,,,,,D＋注意_τ0.4_例外0.3,なし（τ0.4）,,,,,,
18,2,16,,,未完（走らせていない：第 2 波は種 1〜10）,,0,,,,,,,,,,,D＋注意_τ0.4_例外0.3,なし（τ0.4）,,,,,,
18,2,17,,,未完（走らせていない：第 2 波は種 1〜10）,,0,,,,,,,,,,,D＋注意_τ0.4_例外0.3,なし（τ0.4）,,,,,,
18,2,18,,,未完（走らせていない：第 2 波は種 1〜10）,,0,,,,,,,,,,,D＋注意_τ0.4_例外0.3,なし（τ0.4）,,,,,,
18,2,19,,,未完（走らせていない：第 2 波は種 1〜10）,,0,,,,,,,,,,,D＋注意_τ0.4_例外0.3,なし（τ0.4）,,,,,,
18,2,20,,,未完（走らせていない：第 2 波は種 1〜10）,,0,,,,,,,,,,,D＋注意_τ0.4_例外0.3,なし（τ0.4）,,,,,,
