row,row_config,vs,world,metric,n_seeds_both,seeds,ratio_of_means,ratio_ci95_lo,ratio_ci95_hi,ratio_ci_contains_1,boot_undefined,boot_resamples,rng_seed,note
#8,全部入り_L25,1a/1b（全部入り_L50）,1,selection_error,10,"1,2,3,4,5,6,7,8,9,10",0.000000,0.000000,0.000000,no,1434,4000,20261009,参考（判定ではない）：走行の列の種の方針（後半を足すか）の目安
#8,全部入り_L25,1a/1b（全部入り_L50）,1,absent,10,"1,2,3,4,5,6,7,8,9,10",1.000000,1.000000,1.000000,yes,0,4000,20261009,参考（判定ではない）：走行の列の種の方針（後半を足すか）の目安
#8,全部入り_L25,1a/1b（全部入り_L50）,2,selection_error,10,"1,2,3,4,5,6,7,8,9,10",0.802974,0.442935,1.238095,yes,0,4000,20261009,参考（判定ではない）：走行の列の種の方針（後半を足すか）の目安
#8,全部入り_L25,1a/1b（全部入り_L50）,2,absent,10,"1,2,3,4,5,6,7,8,9,10",0.977264,0.919000,1.037671,yes,0,4000,20261009,参考（判定ではない）：走行の列の種の方針（後半を足すか）の目安
#10,D_τ0.4,1a/1b（全部入り_L50）,1,selection_error,10,"1,2,3,4,5,6,7,8,9,10",0.000000,0.000000,0.000000,no,1430,4000,20261009,参考（判定ではない）：走行の列の種の方針（後半を足すか）の目安
#10,D_τ0.4,1a/1b（全部入り_L50）,1,absent,10,"1,2,3,4,5,6,7,8,9,10",1.002271,1.000207,1.004698,no,0,4000,20261009,参考（判定ではない）：走行の列の種の方針（後半を足すか）の目安
#10,D_τ0.4,1a/1b（全部入り_L50）,2,selection_error,10,"1,2,3,4,5,6,7,8,9,10",0.319703,0.139410,0.664921,no,0,4000,20261009,参考（判定ではない）：走行の列の種の方針（後半を足すか）の目安
#10,D_τ0.4,1a/1b（全部入り_L50）,2,absent,10,"1,2,3,4,5,6,7,8,9,10",1.155877,1.057271,1.253429,no,0,4000,20261009,参考（判定ではない）：走行の列の種の方針（後半を足すか）の目安
#11,D_τ0.15,1a/1b（全部入り_L50）,1,selection_error,10,"1,2,3,4,5,6,7,8,9,10",0.000000,0.000000,0.000000,no,1382,4000,20261009,参考（判定ではない）：走行の列の種の方針（後半を足すか）の目安
#11,D_τ0.15,1a/1b（全部入り_L50）,1,absent,10,"1,2,3,4,5,6,7,8,9,10",1.000413,1.000000,1.001257,yes,0,4000,20261009,参考（判定ではない）：走行の列の種の方針（後半を足すか）の目安
#11,D_τ0.15,1a/1b（全部入り_L50）,2,selection_error,10,"1,2,3,4,5,6,7,8,9,10",0.048327,0.022099,0.094937,no,0,4000,20261009,参考（判定ではない）：走行の列の種の方針（後半を足すか）の目安
#11,D_τ0.15,1a/1b（全部入り_L50）,2,absent,10,"1,2,3,4,5,6,7,8,9,10",0.951252,0.890526,1.003969,yes,0,4000,20261009,参考（判定ではない）：走行の列の種の方針（後半を足すか）の目安
#12,D＋注意_τ0.4,1a/1b（全部入り_L50）,1,selection_error,10,"1,2,3,4,5,6,7,8,9,10",0.000000,0.000000,0.000000,no,1409,4000,20261009,参考（判定ではない）：走行の列の種の方針（後半を足すか）の目安
#12,D＋注意_τ0.4,1a/1b（全部入り_L50）,1,absent,10,"1,2,3,4,5,6,7,8,9,10",1.002271,1.000208,1.004619,no,0,4000,20261009,参考（判定ではない）：走行の列の種の方針（後半を足すか）の目安
#12,D＋注意_τ0.4,1a/1b（全部入り_L50）,2,selection_error,10,"1,2,3,4,5,6,7,8,9,10",0.319703,0.131757,0.679775,no,0,4000,20261009,参考（判定ではない）：走行の列の種の方針（後半を足すか）の目安
#12,D＋注意_τ0.4,1a/1b（全部入り_L50）,2,absent,10,"1,2,3,4,5,6,7,8,9,10",1.155877,1.054059,1.255981,no,0,4000,20261009,参考（判定ではない）：走行の列の種の方針（後半を足すか）の目安
#13,D＋注意_τ0.15,1a/1b（全部入り_L50）,1,selection_error,10,"1,2,3,4,5,6,7,8,9,10",0.000000,0.000000,0.000000,no,1322,4000,20261009,参考（判定ではない）：走行の列の種の方針（後半を足すか）の目安
#13,D＋注意_τ0.15,1a/1b（全部入り_L50）,1,absent,10,"1,2,3,4,5,6,7,8,9,10",1.000413,1.000000,1.001254,yes,0,4000,20261009,参考（判定ではない）：走行の列の種の方針（後半を足すか）の目安
#13,D＋注意_τ0.15,1a/1b（全部入り_L50）,2,selection_error,10,"1,2,3,4,5,6,7,8,9,10",0.048327,0.022222,0.095238,no,0,4000,20261009,参考（判定ではない）：走行の列の種の方針（後半を足すか）の目安
#13,D＋注意_τ0.15,1a/1b（全部入り_L50）,2,absent,10,"1,2,3,4,5,6,7,8,9,10",0.951252,0.890131,1.005617,yes,0,4000,20261009,参考（判定ではない）：走行の列の種の方針（後半を足すか）の目安
#15,全部入り_L50_例外0.1,1a/1b（全部入り_L50）,2,selection_error,9,"1,2,3,4,5,6,8,9,10",1.267544,0.693009,2.606299,yes,0,4000,20261009,参考（判定ではない）：走行の列の種の方針（後半を足すか）の目安
#15,全部入り_L50_例外0.1,1a/1b（全部入り_L50）,2,absent,9,"1,2,3,4,5,6,8,9,10",0.936943,0.877036,0.994489,no,0,4000,20261009,参考（判定ではない）：走行の列の種の方針（後半を足すか）の目安
#16,全部入り_L50_例外0.3,1a/1b（全部入り_L50）,2,selection_error,9,"1,2,3,4,5,6,8,9,10",1.653509,0.854839,3.877551,yes,0,4000,20261009,参考（判定ではない）：走行の列の種の方針（後半を足すか）の目安
#16,全部入り_L50_例外0.3,1a/1b（全部入り_L50）,2,absent,9,"1,2,3,4,5,6,8,9,10",0.967941,0.905908,1.026699,yes,0,4000,20261009,参考（判定ではない）：走行の列の種の方針（後半を足すか）の目安
#17,D＋注意_τ0.4_例外0.1,1a/1b（全部入り_L50）,2,selection_error,10,"1,2,3,4,5,6,7,8,9,10",0.059480,0.004237,0.157088,no,0,4000,20261009,参考（判定ではない）：走行の列の種の方針（後半を足すか）の目安
#17,D＋注意_τ0.4_例外0.1,1a/1b（全部入り_L50）,2,absent,10,"1,2,3,4,5,6,7,8,9,10",1.142197,1.075216,1.206094,no,0,4000,20261009,参考（判定ではない）：走行の列の種の方針（後半を足すか）の目安
#18,D＋注意_τ0.4_例外0.3,1a/1b（全部入り_L50）,2,selection_error,10,"1,2,3,4,5,6,7,8,9,10",0.319703,0.120988,0.817073,no,0,4000,20261009,参考（判定ではない）：走行の列の種の方針（後半を足すか）の目安
#18,D＋注意_τ0.4_例外0.3,1a/1b（全部入り_L50）,2,absent,10,"1,2,3,4,5,6,7,8,9,10",1.005780,0.939185,1.071008,yes,0,4000,20261009,参考（判定ではない）：走行の列の種の方針（後半を足すか）の目安
