attention/f0.5000_th2.1000_vt0.3842_first_order/seed001.jsonl.gz	11106310	b60df00faf9b96614c5d776237f6a9638a733dbd64d15b290a3a5504e00394c9
attention/f0.5000_th2.1000_vt0.3842_first_order/seed001.jsonl.gz.summary.json	3191	8dc4fb572e7953cd26732ad77c71842f4f6b83677ad4812370f829234ebd0cb3
evictions/f0.5000_th2.1000_vt0.3842_first_order/seed001.keys.jsonl.gz	10566353	2b6286195e3235ead5bc85a9df3b315a88c63e1e15d7a15f86bad90399a29522
evictions/f0.5000_th2.1000_vt0.3842_first_order/seed001.keys.jsonl.gz.summary.json	282	2ee34f9cc4c6dfde17dfca2c15e5ea683f707c7357503549acdbfdf44155f081
flag.json	1821	3108f87ccd2add791f2a7d3b9c24dc41343edb03f4861ebae0bf5e2bd7cd2da8
ledgers/cells/f0.5000_th2.1000_vt0.3842_first_order/seed001.done	582	3ece98f788ecf8ebe63caf57f66a64d7c9bbe63f42175ecca56c1c53eb31ac09
ledgers/cells/f0.5000_th2.1000_vt0.3842_first_order/seed001.jsonl.gz	26483031	888ca4b3f2a5123bc215d1583a0f4833bc63c9cad792b307894b7e338186f159
manifest.jsonl	9807	db984158c16a7380c5be575f6e443dca860ace55d6c2af727bf92de1eb7ad553
retention/f0.5000_th2.1000_vt0.3842_first_order/seed001.jsonl	14153452	bc430b5c175c4c7bd1489387f89bd228d05a12cdf8d69295f4103527862fdf04
side/f0.5000_th2.1000_vt0.3842_first_order/seed001.answers.csv	428499	76d685fee912e70c0830fd71c146209a7d9f12abc08701d3a4f68f6486efc754
side/f0.5000_th2.1000_vt0.3842_first_order/seed001.jsonl	14747856	67c5e6bdb5f4c3a6af1c2f5723684ddd9954ef20cec687c7d74f5da36a161ee5
side/f0.5000_th2.1000_vt0.3842_first_order/seed001.routing.jsonl	18089497	d5c36ca1c0cfdc2ff1fb708f5a84efc2a806ecd42728fa0bad48a1318fb2ead5
side/f0.5000_th2.1000_vt0.3842_first_order/seed001.shop.jsonl	67047	fb04ca8c2d1e5270193ea5f0ae66c3e7f3162a3c4249ce799938105e5898f318
side/f0.5000_th2.1000_vt0.3842_first_order/seed001.sme.jsonl.gz	50242188	d86c6b5d53eea59c618899a4996be54ae078a2bfbf5b43fc701021c48af75681
side/f0.5000_th2.1000_vt0.3842_first_order/seed001.sme.states.jsonl.gz	351842624	d3f91a04a462a57173013048b13aa798032f13f169fc04a344dd5f92143a456d
side/f0.5000_th2.1000_vt0.3842_first_order/seed001.useforget.jsonl	2213650	66576c1b1dfb098c9254952e092206cf554ce648fb5b34ef7f5cecf3f6312f7b
