attention/f0.5000_th2.1000_vt0.3842_first_order/seed001.jsonl.gz	4f96d2912b6361a9e4625ab07240146c69b403806c4eb4b5786d0aa9a9aef6ec
attention/f0.5000_th2.1000_vt0.3842_first_order/seed001.jsonl.gz.summary.json	4273da1aa039683d4dc8940af8cbcc7e52adecb0a8f0d93556f52047a64bb74a
evictions/f0.5000_th2.1000_vt0.3842_first_order/seed001.keys.jsonl.gz	8bdfe03804fb5845088a666adfa4b5b309570130eabc2f8749eb1ed5ace1d916
evictions/f0.5000_th2.1000_vt0.3842_first_order/seed001.keys.jsonl.gz.summary.json	a21b4a826827cdea47dab10b6885ae0dae9c968b0ba0778388ceed755a864b4d
flag.json	付帯
ledgers/cells/f0.5000_th2.1000_vt0.3842_first_order/seed001.done	付帯
ledgers/cells/f0.5000_th2.1000_vt0.3842_first_order/seed001.jsonl.gz	6cda1d210ef05afd8c4d2cad2ea2ec8e66ad064b455b5da1be3a62301f57cc55
manifest.jsonl	付帯
retention/f0.5000_th2.1000_vt0.3842_first_order/seed001.jsonl	150299a0ab2b97deda2c063013073d0067d87cf418e509064c634348bbd30394
side/f0.5000_th2.1000_vt0.3842_first_order/seed001.answers.csv	76d685fee912e70c0830fd71c146209a7d9f12abc08701d3a4f68f6486efc754
side/f0.5000_th2.1000_vt0.3842_first_order/seed001.jsonl	a2b8b503d547946b9298d97391ed6c0c551fe8f8b6febbf710afa4a3c3bfb2e8
side/f0.5000_th2.1000_vt0.3842_first_order/seed001.routing.jsonl	a442d68d5bff2d1384e5b4c24ec0baf490cd7c42658435ec97b1ea49a6b43e2d
side/f0.5000_th2.1000_vt0.3842_first_order/seed001.shop.jsonl	4c7d49661c7548a6ccf6314ea8acc91b22001bc210a94b260894f771f0489b22
side/f0.5000_th2.1000_vt0.3842_first_order/seed001.sme.jsonl.gz	e2593416e146b037dd91cebb2edd9f411c2dbd0430a978b7a28a2377a940ff3b
side/f0.5000_th2.1000_vt0.3842_first_order/seed001.sme.states.jsonl.gz	4d7b2e06ad56f41a791d98755a43c2824fe4ff0b57489c09366d4844064e4d2d
side/f0.5000_th2.1000_vt0.3842_first_order/seed001.useforget.jsonl	08add8dcacfd73fd36426070f2a1976cc51b46e865c57a783dd7e21359f28dae
