run,row,arm,tau,world,seed,trial,n_keys,a_mean,a_max,seal_key_present,seal_a,seal_rank,seal_weight_w,seal_a_max_so_far,seal_a_max_run,seal_a_max_run_trial,a_updates_so_far
wave2_10_w1_s1_cdaf,10,D,0.4,1,1,500,19,8.689044810285533e-09,5.13167389216178e-08,1,0.0,15,0.9999999913109553,5.388651002644909e-18,5.415384910563788e-18,700,15
wave2_10_w1_s1_cdaf,10,D,0.4,1,1,1000,19,8.692996110268669e-09,5.133168985781568e-08,1,0.0,11,0.999999991307004,5.415384910563788e-18,5.415384910563788e-18,700,37
wave2_10_w1_s1_cdaf,10,D,0.4,1,1,1500,19,8.697600391514377e-09,5.134906305266114e-08,1,0.0,15,0.9999999913023997,5.415384910563788e-18,5.415384910563788e-18,700,53
wave2_10_w1_s1_cdaf,10,D,0.4,1,1,1739,19,8.701596673900742e-09,5.1364144801264894e-08,1,0.0,15,0.9999999912984033,5.415384910563788e-18,5.415384910563788e-18,700,66
wave2_11_w1_s1_cdaf,11,D,0.15,1,1,500,19,0.00609629741305784,0.04926314157916868,1,0.04926314157916868,1,1.0429052808136798,0.04926322365134727,0.08400003727824748,1667,23
wave2_11_w1_s1_cdaf,11,D,0.15,1,1,1000,19,0.007397852764324968,0.06025498831778158,1,0.06025498831778158,1,1.0524689777811371,0.06025512957855163,0.08400003727824748,1667,49
wave2_11_w1_s1_cdaf,11,D,0.15,1,1,1500,19,0.009104640748090226,0.07464863960664747,1,0.07464863960664747,1,1.0649526285103266,0.07464886805704068,0.08400003727824748,1667,68
wave2_11_w1_s1_cdaf,11,D,0.15,1,1,1739,19,0.0102340290986423,0.08399991804304675,1,0.08399991804304675,1,1.073018614320704,0.08400003727824748,0.08400003727824748,1667,81
wave2_12_w1_s1_cdaf,12,D+注意,0.4,1,1,500,19,8.689044810285533e-09,5.13167389216178e-08,1,0.0,15,0.9999999913109553,5.388651002644909e-18,5.415384910563788e-18,700,15
wave2_12_w1_s1_cdaf,12,D+注意,0.4,1,1,1000,19,8.692996110268669e-09,5.133168985781568e-08,1,0.0,11,0.999999991307004,5.415384910563788e-18,5.415384910563788e-18,700,37
wave2_12_w1_s1_cdaf,12,D+注意,0.4,1,1,1500,19,8.697600391514377e-09,5.134906305266114e-08,1,0.0,15,0.9999999913023997,5.415384910563788e-18,5.415384910563788e-18,700,53
wave2_12_w1_s1_cdaf,12,D+注意,0.4,1,1,1739,19,8.701596673900742e-09,5.1364144801264894e-08,1,0.0,15,0.9999999912984033,5.415384910563788e-18,5.415384910563788e-18,700,66
wave2_13_w1_s1_cdaf,13,D+注意,0.15,1,1,500,19,0.00609629741305784,0.04926314157916868,1,0.04926314157916868,1,1.0429052808136798,0.04926322365134727,0.08400003727824748,1667,23
wave2_13_w1_s1_cdaf,13,D+注意,0.15,1,1,1000,19,0.007397852764324968,0.06025498831778158,1,0.06025498831778158,1,1.0524689777811371,0.06025512957855163,0.08400003727824748,1667,49
wave2_13_w1_s1_cdaf,13,D+注意,0.15,1,1,1500,19,0.009104640748090226,0.07464863960664747,1,0.07464863960664747,1,1.0649526285103266,0.07464886805704068,0.08400003727824748,1667,68
wave2_13_w1_s1_cdaf,13,D+注意,0.15,1,1,1739,19,0.0102340290986423,0.08399991804304675,1,0.08399991804304675,1,1.073018614320704,0.08400003727824748,0.08400003727824748,1667,81
wave2_10_w1_s2_cdaf,10,D,0.4,1,2,500,19,1.3832249619325608e-06,2.3058378448771645e-06,1,1.5859963184175033e-06,11,1.0000002027710762,1.5859963184175033e-06,1.5859963184175033e-06,86,2
wave2_10_w1_s2_cdaf,10,D,0.4,1,2,1000,19,1.3749452542201502e-06,2.449090845963053e-06,1,1.3443960249124205e-06,13,0.9999999694508126,1.5859963184175033e-06,1.5859963184175033e-06,86,3
wave2_10_w1_s2_cdaf,10,D,0.4,1,2,1500,19,1.3690332125718342e-06,2.44909096390427e-06,1,1.3102840517386104e-06,13,0.9999999412509195,1.5859963184175033e-06,1.5859963184175033e-06,86,4
wave2_10_w1_s2_cdaf,10,D,0.4,1,2,1739,19,1.3690332125718342e-06,2.44909096390427e-06,1,1.3102840517386104e-06,13,0.9999999412509195,1.5859963184175033e-06,1.5859963184175033e-06,86,4
wave2_11_w1_s2_cdaf,11,D,0.15,1,2,500,19,8.723023662897695e-06,1.8926042683103266e-05,1,0.0,16,0.9999912770524275,3.67643749058839e-10,3.67643749058839e-10,16,19
wave2_11_w1_s2_cdaf,11,D,0.15,1,2,1000,19,8.555429946481927e-06,1.8187220745756517e-05,1,0.0,16,0.9999914446432483,3.67643749058839e-10,3.67643749058839e-10,16,37
wave2_11_w1_s2_cdaf,11,D,0.15,1,2,1500,19,8.449830678251697e-06,1.8039884321783964e-05,1,0.0,16,0.9999915502407207,3.67643749058839e-10,3.67643749058839e-10,16,65
wave2_11_w1_s2_cdaf,11,D,0.15,1,2,1739,19,8.405182074985663e-06,1.7932095162378683e-05,1,0.0,16,0.9999915948885715,3.67643749058839e-10,3.67643749058839e-10,16,79
wave2_12_w1_s2_cdaf,12,D+注意,0.4,1,2,500,19,1.3832249619325608e-06,2.3058378448771645e-06,1,1.5859963184175033e-06,11,1.0000002027710762,1.5859963184175033e-06,1.5859963184175033e-06,86,2
wave2_12_w1_s2_cdaf,12,D+注意,0.4,1,2,1000,19,1.3749452542201502e-06,2.449090845963053e-06,1,1.3443960249124205e-06,13,0.9999999694508126,1.5859963184175033e-06,1.5859963184175033e-06,86,3
wave2_12_w1_s2_cdaf,12,D+注意,0.4,1,2,1500,19,1.3690332125718342e-06,2.44909096390427e-06,1,1.3102840517386104e-06,13,0.9999999412509195,1.5859963184175033e-06,1.5859963184175033e-06,86,4
wave2_12_w1_s2_cdaf,12,D+注意,0.4,1,2,1739,19,1.3690332125718342e-06,2.44909096390427e-06,1,1.3102840517386104e-06,13,0.9999999412509195,1.5859963184175033e-06,1.5859963184175033e-06,86,4
wave2_13_w1_s2_cdaf,13,D+注意,0.15,1,2,500,19,8.723023662897695e-06,1.8926042683103266e-05,1,0.0,16,0.9999912770524275,3.67643749058839e-10,3.67643749058839e-10,16,19
wave2_13_w1_s2_cdaf,13,D+注意,0.15,1,2,1000,19,8.555429946481927e-06,1.8187220745756517e-05,1,0.0,16,0.9999914446432483,3.67643749058839e-10,3.67643749058839e-10,16,37
wave2_13_w1_s2_cdaf,13,D+注意,0.15,1,2,1500,19,8.449830678251697e-06,1.8039884321783964e-05,1,0.0,16,0.9999915502407207,3.67643749058839e-10,3.67643749058839e-10,16,65
wave2_13_w1_s2_cdaf,13,D+注意,0.15,1,2,1739,19,8.405182074985663e-06,1.7932095162378683e-05,1,0.0,16,0.9999915948885715,3.67643749058839e-10,3.67643749058839e-10,16,79
wave2_10_w1_s3_cdaf,10,D,0.4,1,3,500,19,5.0009473897890076e-12,2.0580137911030735e-11,1,5.438705273503297e-18,15,0.9999999999949991,1.025816623034576e-17,1.025816623034576e-17,253,8
wave2_10_w1_s3_cdaf,10,D,0.4,1,3,1000,19,6.0582414143051854e-12,2.460609249864824e-11,1,0.0,15,0.9999999999939417,1.025816623034576e-17,1.025816623034576e-17,253,14
wave2_10_w1_s3_cdaf,10,D,0.4,1,3,1500,19,9.343101882793793e-12,3.712304541668094e-11,1,0.0,15,0.9999999999906568,1.025816623034576e-17,1.025816623034576e-17,253,28
wave2_10_w1_s3_cdaf,10,D,0.4,1,3,1739,19,9.705330650064307e-12,3.849678011112018e-11,1,0.0,15,0.9999999999902947,1.025816623034576e-17,1.025816623034576e-17,253,34
wave2_11_w1_s3_cdaf,11,D,0.15,1,3,500,19,0.0002826098765916267,0.0006858260593342507,1,0.0,15,0.9997174699691855,0.0,0.0,2,21
wave2_11_w1_s3_cdaf,11,D,0.15,1,3,1000,19,0.0002826076801040137,0.0006858260703594351,1,0.0,15,0.9997174721644323,0.0,0.0,2,39
wave2_11_w1_s3_cdaf,11,D,0.15,1,3,1500,19,0.0002825929796602362,0.0006858260861389551,1,0.0,15,0.9997174868565708,0.0,0.0,2,77
wave2_11_w1_s3_cdaf,11,D,0.15,1,3,1739,19,0.0002825975297457023,0.0006858260902788956,1,0.0,15,0.9997174823090558,0.0,0.0,2,86
wave2_12_w1_s3_cdaf,12,D+注意,0.4,1,3,500,19,5.0009473897890076e-12,2.0580137911030735e-11,1,5.438705273503297e-18,15,0.9999999999949991,1.025816623034576e-17,1.025816623034576e-17,253,8
wave2_12_w1_s3_cdaf,12,D+注意,0.4,1,3,1000,19,6.0582414143051854e-12,2.460609249864824e-11,1,0.0,15,0.9999999999939417,1.025816623034576e-17,1.025816623034576e-17,253,14
wave2_12_w1_s3_cdaf,12,D+注意,0.4,1,3,1500,19,9.343101882793793e-12,3.712304541668094e-11,1,0.0,15,0.9999999999906568,1.025816623034576e-17,1.025816623034576e-17,253,28
wave2_12_w1_s3_cdaf,12,D+注意,0.4,1,3,1739,19,9.705330650064307e-12,3.849678011112018e-11,1,0.0,15,0.9999999999902947,1.025816623034576e-17,1.025816623034576e-17,253,34
wave2_13_w1_s3_cdaf,13,D+注意,0.15,1,3,500,19,0.0002826098765916267,0.0006858260593342507,1,0.0,15,0.9997174699691855,0.0,0.0,2,21
wave2_13_w1_s3_cdaf,13,D+注意,0.15,1,3,1000,19,0.0002826076801040137,0.0006858260703594351,1,0.0,15,0.9997174721644323,0.0,0.0,2,39
wave2_13_w1_s3_cdaf,13,D+注意,0.15,1,3,1500,19,0.0002825929796602362,0.0006858260861389551,1,0.0,15,0.9997174868565708,0.0,0.0,2,77
wave2_13_w1_s3_cdaf,13,D+注意,0.15,1,3,1739,19,0.0002825975297457023,0.0006858260902788956,1,0.0,15,0.9997174823090558,0.0,0.0,2,86
wave2_10_w2_s1_cdaf,10,D,0.4,2,1,500,19,0.007369676573427036,0.05099066630276547,1,0.05099066630276547,1,1.0433018689600777,0.05099066630276547,0.2842663076389597,1739,18
wave2_10_w2_s1_cdaf,10,D,0.4,2,1,1000,19,0.019245612607235847,0.15651746732633273,1,0.15651746732633273,1,1.1346798583394977,0.15651746732633273,0.2842663076389597,1739,44
wave2_10_w2_s1_cdaf,10,D,0.4,2,1,1500,19,0.027513665508820718,0.2357507685625826,1,0.2357507685625826,1,1.2026611519085186,0.2357507685625826,0.2842663076389597,1739,63
wave2_10_w2_s1_cdaf,10,D,0.4,2,1,1739,19,0.029508991950514304,0.2842663076389597,1,0.2842663076389597,1,1.2474551632674724,0.2842663076389597,0.2842663076389597,1739,76
wave2_11_w2_s1_cdaf,11,D,0.15,2,1,500,19,0.01628602855807884,0.16840047693655164,1,0.16840047693655164,1,1.1496768076151702,0.16840047693655164,0.4131010808030907,1739,23
wave2_11_w2_s1_cdaf,11,D,0.15,2,1,1000,19,0.028378286657009297,0.2781524969543018,1,0.2781524969543018,1,1.2428816453420497,0.2781524969543018,0.4131010808030907,1739,49
wave2_11_w2_s1_cdaf,11,D,0.15,2,1,1500,19,0.03666953973514776,0.35794180084482563,1,0.35794180084482563,1,1.3099080746519838,0.35794180084482563,0.4131010808030907,1739,68
wave2_11_w2_s1_cdaf,11,D,0.15,2,1,1739,19,0.04278418244644995,0.4131010808030907,1,0.4131010808030907,1,1.3551232408299956,0.4131010808030907,0.4131010808030907,1739,81
wave2_12_w2_s1_cdaf,12,D+注意,0.4,2,1,500,19,0.007369676573427036,0.05099066630276547,1,0.05099066630276547,1,1.0433018689600777,0.05099066630276547,0.2842663076389597,1739,18
wave2_12_w2_s1_cdaf,12,D+注意,0.4,2,1,1000,19,0.019245612607235847,0.15651746732633273,1,0.15651746732633273,1,1.1346798583394977,0.15651746732633273,0.2842663076389597,1739,44
wave2_12_w2_s1_cdaf,12,D+注意,0.4,2,1,1500,19,0.027513665508820718,0.2357507685625826,1,0.2357507685625826,1,1.2026611519085186,0.2357507685625826,0.2842663076389597,1739,63
wave2_12_w2_s1_cdaf,12,D+注意,0.4,2,1,1739,19,0.029508991950514304,0.2842663076389597,1,0.2842663076389597,1,1.2474551632674724,0.2842663076389597,0.2842663076389597,1739,76
wave2_13_w2_s1_cdaf,13,D+注意,0.15,2,1,500,19,0.01628602855807884,0.16840047693655164,1,0.16840047693655164,1,1.1496768076151702,0.16840047693655164,0.4131010808030907,1739,23
wave2_13_w2_s1_cdaf,13,D+注意,0.15,2,1,1000,19,0.028378286657009297,0.2781524969543018,1,0.2781524969543018,1,1.2428816453420497,0.2781524969543018,0.4131010808030907,1739,49
wave2_13_w2_s1_cdaf,13,D+注意,0.15,2,1,1500,19,0.03666953973514776,0.35794180084482563,1,0.35794180084482563,1,1.3099080746519838,0.35794180084482563,0.4131010808030907,1739,68
wave2_13_w2_s1_cdaf,13,D+注意,0.15,2,1,1739,19,0.04278418244644995,0.4131010808030907,1,0.4131010808030907,1,1.3551232408299956,0.4131010808030907,0.4131010808030907,1739,81
wave2_10_w2_s2_cdaf,10,D,0.4,2,2,500,19,0.0014751705379910662,0.008770663967670773,1,0.008770663967670773,1,1.0072847471852555,0.008770663967670773,0.08787342259194975,1565,10
wave2_10_w2_s2_cdaf,10,D,0.4,2,2,1000,19,0.004637781020008623,0.07344163707398932,1,0.07344163707398932,1,1.0684862319075081,0.07344163707398932,0.08787342259194975,1565,21
wave2_10_w2_s2_cdaf,10,D,0.4,2,2,1500,19,0.007354942786152988,0.08658474356425158,1,0.08658474356425158,1,1.078651324784255,0.08658474356425158,0.08787342259194975,1565,40
wave2_10_w2_s2_cdaf,10,D,0.4,2,2,1739,19,0.006391740747827481,0.08787342259194975,1,0.08787342259194975,1,1.0809641797969993,0.08787342259194975,0.08787342259194975,1565,44
wave2_11_w2_s2_cdaf,11,D,0.15,2,2,500,19,0.008252409999434829,0.08323106627760528,1,0.08323106627760528,1,1.0743649660884147,0.08323106627760528,0.3940929249912913,1721,19
wave2_11_w2_s2_cdaf,11,D,0.15,2,2,1000,19,0.022978632423614174,0.23055391762416405,1,0.23055391762416405,1,1.202912630451301,0.23055391762416405,0.3940929249912913,1721,37
wave2_11_w2_s2_cdaf,11,D,0.15,2,2,1500,19,0.03275703631951888,0.3426742353210773,1,0.3426742353210773,1,1.3000872306869231,0.3426742353210773,0.3940929249912913,1721,65
wave2_11_w2_s2_cdaf,11,D,0.15,2,2,1739,19,0.03749239194221139,0.3940929249912913,1,0.3940929249912913,1,1.34371387763289,0.3940929249912913,0.3940929249912913,1721,79
wave2_12_w2_s2_cdaf,12,D+注意,0.4,2,2,500,19,0.0014751705379910662,0.008770663967670773,1,0.008770663967670773,1,1.0072847471852555,0.008770663967670773,0.08787342259194975,1565,10
wave2_12_w2_s2_cdaf,12,D+注意,0.4,2,2,1000,19,0.004637781020008623,0.07344163707398932,1,0.07344163707398932,1,1.0684862319075081,0.07344163707398932,0.08787342259194975,1565,21
wave2_12_w2_s2_cdaf,12,D+注意,0.4,2,2,1500,19,0.007354942786152988,0.08658474356425158,1,0.08658474356425158,1,1.078651324784255,0.08658474356425158,0.08787342259194975,1565,40
wave2_12_w2_s2_cdaf,12,D+注意,0.4,2,2,1739,19,0.006391740747827481,0.08787342259194975,1,0.08787342259194975,1,1.0809641797969993,0.08787342259194975,0.08787342259194975,1565,44
wave2_13_w2_s2_cdaf,13,D+注意,0.15,2,2,500,19,0.008252409999434829,0.08323106627760528,1,0.08323106627760528,1,1.0743649660884147,0.08323106627760528,0.3940929249912913,1721,19
wave2_13_w2_s2_cdaf,13,D+注意,0.15,2,2,1000,19,0.022978632423614174,0.23055391762416405,1,0.23055391762416405,1,1.202912630451301,0.23055391762416405,0.3940929249912913,1721,37
wave2_13_w2_s2_cdaf,13,D+注意,0.15,2,2,1500,19,0.03275703631951888,0.3426742353210773,1,0.3426742353210773,1,1.3000872306869231,0.3426742353210773,0.3940929249912913,1721,65
wave2_13_w2_s2_cdaf,13,D+注意,0.15,2,2,1739,19,0.03749239194221139,0.3940929249912913,1,0.3940929249912913,1,1.34371387763289,0.3940929249912913,0.3940929249912913,1721,79
wave2_10_w2_s3_cdaf,10,D,0.4,2,3,500,19,0.00307175215118196,0.017113269420131576,1,0.017113269420131576,1,1.0139985172933403,0.017113269420131576,0.573955204098652,1721,17
wave2_10_w2_s3_cdaf,10,D,0.4,2,3,1000,19,0.013869363506006751,0.18443413274734016,1,0.18443413274734016,1,1.1682315053406018,0.18443413274734016,0.573955204098652,1721,32
wave2_10_w2_s3_cdaf,10,D,0.4,2,3,1500,19,0.03315244386477138,0.41105907329129865,1,0.41105907329129865,1,1.3657801243859722,0.41105907329129865,0.573955204098652,1721,70
wave2_10_w2_s3_cdaf,10,D,0.4,2,3,1739,19,0.0439132481759258,0.573955204098652,1,0.573955204098652,1,1.507745214316315,0.573955204098652,0.573955204098652,1721,79
wave2_11_w2_s3_cdaf,11,D,0.15,2,3,500,19,0.010135791172458875,0.11048882066687299,1,0.11048882066687299,1,1.09934607839005,0.11048882066687299,0.4006016202181708,1721,21
wave2_11_w2_s3_cdaf,11,D,0.15,2,3,1000,19,0.01826913446360921,0.20057567631025125,1,0.20057567631025125,1,1.179035714308158,0.20057567631025125,0.4006016202181708,1721,39
wave2_11_w2_s3_cdaf,11,D,0.15,2,3,1500,19,0.03441127259161564,0.3714141914526809,1,0.3714141914526809,1,1.3257920014896374,0.3714141914526809,0.4006016202181708,1721,77
wave2_11_w2_s3_cdaf,11,D,0.15,2,3,1739,19,0.036887562454932465,0.4006016202181708,1,0.4006016202181708,1,1.3507748293383999,0.4006016202181708,0.4006016202181708,1721,86
wave2_12_w2_s3_cdaf,12,D+注意,0.4,2,3,500,19,0.00307175215118196,0.017113269420131576,1,0.017113269420131576,1,1.0139985172933403,0.017113269420131576,0.573955204098652,1721,17
wave2_12_w2_s3_cdaf,12,D+注意,0.4,2,3,1000,19,0.013869363506006751,0.18443413274734016,1,0.18443413274734016,1,1.1682315053406018,0.18443413274734016,0.573955204098652,1721,32
wave2_12_w2_s3_cdaf,12,D+注意,0.4,2,3,1500,19,0.03315244386477138,0.41105907329129865,1,0.41105907329129865,1,1.3657801243859722,0.41105907329129865,0.573955204098652,1721,70
wave2_12_w2_s3_cdaf,12,D+注意,0.4,2,3,1739,19,0.0439132481759258,0.573955204098652,1,0.573955204098652,1,1.507745214316315,0.573955204098652,0.573955204098652,1721,79
wave2_13_w2_s3_cdaf,13,D+注意,0.15,2,3,500,19,0.010135791172458875,0.11048882066687299,1,0.11048882066687299,1,1.09934607839005,0.11048882066687299,0.4006016202181708,1721,21
wave2_13_w2_s3_cdaf,13,D+注意,0.15,2,3,1000,19,0.01826913446360921,0.20057567631025125,1,0.20057567631025125,1,1.179035714308158,0.20057567631025125,0.4006016202181708,1721,39
wave2_13_w2_s3_cdaf,13,D+注意,0.15,2,3,1500,19,0.03441127259161564,0.3714141914526809,1,0.3714141914526809,1,1.3257920014896374,0.3714141914526809,0.4006016202181708,1721,77
wave2_13_w2_s3_cdaf,13,D+注意,0.15,2,3,1739,19,0.036887562454932465,0.4006016202181708,1,0.4006016202181708,1,1.3507748293383999,0.4006016202181708,0.4006016202181708,1721,86
