run,row,arm,tau,world,seed,trial,check,ok,detail
wave2_10_w1_s1_cdaf,10,D,0.4,1,1,500,ledger_state_hash,True,
wave2_10_w1_s1_cdaf,10,D,0.4,1,1,1000,ledger_state_hash,True,
wave2_10_w1_s1_cdaf,10,D,0.4,1,1,1500,ledger_state_hash,True,
wave2_10_w1_s1_cdaf,10,D,0.4,1,1,1739,ledger_state_hash,True,
wave2_10_w1_s1_cdaf,10,D,0.4,1,1,500,useforget_snap_FH,True,
wave2_10_w1_s1_cdaf,10,D,0.4,1,1,1000,useforget_snap_FH,True,
wave2_10_w1_s1_cdaf,10,D,0.4,1,1,1500,useforget_snap_FH,True,
wave2_10_w1_s1_cdaf,10,D,0.4,1,1,1739,useforget_snap_FH,True,
wave2_10_w1_s1_cdaf,10,D,0.4,1,1,500,shop_jsonl_seal_state,True,
wave2_10_w1_s1_cdaf,10,D,0.4,1,1,1000,shop_jsonl_seal_state,True,
wave2_10_w1_s1_cdaf,10,D,0.4,1,1,1500,shop_jsonl_seal_state,True,
wave2_10_w1_s1_cdaf,10,D,0.4,1,1,1739,shop_jsonl_seal_state,True,
wave2_10_w1_s1_cdaf,10,D,0.4,1,1,,attention_seal_key_matches_details,True,"{""mismatch"": 0, ""reasons"": {""native_distribution"": 5149, ""unmapped_background"": 2010}}"
wave2_10_w1_s1_cdaf,10,D,0.4,1,1,,attention_update_reasons,,"{""not_door_task"": 1583, ""not_disclosed"": 76, ""updated"": 66, ""zero_or_clipped_step"": 15}"
wave2_11_w1_s1_cdaf,11,D,0.15,1,1,500,ledger_state_hash,True,
wave2_11_w1_s1_cdaf,11,D,0.15,1,1,1000,ledger_state_hash,True,
wave2_11_w1_s1_cdaf,11,D,0.15,1,1,1500,ledger_state_hash,True,
wave2_11_w1_s1_cdaf,11,D,0.15,1,1,1739,ledger_state_hash,True,
wave2_11_w1_s1_cdaf,11,D,0.15,1,1,500,useforget_snap_FH,True,
wave2_11_w1_s1_cdaf,11,D,0.15,1,1,1000,useforget_snap_FH,True,
wave2_11_w1_s1_cdaf,11,D,0.15,1,1,1500,useforget_snap_FH,True,
wave2_11_w1_s1_cdaf,11,D,0.15,1,1,1739,useforget_snap_FH,True,
wave2_11_w1_s1_cdaf,11,D,0.15,1,1,500,shop_jsonl_seal_state,True,
wave2_11_w1_s1_cdaf,11,D,0.15,1,1,1000,shop_jsonl_seal_state,True,
wave2_11_w1_s1_cdaf,11,D,0.15,1,1,1500,shop_jsonl_seal_state,True,
wave2_11_w1_s1_cdaf,11,D,0.15,1,1,1739,shop_jsonl_seal_state,True,
wave2_11_w1_s1_cdaf,11,D,0.15,1,1,,attention_seal_key_matches_details,True,"{""mismatch"": 0, ""reasons"": {""native_distribution"": 6613, ""unmapped_background"": 5318}}"
wave2_11_w1_s1_cdaf,11,D,0.15,1,1,,attention_update_reasons,,"{""not_door_task"": 1583, ""not_disclosed"": 76, ""updated"": 81}"
wave2_12_w1_s1_cdaf,12,D+注意,0.4,1,1,500,ledger_state_hash,True,
wave2_12_w1_s1_cdaf,12,D+注意,0.4,1,1,1000,ledger_state_hash,True,
wave2_12_w1_s1_cdaf,12,D+注意,0.4,1,1,1500,ledger_state_hash,True,
wave2_12_w1_s1_cdaf,12,D+注意,0.4,1,1,1739,ledger_state_hash,True,
wave2_12_w1_s1_cdaf,12,D+注意,0.4,1,1,500,useforget_snap_FH,True,
wave2_12_w1_s1_cdaf,12,D+注意,0.4,1,1,1000,useforget_snap_FH,True,
wave2_12_w1_s1_cdaf,12,D+注意,0.4,1,1,1500,useforget_snap_FH,True,
wave2_12_w1_s1_cdaf,12,D+注意,0.4,1,1,1739,useforget_snap_FH,True,
wave2_12_w1_s1_cdaf,12,D+注意,0.4,1,1,500,shop_jsonl_seal_state,True,
wave2_12_w1_s1_cdaf,12,D+注意,0.4,1,1,1000,shop_jsonl_seal_state,True,
wave2_12_w1_s1_cdaf,12,D+注意,0.4,1,1,1500,shop_jsonl_seal_state,True,
wave2_12_w1_s1_cdaf,12,D+注意,0.4,1,1,1739,shop_jsonl_seal_state,True,
wave2_12_w1_s1_cdaf,12,D+注意,0.4,1,1,,attention_seal_key_matches_details,True,"{""mismatch"": 0, ""reasons"": {""native_distribution"": 5149, ""unmapped_background"": 2010}}"
wave2_12_w1_s1_cdaf,12,D+注意,0.4,1,1,,attention_update_reasons,,"{""not_door_task"": 1583, ""not_disclosed"": 76, ""updated"": 66, ""zero_or_clipped_step"": 15}"
wave2_13_w1_s1_cdaf,13,D+注意,0.15,1,1,500,ledger_state_hash,True,
wave2_13_w1_s1_cdaf,13,D+注意,0.15,1,1,1000,ledger_state_hash,True,
wave2_13_w1_s1_cdaf,13,D+注意,0.15,1,1,1500,ledger_state_hash,True,
wave2_13_w1_s1_cdaf,13,D+注意,0.15,1,1,1739,ledger_state_hash,True,
wave2_13_w1_s1_cdaf,13,D+注意,0.15,1,1,500,useforget_snap_FH,True,
wave2_13_w1_s1_cdaf,13,D+注意,0.15,1,1,1000,useforget_snap_FH,True,
wave2_13_w1_s1_cdaf,13,D+注意,0.15,1,1,1500,useforget_snap_FH,True,
wave2_13_w1_s1_cdaf,13,D+注意,0.15,1,1,1739,useforget_snap_FH,True,
wave2_13_w1_s1_cdaf,13,D+注意,0.15,1,1,500,shop_jsonl_seal_state,True,
wave2_13_w1_s1_cdaf,13,D+注意,0.15,1,1,1000,shop_jsonl_seal_state,True,
wave2_13_w1_s1_cdaf,13,D+注意,0.15,1,1,1500,shop_jsonl_seal_state,True,
wave2_13_w1_s1_cdaf,13,D+注意,0.15,1,1,1739,shop_jsonl_seal_state,True,
wave2_13_w1_s1_cdaf,13,D+注意,0.15,1,1,,attention_seal_key_matches_details,True,"{""mismatch"": 0, ""reasons"": {""native_distribution"": 6613, ""unmapped_background"": 5318}}"
wave2_13_w1_s1_cdaf,13,D+注意,0.15,1,1,,attention_update_reasons,,"{""not_door_task"": 1583, ""not_disclosed"": 76, ""updated"": 81}"
wave2_10_w1_s2_cdaf,10,D,0.4,1,2,500,ledger_state_hash,True,
wave2_10_w1_s2_cdaf,10,D,0.4,1,2,1000,ledger_state_hash,True,
wave2_10_w1_s2_cdaf,10,D,0.4,1,2,1500,ledger_state_hash,True,
wave2_10_w1_s2_cdaf,10,D,0.4,1,2,1739,ledger_state_hash,True,
wave2_10_w1_s2_cdaf,10,D,0.4,1,2,500,useforget_snap_FH,True,
wave2_10_w1_s2_cdaf,10,D,0.4,1,2,1000,useforget_snap_FH,True,
wave2_10_w1_s2_cdaf,10,D,0.4,1,2,1500,useforget_snap_FH,True,
wave2_10_w1_s2_cdaf,10,D,0.4,1,2,1739,useforget_snap_FH,True,
wave2_10_w1_s2_cdaf,10,D,0.4,1,2,500,shop_jsonl_seal_state,True,
wave2_10_w1_s2_cdaf,10,D,0.4,1,2,1000,shop_jsonl_seal_state,True,
wave2_10_w1_s2_cdaf,10,D,0.4,1,2,1500,shop_jsonl_seal_state,True,
wave2_10_w1_s2_cdaf,10,D,0.4,1,2,1739,shop_jsonl_seal_state,True,
wave2_10_w1_s2_cdaf,10,D,0.4,1,2,,attention_seal_key_matches_details,True,"{""mismatch"": 0, ""reasons"": {""native_distribution"": 2885, ""unmapped_background"": 864}}"
wave2_10_w1_s2_cdaf,10,D,0.4,1,2,,attention_update_reasons,,"{""not_door_task"": 1586, ""zero_or_clipped_step"": 75, ""not_disclosed"": 75, ""updated"": 4}"
wave2_11_w1_s2_cdaf,11,D,0.15,1,2,500,ledger_state_hash,True,
wave2_11_w1_s2_cdaf,11,D,0.15,1,2,1000,ledger_state_hash,True,
wave2_11_w1_s2_cdaf,11,D,0.15,1,2,1500,ledger_state_hash,True,
wave2_11_w1_s2_cdaf,11,D,0.15,1,2,1739,ledger_state_hash,True,
wave2_11_w1_s2_cdaf,11,D,0.15,1,2,500,useforget_snap_FH,True,
wave2_11_w1_s2_cdaf,11,D,0.15,1,2,1000,useforget_snap_FH,True,
wave2_11_w1_s2_cdaf,11,D,0.15,1,2,1500,useforget_snap_FH,True,
wave2_11_w1_s2_cdaf,11,D,0.15,1,2,1739,useforget_snap_FH,True,
wave2_11_w1_s2_cdaf,11,D,0.15,1,2,500,shop_jsonl_seal_state,True,
wave2_11_w1_s2_cdaf,11,D,0.15,1,2,1000,shop_jsonl_seal_state,True,
wave2_11_w1_s2_cdaf,11,D,0.15,1,2,1500,shop_jsonl_seal_state,True,
wave2_11_w1_s2_cdaf,11,D,0.15,1,2,1739,shop_jsonl_seal_state,True,
wave2_11_w1_s2_cdaf,11,D,0.15,1,2,,attention_seal_key_matches_details,True,"{""mismatch"": 0, ""reasons"": {""native_distribution"": 7597, ""unmapped_background"": 4370}}"
wave2_11_w1_s2_cdaf,11,D,0.15,1,2,,attention_update_reasons,,"{""not_door_task"": 1586, ""updated"": 79, ""not_disclosed"": 75}"
wave2_12_w1_s2_cdaf,12,D+注意,0.4,1,2,500,ledger_state_hash,True,
wave2_12_w1_s2_cdaf,12,D+注意,0.4,1,2,1000,ledger_state_hash,True,
wave2_12_w1_s2_cdaf,12,D+注意,0.4,1,2,1500,ledger_state_hash,True,
wave2_12_w1_s2_cdaf,12,D+注意,0.4,1,2,1739,ledger_state_hash,True,
wave2_12_w1_s2_cdaf,12,D+注意,0.4,1,2,500,useforget_snap_FH,True,
wave2_12_w1_s2_cdaf,12,D+注意,0.4,1,2,1000,useforget_snap_FH,True,
wave2_12_w1_s2_cdaf,12,D+注意,0.4,1,2,1500,useforget_snap_FH,True,
wave2_12_w1_s2_cdaf,12,D+注意,0.4,1,2,1739,useforget_snap_FH,True,
wave2_12_w1_s2_cdaf,12,D+注意,0.4,1,2,500,shop_jsonl_seal_state,True,
wave2_12_w1_s2_cdaf,12,D+注意,0.4,1,2,1000,shop_jsonl_seal_state,True,
wave2_12_w1_s2_cdaf,12,D+注意,0.4,1,2,1500,shop_jsonl_seal_state,True,
wave2_12_w1_s2_cdaf,12,D+注意,0.4,1,2,1739,shop_jsonl_seal_state,True,
wave2_12_w1_s2_cdaf,12,D+注意,0.4,1,2,,attention_seal_key_matches_details,True,"{""mismatch"": 0, ""reasons"": {""native_distribution"": 2885, ""unmapped_background"": 864}}"
wave2_12_w1_s2_cdaf,12,D+注意,0.4,1,2,,attention_update_reasons,,"{""not_door_task"": 1586, ""zero_or_clipped_step"": 75, ""not_disclosed"": 75, ""updated"": 4}"
wave2_13_w1_s2_cdaf,13,D+注意,0.15,1,2,500,ledger_state_hash,True,
wave2_13_w1_s2_cdaf,13,D+注意,0.15,1,2,1000,ledger_state_hash,True,
wave2_13_w1_s2_cdaf,13,D+注意,0.15,1,2,1500,ledger_state_hash,True,
wave2_13_w1_s2_cdaf,13,D+注意,0.15,1,2,1739,ledger_state_hash,True,
wave2_13_w1_s2_cdaf,13,D+注意,0.15,1,2,500,useforget_snap_FH,True,
wave2_13_w1_s2_cdaf,13,D+注意,0.15,1,2,1000,useforget_snap_FH,True,
wave2_13_w1_s2_cdaf,13,D+注意,0.15,1,2,1500,useforget_snap_FH,True,
wave2_13_w1_s2_cdaf,13,D+注意,0.15,1,2,1739,useforget_snap_FH,True,
wave2_13_w1_s2_cdaf,13,D+注意,0.15,1,2,500,shop_jsonl_seal_state,True,
wave2_13_w1_s2_cdaf,13,D+注意,0.15,1,2,1000,shop_jsonl_seal_state,True,
wave2_13_w1_s2_cdaf,13,D+注意,0.15,1,2,1500,shop_jsonl_seal_state,True,
wave2_13_w1_s2_cdaf,13,D+注意,0.15,1,2,1739,shop_jsonl_seal_state,True,
wave2_13_w1_s2_cdaf,13,D+注意,0.15,1,2,,attention_seal_key_matches_details,True,"{""mismatch"": 0, ""reasons"": {""native_distribution"": 7597, ""unmapped_background"": 4370}}"
wave2_13_w1_s2_cdaf,13,D+注意,0.15,1,2,,attention_update_reasons,,"{""not_door_task"": 1586, ""updated"": 79, ""not_disclosed"": 75}"
wave2_10_w1_s3_cdaf,10,D,0.4,1,3,500,ledger_state_hash,True,
wave2_10_w1_s3_cdaf,10,D,0.4,1,3,1000,ledger_state_hash,True,
wave2_10_w1_s3_cdaf,10,D,0.4,1,3,1500,ledger_state_hash,True,
wave2_10_w1_s3_cdaf,10,D,0.4,1,3,1739,ledger_state_hash,True,
wave2_10_w1_s3_cdaf,10,D,0.4,1,3,500,useforget_snap_FH,True,
wave2_10_w1_s3_cdaf,10,D,0.4,1,3,1000,useforget_snap_FH,True,
wave2_10_w1_s3_cdaf,10,D,0.4,1,3,1500,useforget_snap_FH,True,
wave2_10_w1_s3_cdaf,10,D,0.4,1,3,1739,useforget_snap_FH,True,
wave2_10_w1_s3_cdaf,10,D,0.4,1,3,500,shop_jsonl_seal_state,True,
wave2_10_w1_s3_cdaf,10,D,0.4,1,3,1000,shop_jsonl_seal_state,True,
wave2_10_w1_s3_cdaf,10,D,0.4,1,3,1500,shop_jsonl_seal_state,True,
wave2_10_w1_s3_cdaf,10,D,0.4,1,3,1739,shop_jsonl_seal_state,True,
wave2_10_w1_s3_cdaf,10,D,0.4,1,3,,attention_seal_key_matches_details,True,"{""mismatch"": 0, ""reasons"": {""unmapped_background"": 1642, ""native_distribution"": 4716}}"
wave2_10_w1_s3_cdaf,10,D,0.4,1,3,,attention_update_reasons,,"{""not_door_task"": 1564, ""not_disclosed"": 90, ""zero_or_clipped_step"": 52, ""updated"": 34}"
wave2_11_w1_s3_cdaf,11,D,0.15,1,3,500,ledger_state_hash,True,
wave2_11_w1_s3_cdaf,11,D,0.15,1,3,1000,ledger_state_hash,True,
wave2_11_w1_s3_cdaf,11,D,0.15,1,3,1500,ledger_state_hash,True,
wave2_11_w1_s3_cdaf,11,D,0.15,1,3,1739,ledger_state_hash,True,
wave2_11_w1_s3_cdaf,11,D,0.15,1,3,500,useforget_snap_FH,True,
wave2_11_w1_s3_cdaf,11,D,0.15,1,3,1000,useforget_snap_FH,True,
wave2_11_w1_s3_cdaf,11,D,0.15,1,3,1500,useforget_snap_FH,True,
wave2_11_w1_s3_cdaf,11,D,0.15,1,3,1739,useforget_snap_FH,True,
wave2_11_w1_s3_cdaf,11,D,0.15,1,3,500,shop_jsonl_seal_state,True,
wave2_11_w1_s3_cdaf,11,D,0.15,1,3,1000,shop_jsonl_seal_state,True,
wave2_11_w1_s3_cdaf,11,D,0.15,1,3,1500,shop_jsonl_seal_state,True,
wave2_11_w1_s3_cdaf,11,D,0.15,1,3,1739,shop_jsonl_seal_state,True,
wave2_11_w1_s3_cdaf,11,D,0.15,1,3,,attention_seal_key_matches_details,True,"{""mismatch"": 0, ""reasons"": {""unmapped_background"": 3817, ""native_distribution"": 4829}}"
wave2_11_w1_s3_cdaf,11,D,0.15,1,3,,attention_update_reasons,,"{""not_door_task"": 1564, ""not_disclosed"": 90, ""updated"": 86}"
wave2_12_w1_s3_cdaf,12,D+注意,0.4,1,3,500,ledger_state_hash,True,
wave2_12_w1_s3_cdaf,12,D+注意,0.4,1,3,1000,ledger_state_hash,True,
wave2_12_w1_s3_cdaf,12,D+注意,0.4,1,3,1500,ledger_state_hash,True,
wave2_12_w1_s3_cdaf,12,D+注意,0.4,1,3,1739,ledger_state_hash,True,
wave2_12_w1_s3_cdaf,12,D+注意,0.4,1,3,500,useforget_snap_FH,True,
wave2_12_w1_s3_cdaf,12,D+注意,0.4,1,3,1000,useforget_snap_FH,True,
wave2_12_w1_s3_cdaf,12,D+注意,0.4,1,3,1500,useforget_snap_FH,True,
wave2_12_w1_s3_cdaf,12,D+注意,0.4,1,3,1739,useforget_snap_FH,True,
wave2_12_w1_s3_cdaf,12,D+注意,0.4,1,3,500,shop_jsonl_seal_state,True,
wave2_12_w1_s3_cdaf,12,D+注意,0.4,1,3,1000,shop_jsonl_seal_state,True,
wave2_12_w1_s3_cdaf,12,D+注意,0.4,1,3,1500,shop_jsonl_seal_state,True,
wave2_12_w1_s3_cdaf,12,D+注意,0.4,1,3,1739,shop_jsonl_seal_state,True,
wave2_12_w1_s3_cdaf,12,D+注意,0.4,1,3,,attention_seal_key_matches_details,True,"{""mismatch"": 0, ""reasons"": {""unmapped_background"": 1642, ""native_distribution"": 4716}}"
wave2_12_w1_s3_cdaf,12,D+注意,0.4,1,3,,attention_update_reasons,,"{""not_door_task"": 1564, ""not_disclosed"": 90, ""zero_or_clipped_step"": 52, ""updated"": 34}"
wave2_13_w1_s3_cdaf,13,D+注意,0.15,1,3,500,ledger_state_hash,True,
wave2_13_w1_s3_cdaf,13,D+注意,0.15,1,3,1000,ledger_state_hash,True,
wave2_13_w1_s3_cdaf,13,D+注意,0.15,1,3,1500,ledger_state_hash,True,
wave2_13_w1_s3_cdaf,13,D+注意,0.15,1,3,1739,ledger_state_hash,True,
wave2_13_w1_s3_cdaf,13,D+注意,0.15,1,3,500,useforget_snap_FH,True,
wave2_13_w1_s3_cdaf,13,D+注意,0.15,1,3,1000,useforget_snap_FH,True,
wave2_13_w1_s3_cdaf,13,D+注意,0.15,1,3,1500,useforget_snap_FH,True,
wave2_13_w1_s3_cdaf,13,D+注意,0.15,1,3,1739,useforget_snap_FH,True,
wave2_13_w1_s3_cdaf,13,D+注意,0.15,1,3,500,shop_jsonl_seal_state,True,
wave2_13_w1_s3_cdaf,13,D+注意,0.15,1,3,1000,shop_jsonl_seal_state,True,
wave2_13_w1_s3_cdaf,13,D+注意,0.15,1,3,1500,shop_jsonl_seal_state,True,
wave2_13_w1_s3_cdaf,13,D+注意,0.15,1,3,1739,shop_jsonl_seal_state,True,
wave2_13_w1_s3_cdaf,13,D+注意,0.15,1,3,,attention_seal_key_matches_details,True,"{""mismatch"": 0, ""reasons"": {""unmapped_background"": 3817, ""native_distribution"": 4829}}"
wave2_13_w1_s3_cdaf,13,D+注意,0.15,1,3,,attention_update_reasons,,"{""not_door_task"": 1564, ""not_disclosed"": 90, ""updated"": 86}"
wave2_10_w2_s1_cdaf,10,D,0.4,2,1,500,ledger_state_hash,True,
wave2_10_w2_s1_cdaf,10,D,0.4,2,1,1000,ledger_state_hash,True,
wave2_10_w2_s1_cdaf,10,D,0.4,2,1,1500,ledger_state_hash,True,
wave2_10_w2_s1_cdaf,10,D,0.4,2,1,1739,ledger_state_hash,True,
wave2_10_w2_s1_cdaf,10,D,0.4,2,1,500,useforget_snap_FH,True,
wave2_10_w2_s1_cdaf,10,D,0.4,2,1,1000,useforget_snap_FH,True,
wave2_10_w2_s1_cdaf,10,D,0.4,2,1,1500,useforget_snap_FH,True,
wave2_10_w2_s1_cdaf,10,D,0.4,2,1,1739,useforget_snap_FH,True,
wave2_10_w2_s1_cdaf,10,D,0.4,2,1,500,shop_jsonl_seal_state,True,
wave2_10_w2_s1_cdaf,10,D,0.4,2,1,1000,shop_jsonl_seal_state,True,
wave2_10_w2_s1_cdaf,10,D,0.4,2,1,1500,shop_jsonl_seal_state,True,
wave2_10_w2_s1_cdaf,10,D,0.4,2,1,1739,shop_jsonl_seal_state,True,
wave2_10_w2_s1_cdaf,10,D,0.4,2,1,,attention_seal_key_matches_details,True,"{""mismatch"": 0, ""reasons"": {""native_distribution"": 5046, ""unmapped_background"": 2161}}"
wave2_10_w2_s1_cdaf,10,D,0.4,2,1,,attention_update_reasons,,"{""not_door_task"": 1583, ""not_disclosed"": 76, ""updated"": 76, ""zero_or_clipped_step"": 5}"
wave2_11_w2_s1_cdaf,11,D,0.15,2,1,500,ledger_state_hash,True,
wave2_11_w2_s1_cdaf,11,D,0.15,2,1,1000,ledger_state_hash,True,
wave2_11_w2_s1_cdaf,11,D,0.15,2,1,1500,ledger_state_hash,True,
wave2_11_w2_s1_cdaf,11,D,0.15,2,1,1739,ledger_state_hash,True,
wave2_11_w2_s1_cdaf,11,D,0.15,2,1,500,useforget_snap_FH,True,
wave2_11_w2_s1_cdaf,11,D,0.15,2,1,1000,useforget_snap_FH,True,
wave2_11_w2_s1_cdaf,11,D,0.15,2,1,1500,useforget_snap_FH,True,
wave2_11_w2_s1_cdaf,11,D,0.15,2,1,1739,useforget_snap_FH,True,
wave2_11_w2_s1_cdaf,11,D,0.15,2,1,500,shop_jsonl_seal_state,True,
wave2_11_w2_s1_cdaf,11,D,0.15,2,1,1000,shop_jsonl_seal_state,True,
wave2_11_w2_s1_cdaf,11,D,0.15,2,1,1500,shop_jsonl_seal_state,True,
wave2_11_w2_s1_cdaf,11,D,0.15,2,1,1739,shop_jsonl_seal_state,True,
wave2_11_w2_s1_cdaf,11,D,0.15,2,1,,attention_seal_key_matches_details,True,"{""mismatch"": 0, ""reasons"": {""native_distribution"": 6608, ""unmapped_background"": 5490}}"
wave2_11_w2_s1_cdaf,11,D,0.15,2,1,,attention_update_reasons,,"{""not_door_task"": 1583, ""not_disclosed"": 76, ""updated"": 81}"
wave2_12_w2_s1_cdaf,12,D+注意,0.4,2,1,500,ledger_state_hash,True,
wave2_12_w2_s1_cdaf,12,D+注意,0.4,2,1,1000,ledger_state_hash,True,
wave2_12_w2_s1_cdaf,12,D+注意,0.4,2,1,1500,ledger_state_hash,True,
wave2_12_w2_s1_cdaf,12,D+注意,0.4,2,1,1739,ledger_state_hash,True,
wave2_12_w2_s1_cdaf,12,D+注意,0.4,2,1,500,useforget_snap_FH,True,
wave2_12_w2_s1_cdaf,12,D+注意,0.4,2,1,1000,useforget_snap_FH,True,
wave2_12_w2_s1_cdaf,12,D+注意,0.4,2,1,1500,useforget_snap_FH,True,
wave2_12_w2_s1_cdaf,12,D+注意,0.4,2,1,1739,useforget_snap_FH,True,
wave2_12_w2_s1_cdaf,12,D+注意,0.4,2,1,500,shop_jsonl_seal_state,True,
wave2_12_w2_s1_cdaf,12,D+注意,0.4,2,1,1000,shop_jsonl_seal_state,True,
wave2_12_w2_s1_cdaf,12,D+注意,0.4,2,1,1500,shop_jsonl_seal_state,True,
wave2_12_w2_s1_cdaf,12,D+注意,0.4,2,1,1739,shop_jsonl_seal_state,True,
wave2_12_w2_s1_cdaf,12,D+注意,0.4,2,1,,attention_seal_key_matches_details,True,"{""mismatch"": 0, ""reasons"": {""native_distribution"": 5046, ""unmapped_background"": 2165}}"
wave2_12_w2_s1_cdaf,12,D+注意,0.4,2,1,,attention_update_reasons,,"{""not_door_task"": 1583, ""not_disclosed"": 76, ""updated"": 76, ""zero_or_clipped_step"": 5}"
wave2_13_w2_s1_cdaf,13,D+注意,0.15,2,1,500,ledger_state_hash,True,
wave2_13_w2_s1_cdaf,13,D+注意,0.15,2,1,1000,ledger_state_hash,True,
wave2_13_w2_s1_cdaf,13,D+注意,0.15,2,1,1500,ledger_state_hash,True,
wave2_13_w2_s1_cdaf,13,D+注意,0.15,2,1,1739,ledger_state_hash,True,
wave2_13_w2_s1_cdaf,13,D+注意,0.15,2,1,500,useforget_snap_FH,True,
wave2_13_w2_s1_cdaf,13,D+注意,0.15,2,1,1000,useforget_snap_FH,True,
wave2_13_w2_s1_cdaf,13,D+注意,0.15,2,1,1500,useforget_snap_FH,True,
wave2_13_w2_s1_cdaf,13,D+注意,0.15,2,1,1739,useforget_snap_FH,True,
wave2_13_w2_s1_cdaf,13,D+注意,0.15,2,1,500,shop_jsonl_seal_state,True,
wave2_13_w2_s1_cdaf,13,D+注意,0.15,2,1,1000,shop_jsonl_seal_state,True,
wave2_13_w2_s1_cdaf,13,D+注意,0.15,2,1,1500,shop_jsonl_seal_state,True,
wave2_13_w2_s1_cdaf,13,D+注意,0.15,2,1,1739,shop_jsonl_seal_state,True,
wave2_13_w2_s1_cdaf,13,D+注意,0.15,2,1,,attention_seal_key_matches_details,True,"{""mismatch"": 0, ""reasons"": {""native_distribution"": 6608, ""unmapped_background"": 5491}}"
wave2_13_w2_s1_cdaf,13,D+注意,0.15,2,1,,attention_update_reasons,,"{""not_door_task"": 1583, ""not_disclosed"": 76, ""updated"": 81}"
wave2_10_w2_s2_cdaf,10,D,0.4,2,2,500,ledger_state_hash,True,
wave2_10_w2_s2_cdaf,10,D,0.4,2,2,1000,ledger_state_hash,True,
wave2_10_w2_s2_cdaf,10,D,0.4,2,2,1500,ledger_state_hash,True,
wave2_10_w2_s2_cdaf,10,D,0.4,2,2,1739,ledger_state_hash,True,
wave2_10_w2_s2_cdaf,10,D,0.4,2,2,500,useforget_snap_FH,True,
wave2_10_w2_s2_cdaf,10,D,0.4,2,2,1000,useforget_snap_FH,True,
wave2_10_w2_s2_cdaf,10,D,0.4,2,2,1500,useforget_snap_FH,True,
wave2_10_w2_s2_cdaf,10,D,0.4,2,2,1739,useforget_snap_FH,True,
wave2_10_w2_s2_cdaf,10,D,0.4,2,2,500,shop_jsonl_seal_state,True,
wave2_10_w2_s2_cdaf,10,D,0.4,2,2,1000,shop_jsonl_seal_state,True,
wave2_10_w2_s2_cdaf,10,D,0.4,2,2,1500,shop_jsonl_seal_state,True,
wave2_10_w2_s2_cdaf,10,D,0.4,2,2,1739,shop_jsonl_seal_state,True,
wave2_10_w2_s2_cdaf,10,D,0.4,2,2,,attention_seal_key_matches_details,True,"{""mismatch"": 0, ""reasons"": {""native_distribution"": 4555, ""unmapped_background"": 978}}"
wave2_10_w2_s2_cdaf,10,D,0.4,2,2,,attention_update_reasons,,"{""not_door_task"": 1586, ""zero_or_clipped_step"": 35, ""not_disclosed"": 75, ""updated"": 44}"
wave2_11_w2_s2_cdaf,11,D,0.15,2,2,500,ledger_state_hash,True,
wave2_11_w2_s2_cdaf,11,D,0.15,2,2,1000,ledger_state_hash,True,
wave2_11_w2_s2_cdaf,11,D,0.15,2,2,1500,ledger_state_hash,True,
wave2_11_w2_s2_cdaf,11,D,0.15,2,2,1739,ledger_state_hash,True,
wave2_11_w2_s2_cdaf,11,D,0.15,2,2,500,useforget_snap_FH,True,
wave2_11_w2_s2_cdaf,11,D,0.15,2,2,1000,useforget_snap_FH,True,
wave2_11_w2_s2_cdaf,11,D,0.15,2,2,1500,useforget_snap_FH,True,
wave2_11_w2_s2_cdaf,11,D,0.15,2,2,1739,useforget_snap_FH,True,
wave2_11_w2_s2_cdaf,11,D,0.15,2,2,500,shop_jsonl_seal_state,True,
wave2_11_w2_s2_cdaf,11,D,0.15,2,2,1000,shop_jsonl_seal_state,True,
wave2_11_w2_s2_cdaf,11,D,0.15,2,2,1500,shop_jsonl_seal_state,True,
wave2_11_w2_s2_cdaf,11,D,0.15,2,2,1739,shop_jsonl_seal_state,True,
wave2_11_w2_s2_cdaf,11,D,0.15,2,2,,attention_seal_key_matches_details,True,"{""mismatch"": 0, ""reasons"": {""native_distribution"": 7678, ""unmapped_background"": 4701}}"
wave2_11_w2_s2_cdaf,11,D,0.15,2,2,,attention_update_reasons,,"{""not_door_task"": 1586, ""updated"": 79, ""not_disclosed"": 75}"
wave2_12_w2_s2_cdaf,12,D+注意,0.4,2,2,500,ledger_state_hash,True,
wave2_12_w2_s2_cdaf,12,D+注意,0.4,2,2,1000,ledger_state_hash,True,
wave2_12_w2_s2_cdaf,12,D+注意,0.4,2,2,1500,ledger_state_hash,True,
wave2_12_w2_s2_cdaf,12,D+注意,0.4,2,2,1739,ledger_state_hash,True,
wave2_12_w2_s2_cdaf,12,D+注意,0.4,2,2,500,useforget_snap_FH,True,
wave2_12_w2_s2_cdaf,12,D+注意,0.4,2,2,1000,useforget_snap_FH,True,
wave2_12_w2_s2_cdaf,12,D+注意,0.4,2,2,1500,useforget_snap_FH,True,
wave2_12_w2_s2_cdaf,12,D+注意,0.4,2,2,1739,useforget_snap_FH,True,
wave2_12_w2_s2_cdaf,12,D+注意,0.4,2,2,500,shop_jsonl_seal_state,True,
wave2_12_w2_s2_cdaf,12,D+注意,0.4,2,2,1000,shop_jsonl_seal_state,True,
wave2_12_w2_s2_cdaf,12,D+注意,0.4,2,2,1500,shop_jsonl_seal_state,True,
wave2_12_w2_s2_cdaf,12,D+注意,0.4,2,2,1739,shop_jsonl_seal_state,True,
wave2_12_w2_s2_cdaf,12,D+注意,0.4,2,2,,attention_seal_key_matches_details,True,"{""mismatch"": 0, ""reasons"": {""native_distribution"": 4556, ""unmapped_background"": 984}}"
wave2_12_w2_s2_cdaf,12,D+注意,0.4,2,2,,attention_update_reasons,,"{""not_door_task"": 1586, ""zero_or_clipped_step"": 35, ""not_disclosed"": 75, ""updated"": 44}"
wave2_13_w2_s2_cdaf,13,D+注意,0.15,2,2,500,ledger_state_hash,True,
wave2_13_w2_s2_cdaf,13,D+注意,0.15,2,2,1000,ledger_state_hash,True,
wave2_13_w2_s2_cdaf,13,D+注意,0.15,2,2,1500,ledger_state_hash,True,
wave2_13_w2_s2_cdaf,13,D+注意,0.15,2,2,1739,ledger_state_hash,True,
wave2_13_w2_s2_cdaf,13,D+注意,0.15,2,2,500,useforget_snap_FH,True,
wave2_13_w2_s2_cdaf,13,D+注意,0.15,2,2,1000,useforget_snap_FH,True,
wave2_13_w2_s2_cdaf,13,D+注意,0.15,2,2,1500,useforget_snap_FH,True,
wave2_13_w2_s2_cdaf,13,D+注意,0.15,2,2,1739,useforget_snap_FH,True,
wave2_13_w2_s2_cdaf,13,D+注意,0.15,2,2,500,shop_jsonl_seal_state,True,
wave2_13_w2_s2_cdaf,13,D+注意,0.15,2,2,1000,shop_jsonl_seal_state,True,
wave2_13_w2_s2_cdaf,13,D+注意,0.15,2,2,1500,shop_jsonl_seal_state,True,
wave2_13_w2_s2_cdaf,13,D+注意,0.15,2,2,1739,shop_jsonl_seal_state,True,
wave2_13_w2_s2_cdaf,13,D+注意,0.15,2,2,,attention_seal_key_matches_details,True,"{""mismatch"": 0, ""reasons"": {""native_distribution"": 7678, ""unmapped_background"": 4702}}"
wave2_13_w2_s2_cdaf,13,D+注意,0.15,2,2,,attention_update_reasons,,"{""not_door_task"": 1586, ""updated"": 79, ""not_disclosed"": 75}"
wave2_10_w2_s3_cdaf,10,D,0.4,2,3,500,ledger_state_hash,True,
wave2_10_w2_s3_cdaf,10,D,0.4,2,3,1000,ledger_state_hash,True,
wave2_10_w2_s3_cdaf,10,D,0.4,2,3,1500,ledger_state_hash,True,
wave2_10_w2_s3_cdaf,10,D,0.4,2,3,1739,ledger_state_hash,True,
wave2_10_w2_s3_cdaf,10,D,0.4,2,3,500,useforget_snap_FH,True,
wave2_10_w2_s3_cdaf,10,D,0.4,2,3,1000,useforget_snap_FH,True,
wave2_10_w2_s3_cdaf,10,D,0.4,2,3,1500,useforget_snap_FH,True,
wave2_10_w2_s3_cdaf,10,D,0.4,2,3,1739,useforget_snap_FH,True,
wave2_10_w2_s3_cdaf,10,D,0.4,2,3,500,shop_jsonl_seal_state,True,
wave2_10_w2_s3_cdaf,10,D,0.4,2,3,1000,shop_jsonl_seal_state,True,
wave2_10_w2_s3_cdaf,10,D,0.4,2,3,1500,shop_jsonl_seal_state,True,
wave2_10_w2_s3_cdaf,10,D,0.4,2,3,1739,shop_jsonl_seal_state,True,
wave2_10_w2_s3_cdaf,10,D,0.4,2,3,,attention_seal_key_matches_details,True,"{""mismatch"": 0, ""reasons"": {""unmapped_background"": 4247, ""native_distribution"": 3377}}"
wave2_10_w2_s3_cdaf,10,D,0.4,2,3,,attention_update_reasons,,"{""not_door_task"": 1564, ""not_disclosed"": 90, ""updated"": 79, ""zero_or_clipped_step"": 7}"
wave2_11_w2_s3_cdaf,11,D,0.15,2,3,500,ledger_state_hash,True,
wave2_11_w2_s3_cdaf,11,D,0.15,2,3,1000,ledger_state_hash,True,
wave2_11_w2_s3_cdaf,11,D,0.15,2,3,1500,ledger_state_hash,True,
wave2_11_w2_s3_cdaf,11,D,0.15,2,3,1739,ledger_state_hash,True,
wave2_11_w2_s3_cdaf,11,D,0.15,2,3,500,useforget_snap_FH,True,
wave2_11_w2_s3_cdaf,11,D,0.15,2,3,1000,useforget_snap_FH,True,
wave2_11_w2_s3_cdaf,11,D,0.15,2,3,1500,useforget_snap_FH,True,
wave2_11_w2_s3_cdaf,11,D,0.15,2,3,1739,useforget_snap_FH,True,
wave2_11_w2_s3_cdaf,11,D,0.15,2,3,500,shop_jsonl_seal_state,True,
wave2_11_w2_s3_cdaf,11,D,0.15,2,3,1000,shop_jsonl_seal_state,True,
wave2_11_w2_s3_cdaf,11,D,0.15,2,3,1500,shop_jsonl_seal_state,True,
wave2_11_w2_s3_cdaf,11,D,0.15,2,3,1739,shop_jsonl_seal_state,True,
wave2_11_w2_s3_cdaf,11,D,0.15,2,3,,attention_seal_key_matches_details,True,"{""mismatch"": 0, ""reasons"": {""unmapped_background"": 3835, ""native_distribution"": 4829}}"
wave2_11_w2_s3_cdaf,11,D,0.15,2,3,,attention_update_reasons,,"{""not_door_task"": 1564, ""not_disclosed"": 90, ""updated"": 86}"
wave2_12_w2_s3_cdaf,12,D+注意,0.4,2,3,500,ledger_state_hash,True,
wave2_12_w2_s3_cdaf,12,D+注意,0.4,2,3,1000,ledger_state_hash,True,
wave2_12_w2_s3_cdaf,12,D+注意,0.4,2,3,1500,ledger_state_hash,True,
wave2_12_w2_s3_cdaf,12,D+注意,0.4,2,3,1739,ledger_state_hash,True,
wave2_12_w2_s3_cdaf,12,D+注意,0.4,2,3,500,useforget_snap_FH,True,
wave2_12_w2_s3_cdaf,12,D+注意,0.4,2,3,1000,useforget_snap_FH,True,
wave2_12_w2_s3_cdaf,12,D+注意,0.4,2,3,1500,useforget_snap_FH,True,
wave2_12_w2_s3_cdaf,12,D+注意,0.4,2,3,1739,useforget_snap_FH,True,
wave2_12_w2_s3_cdaf,12,D+注意,0.4,2,3,500,shop_jsonl_seal_state,True,
wave2_12_w2_s3_cdaf,12,D+注意,0.4,2,3,1000,shop_jsonl_seal_state,True,
wave2_12_w2_s3_cdaf,12,D+注意,0.4,2,3,1500,shop_jsonl_seal_state,True,
wave2_12_w2_s3_cdaf,12,D+注意,0.4,2,3,1739,shop_jsonl_seal_state,True,
wave2_12_w2_s3_cdaf,12,D+注意,0.4,2,3,,attention_seal_key_matches_details,True,"{""mismatch"": 0, ""reasons"": {""unmapped_background"": 4254, ""native_distribution"": 3377}}"
wave2_12_w2_s3_cdaf,12,D+注意,0.4,2,3,,attention_update_reasons,,"{""not_door_task"": 1564, ""not_disclosed"": 90, ""updated"": 79, ""zero_or_clipped_step"": 7}"
wave2_13_w2_s3_cdaf,13,D+注意,0.15,2,3,500,ledger_state_hash,True,
wave2_13_w2_s3_cdaf,13,D+注意,0.15,2,3,1000,ledger_state_hash,True,
wave2_13_w2_s3_cdaf,13,D+注意,0.15,2,3,1500,ledger_state_hash,True,
wave2_13_w2_s3_cdaf,13,D+注意,0.15,2,3,1739,ledger_state_hash,True,
wave2_13_w2_s3_cdaf,13,D+注意,0.15,2,3,500,useforget_snap_FH,True,
wave2_13_w2_s3_cdaf,13,D+注意,0.15,2,3,1000,useforget_snap_FH,True,
wave2_13_w2_s3_cdaf,13,D+注意,0.15,2,3,1500,useforget_snap_FH,True,
wave2_13_w2_s3_cdaf,13,D+注意,0.15,2,3,1739,useforget_snap_FH,True,
wave2_13_w2_s3_cdaf,13,D+注意,0.15,2,3,500,shop_jsonl_seal_state,True,
wave2_13_w2_s3_cdaf,13,D+注意,0.15,2,3,1000,shop_jsonl_seal_state,True,
wave2_13_w2_s3_cdaf,13,D+注意,0.15,2,3,1500,shop_jsonl_seal_state,True,
wave2_13_w2_s3_cdaf,13,D+注意,0.15,2,3,1739,shop_jsonl_seal_state,True,
wave2_13_w2_s3_cdaf,13,D+注意,0.15,2,3,,attention_seal_key_matches_details,True,"{""mismatch"": 0, ""reasons"": {""unmapped_background"": 3835, ""native_distribution"": 4829}}"
wave2_13_w2_s3_cdaf,13,D+注意,0.15,2,3,,attention_update_reasons,,"{""not_door_task"": 1564, ""not_disclosed"": 90, ""updated"": 86}"
