run,row,arm,tau,world,seed,seal_matching_rows,seal_rows_with_a,seal_key_differs,seal_weight_max,seal_a_at_weight_max,trial_at_weight_max,flag_use_forget,flag_use_forget_q,flag_use_forget_attn
wave2_10_w1_s1_cdaf,10,D,0.4,1,1,1554,0,0,,,,0.4,True,False
wave2_11_w1_s1_cdaf,11,D,0.15,1,1,1725,0,0,,,,0.15,True,False
wave2_12_w1_s1_cdaf,12,D+注意,0.4,1,1,1554,1554,0,1.0,0.0,2,0.4,True,True
wave2_13_w1_s1_cdaf,13,D+注意,0.15,1,1,1725,1725,0,1.073018723366137,0.08400003727824748,1668,0.15,True,True
wave2_10_w1_s2_cdaf,10,D,0.4,1,2,1403,0,0,,,,0.4,True,False
wave2_11_w1_s2_cdaf,11,D,0.15,1,2,1719,0,0,,,,0.15,True,False
wave2_12_w1_s2_cdaf,12,D+注意,0.4,1,2,1403,1403,0,1.0000002027710762,1.5859963184175033e-06,87,0.4,True,True
wave2_13_w1_s2_cdaf,13,D+注意,0.15,1,2,1719,1719,0,1.0,0.0,2,0.15,True,True
wave2_10_w1_s3_cdaf,10,D,0.4,1,3,1493,0,0,,,,0.4,True,False
wave2_11_w1_s3_cdaf,11,D,0.15,1,3,1727,0,0,,,,0.15,True,False
wave2_12_w1_s3_cdaf,12,D+注意,0.4,1,3,1493,1493,0,1.0,0.0,4,0.4,True,True
wave2_13_w1_s3_cdaf,13,D+注意,0.15,1,3,1727,1727,0,1.0,0.0,4,0.15,True,True
wave2_10_w2_s1_cdaf,10,D,0.4,2,1,1548,0,0,,,,0.4,True,False
wave2_11_w2_s1_cdaf,11,D,0.15,2,1,1728,0,0,,,,0.15,True,False
wave2_12_w2_s1_cdaf,12,D+注意,0.4,2,1,1548,1548,0,1.2437707319346185,0.2799406429611054,1727,0.4,True,True
wave2_13_w2_s1_cdaf,13,D+注意,0.15,2,1,1728,1728,0,1.352087108704613,0.4092344589388869,1727,0.15,True,True
wave2_10_w2_s2_cdaf,10,D,0.4,2,2,1416,0,0,,,,0.4,True,False
wave2_11_w2_s2_cdaf,11,D,0.15,2,2,1727,0,0,,,,0.15,True,False
wave2_12_w2_s2_cdaf,12,D+注意,0.4,2,2,1416,1416,0,1.0809641797969993,0.08787342259194975,1669,0.4,True,True
wave2_13_w2_s2_cdaf,13,D+注意,0.15,2,2,1727,1727,0,1.34371387763289,0.3940929249912913,1722,0.15,True,True
wave2_10_w2_s3_cdaf,10,D,0.4,2,3,1570,0,0,,,,0.4,True,False
wave2_11_w2_s3_cdaf,11,D,0.15,2,3,1727,0,0,,,,0.15,True,False
wave2_12_w2_s3_cdaf,12,D+注意,0.4,2,3,1570,1570,0,1.507745214316315,0.573955204098652,1722,0.4,True,True
wave2_13_w2_s3_cdaf,13,D+注意,0.15,2,3,1727,1727,0,1.3507748293383999,0.4006016202181708,1722,0.15,True,True
