run,row,arm,tau,world,seed,trial,R,registered_at,birth_shop_cue,birth_shop_type,n_seats,F,H,U,seal_slot,seal_state,seal_name_if_F,seal_history_if_H,link_state,other_seats,other_U,other_U_frac,skeleton_gt50,skeleton_allU
wave2_10_w1_s1_cdaf,10,D,0.4,1,1,500,R_7b6b1008b48c1115,6,n,甲,17,17,0,0,6,F,sig_n,,F,16,0,0.0,0,0
wave2_10_w1_s1_cdaf,10,D,0.4,1,1,500,R_cb63a1ebfc31098d,19,n,乙,17,15,0,2,2,U,,,U,16,1,0.0625,0,0
wave2_10_w1_s1_cdaf,10,D,0.4,1,1,500,R_cb63a1ebfc31098d_t51,51,n,乙,17,17,0,0,14,F,sig_n,,F,16,0,0.0,0,0
wave2_10_w1_s1_cdaf,10,D,0.4,1,1,500,R_cfceeb53f8b79c77,209,e,甲,17,17,0,0,10,F,sig_e,,F,16,0,0.0,0,0
wave2_10_w1_s1_cdaf,10,D,0.4,1,1,1000,R_7b6b1008b48c1115,6,n,甲,17,17,0,0,6,F,sig_n,,F,16,0,0.0,0,0
wave2_10_w1_s1_cdaf,10,D,0.4,1,1,1000,R_cb63a1ebfc31098d,19,n,乙,17,15,0,2,2,U,,,U,16,1,0.0625,0,0
wave2_10_w1_s1_cdaf,10,D,0.4,1,1,1000,R_cb63a1ebfc31098d_t51,51,n,乙,17,17,0,0,14,F,sig_n,,F,16,0,0.0,0,0
wave2_10_w1_s1_cdaf,10,D,0.4,1,1,1000,R_cfceeb53f8b79c77,209,e,甲,17,17,0,0,10,F,sig_e,,F,16,0,0.0,0,0
wave2_10_w1_s1_cdaf,10,D,0.4,1,1,1500,R_7b6b1008b48c1115,6,n,甲,17,17,0,0,6,F,sig_n,,F,16,0,0.0,0,0
wave2_10_w1_s1_cdaf,10,D,0.4,1,1,1500,R_cb63a1ebfc31098d,19,n,乙,17,15,0,2,2,U,,,U,16,1,0.0625,0,0
wave2_10_w1_s1_cdaf,10,D,0.4,1,1,1500,R_cb63a1ebfc31098d_t51,51,n,乙,17,17,0,0,14,F,sig_n,,F,16,0,0.0,0,0
wave2_10_w1_s1_cdaf,10,D,0.4,1,1,1500,R_cfceeb53f8b79c77,209,e,甲,17,17,0,0,10,F,sig_e,,F,16,0,0.0,0,0
wave2_10_w1_s1_cdaf,10,D,0.4,1,1,1739,R_7b6b1008b48c1115,6,n,甲,17,17,0,0,6,F,sig_n,,F,16,0,0.0,0,0
wave2_10_w1_s1_cdaf,10,D,0.4,1,1,1739,R_cb63a1ebfc31098d,19,n,乙,17,15,0,2,2,U,,,U,16,1,0.0625,0,0
wave2_10_w1_s1_cdaf,10,D,0.4,1,1,1739,R_cb63a1ebfc31098d_t51,51,n,乙,17,17,0,0,14,F,sig_n,,F,16,0,0.0,0,0
wave2_10_w1_s1_cdaf,10,D,0.4,1,1,1739,R_cfceeb53f8b79c77,209,e,甲,17,17,0,0,10,F,sig_e,,F,16,0,0.0,0,0
wave2_11_w1_s1_cdaf,11,D,0.15,1,1,500,R_43ab0ec7616f87ce,110,e,甲,16,16,0,0,5,F,sig_e,,F,15,0,0.0,0,0
wave2_11_w1_s1_cdaf,11,D,0.15,1,1,500,R_73ab4e443ddc8dee,20,e,乙,17,17,0,0,10,F,sig_e,,F,16,0,0.0,0,0
wave2_11_w1_s1_cdaf,11,D,0.15,1,1,500,R_7b6b1008b48c1115,6,n,甲,17,17,0,0,6,F,sig_n,,F,16,0,0.0,0,0
wave2_11_w1_s1_cdaf,11,D,0.15,1,1,500,R_9d6e4b5f291af53c,4,n,乙,16,16,0,0,7,F,sig_n,,F,15,0,0.0,0,0
wave2_11_w1_s1_cdaf,11,D,0.15,1,1,500,R_c819a8b386ed2d96,5,n,甲,16,16,0,0,6,F,sig_n,,F,15,0,0.0,0,0
wave2_11_w1_s1_cdaf,11,D,0.15,1,1,500,R_cb63a1ebfc31098d,19,n,乙,17,17,0,0,2,F,sig_n,,F,16,0,0.0,0,0
wave2_11_w1_s1_cdaf,11,D,0.15,1,1,500,R_cfceeb53f8b79c77,209,e,甲,17,17,0,0,10,F,sig_e,,F,16,0,0.0,0,0
wave2_11_w1_s1_cdaf,11,D,0.15,1,1,1000,R_43ab0ec7616f87ce,110,e,甲,16,16,0,0,5,F,sig_e,,F,15,0,0.0,0,0
wave2_11_w1_s1_cdaf,11,D,0.15,1,1,1000,R_73ab4e443ddc8dee,20,e,乙,17,17,0,0,10,F,sig_e,,F,16,0,0.0,0,0
wave2_11_w1_s1_cdaf,11,D,0.15,1,1,1000,R_7b6b1008b48c1115,6,n,甲,17,17,0,0,6,F,sig_n,,F,16,0,0.0,0,0
wave2_11_w1_s1_cdaf,11,D,0.15,1,1,1000,R_9d6e4b5f291af53c,4,n,乙,16,16,0,0,7,F,sig_n,,F,15,0,0.0,0,0
wave2_11_w1_s1_cdaf,11,D,0.15,1,1,1000,R_c819a8b386ed2d96,5,n,甲,16,16,0,0,6,F,sig_n,,F,15,0,0.0,0,0
wave2_11_w1_s1_cdaf,11,D,0.15,1,1,1000,R_cb63a1ebfc31098d,19,n,乙,17,17,0,0,2,F,sig_n,,F,16,0,0.0,0,0
wave2_11_w1_s1_cdaf,11,D,0.15,1,1,1000,R_cfceeb53f8b79c77,209,e,甲,17,17,0,0,10,F,sig_e,,F,16,0,0.0,0,0
wave2_11_w1_s1_cdaf,11,D,0.15,1,1,1500,R_43ab0ec7616f87ce,110,e,甲,16,16,0,0,5,F,sig_e,,F,15,0,0.0,0,0
wave2_11_w1_s1_cdaf,11,D,0.15,1,1,1500,R_73ab4e443ddc8dee,20,e,乙,17,17,0,0,10,F,sig_e,,F,16,0,0.0,0,0
wave2_11_w1_s1_cdaf,11,D,0.15,1,1,1500,R_7b6b1008b48c1115,6,n,甲,17,17,0,0,6,F,sig_n,,F,16,0,0.0,0,0
wave2_11_w1_s1_cdaf,11,D,0.15,1,1,1500,R_9d6e4b5f291af53c,4,n,乙,16,16,0,0,7,F,sig_n,,F,15,0,0.0,0,0
wave2_11_w1_s1_cdaf,11,D,0.15,1,1,1500,R_c819a8b386ed2d96,5,n,甲,16,16,0,0,6,F,sig_n,,F,15,0,0.0,0,0
wave2_11_w1_s1_cdaf,11,D,0.15,1,1,1500,R_cb63a1ebfc31098d,19,n,乙,17,17,0,0,2,F,sig_n,,F,16,0,0.0,0,0
wave2_11_w1_s1_cdaf,11,D,0.15,1,1,1500,R_cfceeb53f8b79c77,209,e,甲,17,17,0,0,10,F,sig_e,,F,16,0,0.0,0,0
wave2_11_w1_s1_cdaf,11,D,0.15,1,1,1739,R_43ab0ec7616f87ce,110,e,甲,16,16,0,0,5,F,sig_e,,F,15,0,0.0,0,0
wave2_11_w1_s1_cdaf,11,D,0.15,1,1,1739,R_73ab4e443ddc8dee,20,e,乙,17,17,0,0,10,F,sig_e,,F,16,0,0.0,0,0
wave2_11_w1_s1_cdaf,11,D,0.15,1,1,1739,R_7b6b1008b48c1115,6,n,甲,17,17,0,0,6,F,sig_n,,F,16,0,0.0,0,0
wave2_11_w1_s1_cdaf,11,D,0.15,1,1,1739,R_9d6e4b5f291af53c,4,n,乙,16,16,0,0,7,F,sig_n,,F,15,0,0.0,0,0
wave2_11_w1_s1_cdaf,11,D,0.15,1,1,1739,R_c819a8b386ed2d96,5,n,甲,16,16,0,0,6,F,sig_n,,F,15,0,0.0,0,0
wave2_11_w1_s1_cdaf,11,D,0.15,1,1,1739,R_cb63a1ebfc31098d,19,n,乙,17,17,0,0,2,F,sig_n,,F,16,0,0.0,0,0
wave2_11_w1_s1_cdaf,11,D,0.15,1,1,1739,R_cfceeb53f8b79c77,209,e,甲,17,17,0,0,10,F,sig_e,,F,16,0,0.0,0,0
wave2_12_w1_s1_cdaf,12,D+注意,0.4,1,1,500,R_7b6b1008b48c1115,6,n,甲,17,17,0,0,6,F,sig_n,,F,16,0,0.0,0,0
wave2_12_w1_s1_cdaf,12,D+注意,0.4,1,1,500,R_cb63a1ebfc31098d,19,n,乙,17,15,0,2,2,U,,,U,16,1,0.0625,0,0
wave2_12_w1_s1_cdaf,12,D+注意,0.4,1,1,500,R_cb63a1ebfc31098d_t51,51,n,乙,17,17,0,0,14,F,sig_n,,F,16,0,0.0,0,0
wave2_12_w1_s1_cdaf,12,D+注意,0.4,1,1,500,R_cfceeb53f8b79c77,209,e,甲,17,17,0,0,10,F,sig_e,,F,16,0,0.0,0,0
wave2_12_w1_s1_cdaf,12,D+注意,0.4,1,1,1000,R_7b6b1008b48c1115,6,n,甲,17,17,0,0,6,F,sig_n,,F,16,0,0.0,0,0
wave2_12_w1_s1_cdaf,12,D+注意,0.4,1,1,1000,R_cb63a1ebfc31098d,19,n,乙,17,15,0,2,2,U,,,U,16,1,0.0625,0,0
wave2_12_w1_s1_cdaf,12,D+注意,0.4,1,1,1000,R_cb63a1ebfc31098d_t51,51,n,乙,17,17,0,0,14,F,sig_n,,F,16,0,0.0,0,0
wave2_12_w1_s1_cdaf,12,D+注意,0.4,1,1,1000,R_cfceeb53f8b79c77,209,e,甲,17,17,0,0,10,F,sig_e,,F,16,0,0.0,0,0
wave2_12_w1_s1_cdaf,12,D+注意,0.4,1,1,1500,R_7b6b1008b48c1115,6,n,甲,17,17,0,0,6,F,sig_n,,F,16,0,0.0,0,0
wave2_12_w1_s1_cdaf,12,D+注意,0.4,1,1,1500,R_cb63a1ebfc31098d,19,n,乙,17,15,0,2,2,U,,,U,16,1,0.0625,0,0
wave2_12_w1_s1_cdaf,12,D+注意,0.4,1,1,1500,R_cb63a1ebfc31098d_t51,51,n,乙,17,17,0,0,14,F,sig_n,,F,16,0,0.0,0,0
wave2_12_w1_s1_cdaf,12,D+注意,0.4,1,1,1500,R_cfceeb53f8b79c77,209,e,甲,17,17,0,0,10,F,sig_e,,F,16,0,0.0,0,0
wave2_12_w1_s1_cdaf,12,D+注意,0.4,1,1,1739,R_7b6b1008b48c1115,6,n,甲,17,17,0,0,6,F,sig_n,,F,16,0,0.0,0,0
wave2_12_w1_s1_cdaf,12,D+注意,0.4,1,1,1739,R_cb63a1ebfc31098d,19,n,乙,17,15,0,2,2,U,,,U,16,1,0.0625,0,0
wave2_12_w1_s1_cdaf,12,D+注意,0.4,1,1,1739,R_cb63a1ebfc31098d_t51,51,n,乙,17,17,0,0,14,F,sig_n,,F,16,0,0.0,0,0
wave2_12_w1_s1_cdaf,12,D+注意,0.4,1,1,1739,R_cfceeb53f8b79c77,209,e,甲,17,17,0,0,10,F,sig_e,,F,16,0,0.0,0,0
wave2_13_w1_s1_cdaf,13,D+注意,0.15,1,1,500,R_43ab0ec7616f87ce,110,e,甲,16,16,0,0,5,F,sig_e,,F,15,0,0.0,0,0
wave2_13_w1_s1_cdaf,13,D+注意,0.15,1,1,500,R_73ab4e443ddc8dee,20,e,乙,17,17,0,0,10,F,sig_e,,F,16,0,0.0,0,0
wave2_13_w1_s1_cdaf,13,D+注意,0.15,1,1,500,R_7b6b1008b48c1115,6,n,甲,17,17,0,0,6,F,sig_n,,F,16,0,0.0,0,0
wave2_13_w1_s1_cdaf,13,D+注意,0.15,1,1,500,R_9d6e4b5f291af53c,4,n,乙,16,16,0,0,7,F,sig_n,,F,15,0,0.0,0,0
wave2_13_w1_s1_cdaf,13,D+注意,0.15,1,1,500,R_c819a8b386ed2d96,5,n,甲,16,16,0,0,6,F,sig_n,,F,15,0,0.0,0,0
wave2_13_w1_s1_cdaf,13,D+注意,0.15,1,1,500,R_cb63a1ebfc31098d,19,n,乙,17,17,0,0,2,F,sig_n,,F,16,0,0.0,0,0
wave2_13_w1_s1_cdaf,13,D+注意,0.15,1,1,500,R_cfceeb53f8b79c77,209,e,甲,17,17,0,0,10,F,sig_e,,F,16,0,0.0,0,0
wave2_13_w1_s1_cdaf,13,D+注意,0.15,1,1,1000,R_43ab0ec7616f87ce,110,e,甲,16,16,0,0,5,F,sig_e,,F,15,0,0.0,0,0
wave2_13_w1_s1_cdaf,13,D+注意,0.15,1,1,1000,R_73ab4e443ddc8dee,20,e,乙,17,17,0,0,10,F,sig_e,,F,16,0,0.0,0,0
wave2_13_w1_s1_cdaf,13,D+注意,0.15,1,1,1000,R_7b6b1008b48c1115,6,n,甲,17,17,0,0,6,F,sig_n,,F,16,0,0.0,0,0
wave2_13_w1_s1_cdaf,13,D+注意,0.15,1,1,1000,R_9d6e4b5f291af53c,4,n,乙,16,16,0,0,7,F,sig_n,,F,15,0,0.0,0,0
wave2_13_w1_s1_cdaf,13,D+注意,0.15,1,1,1000,R_c819a8b386ed2d96,5,n,甲,16,16,0,0,6,F,sig_n,,F,15,0,0.0,0,0
wave2_13_w1_s1_cdaf,13,D+注意,0.15,1,1,1000,R_cb63a1ebfc31098d,19,n,乙,17,17,0,0,2,F,sig_n,,F,16,0,0.0,0,0
wave2_13_w1_s1_cdaf,13,D+注意,0.15,1,1,1000,R_cfceeb53f8b79c77,209,e,甲,17,17,0,0,10,F,sig_e,,F,16,0,0.0,0,0
wave2_13_w1_s1_cdaf,13,D+注意,0.15,1,1,1500,R_43ab0ec7616f87ce,110,e,甲,16,16,0,0,5,F,sig_e,,F,15,0,0.0,0,0
wave2_13_w1_s1_cdaf,13,D+注意,0.15,1,1,1500,R_73ab4e443ddc8dee,20,e,乙,17,17,0,0,10,F,sig_e,,F,16,0,0.0,0,0
wave2_13_w1_s1_cdaf,13,D+注意,0.15,1,1,1500,R_7b6b1008b48c1115,6,n,甲,17,17,0,0,6,F,sig_n,,F,16,0,0.0,0,0
wave2_13_w1_s1_cdaf,13,D+注意,0.15,1,1,1500,R_9d6e4b5f291af53c,4,n,乙,16,16,0,0,7,F,sig_n,,F,15,0,0.0,0,0
wave2_13_w1_s1_cdaf,13,D+注意,0.15,1,1,1500,R_c819a8b386ed2d96,5,n,甲,16,16,0,0,6,F,sig_n,,F,15,0,0.0,0,0
wave2_13_w1_s1_cdaf,13,D+注意,0.15,1,1,1500,R_cb63a1ebfc31098d,19,n,乙,17,17,0,0,2,F,sig_n,,F,16,0,0.0,0,0
wave2_13_w1_s1_cdaf,13,D+注意,0.15,1,1,1500,R_cfceeb53f8b79c77,209,e,甲,17,17,0,0,10,F,sig_e,,F,16,0,0.0,0,0
wave2_13_w1_s1_cdaf,13,D+注意,0.15,1,1,1739,R_43ab0ec7616f87ce,110,e,甲,16,16,0,0,5,F,sig_e,,F,15,0,0.0,0,0
wave2_13_w1_s1_cdaf,13,D+注意,0.15,1,1,1739,R_73ab4e443ddc8dee,20,e,乙,17,17,0,0,10,F,sig_e,,F,16,0,0.0,0,0
wave2_13_w1_s1_cdaf,13,D+注意,0.15,1,1,1739,R_7b6b1008b48c1115,6,n,甲,17,17,0,0,6,F,sig_n,,F,16,0,0.0,0,0
wave2_13_w1_s1_cdaf,13,D+注意,0.15,1,1,1739,R_9d6e4b5f291af53c,4,n,乙,16,16,0,0,7,F,sig_n,,F,15,0,0.0,0,0
wave2_13_w1_s1_cdaf,13,D+注意,0.15,1,1,1739,R_c819a8b386ed2d96,5,n,甲,16,16,0,0,6,F,sig_n,,F,15,0,0.0,0,0
wave2_13_w1_s1_cdaf,13,D+注意,0.15,1,1,1739,R_cb63a1ebfc31098d,19,n,乙,17,17,0,0,2,F,sig_n,,F,16,0,0.0,0,0
wave2_13_w1_s1_cdaf,13,D+注意,0.15,1,1,1739,R_cfceeb53f8b79c77,209,e,甲,17,17,0,0,10,F,sig_e,,F,16,0,0.0,0,0
wave2_10_w1_s2_cdaf,10,D,0.4,1,2,500,R_7b6b1008b48c1115,6,n,甲,17,17,0,0,6,F,sig_n,,F,16,0,0.0,0,0
wave2_10_w1_s2_cdaf,10,D,0.4,1,2,500,R_cb63a1ebfc31098d,21,n,乙,17,17,0,0,1,F,sig_n,,F,16,0,0.0,0,0
wave2_10_w1_s2_cdaf,10,D,0.4,1,2,1000,R_7b6b1008b48c1115,6,n,甲,17,17,0,0,6,F,sig_n,,F,16,0,0.0,0,0
wave2_10_w1_s2_cdaf,10,D,0.4,1,2,1000,R_cb63a1ebfc31098d,21,n,乙,17,17,0,0,1,F,sig_n,,F,16,0,0.0,0,0
wave2_10_w1_s2_cdaf,10,D,0.4,1,2,1500,R_7b6b1008b48c1115,6,n,甲,17,17,0,0,6,F,sig_n,,F,16,0,0.0,0,0
wave2_10_w1_s2_cdaf,10,D,0.4,1,2,1500,R_cb63a1ebfc31098d,21,n,乙,17,17,0,0,1,F,sig_n,,F,16,0,0.0,0,0
wave2_10_w1_s2_cdaf,10,D,0.4,1,2,1739,R_7b6b1008b48c1115,6,n,甲,17,17,0,0,6,F,sig_n,,F,16,0,0.0,0,0
wave2_10_w1_s2_cdaf,10,D,0.4,1,2,1739,R_cb63a1ebfc31098d,21,n,乙,17,17,0,0,1,F,sig_n,,F,16,0,0.0,0,0
wave2_11_w1_s2_cdaf,11,D,0.15,1,2,500,R_2327f056ad0db4ad,2,n,甲,16,16,0,0,1,F,sig_n,,F,15,0,0.0,0,0
wave2_11_w1_s2_cdaf,11,D,0.15,1,2,500,R_6e911c42fd2a3700,3,n,乙,16,16,0,0,15,F,sig_n,,F,15,0,0.0,0,0
wave2_11_w1_s2_cdaf,11,D,0.15,1,2,500,R_73ab4e443ddc8dee,42,e,乙,17,17,0,0,6,F,sig_e,,F,16,0,0.0,0,0
wave2_11_w1_s2_cdaf,11,D,0.15,1,2,500,R_7b6b1008b48c1115,6,n,甲,17,17,0,0,6,F,sig_n,,F,16,0,0.0,0,0
wave2_11_w1_s2_cdaf,11,D,0.15,1,2,500,R_7c67e41822d94b32,17,n,乙,16,16,0,0,3,F,sig_n,,F,15,0,0.0,0,0
wave2_11_w1_s2_cdaf,11,D,0.15,1,2,500,R_cb63a1ebfc31098d,21,n,乙,17,17,0,0,1,F,sig_n,,F,16,0,0.0,0,0
wave2_11_w1_s2_cdaf,11,D,0.15,1,2,500,R_cfceeb53f8b79c77,143,e,甲,17,17,0,0,11,F,sig_e,,F,16,0,0.0,0,0
wave2_11_w1_s2_cdaf,11,D,0.15,1,2,1000,R_2327f056ad0db4ad,2,n,甲,16,16,0,0,1,F,sig_n,,F,15,0,0.0,0,0
wave2_11_w1_s2_cdaf,11,D,0.15,1,2,1000,R_6e911c42fd2a3700,3,n,乙,16,16,0,0,15,F,sig_n,,F,15,0,0.0,0,0
wave2_11_w1_s2_cdaf,11,D,0.15,1,2,1000,R_73ab4e443ddc8dee,42,e,乙,17,17,0,0,6,F,sig_e,,F,16,0,0.0,0,0
wave2_11_w1_s2_cdaf,11,D,0.15,1,2,1000,R_7b6b1008b48c1115,6,n,甲,17,17,0,0,6,F,sig_n,,F,16,0,0.0,0,0
wave2_11_w1_s2_cdaf,11,D,0.15,1,2,1000,R_7c67e41822d94b32,17,n,乙,16,16,0,0,3,F,sig_n,,F,15,0,0.0,0,0
wave2_11_w1_s2_cdaf,11,D,0.15,1,2,1000,R_cb63a1ebfc31098d,21,n,乙,17,17,0,0,1,F,sig_n,,F,16,0,0.0,0,0
wave2_11_w1_s2_cdaf,11,D,0.15,1,2,1000,R_cfceeb53f8b79c77,143,e,甲,17,17,0,0,11,F,sig_e,,F,16,0,0.0,0,0
wave2_11_w1_s2_cdaf,11,D,0.15,1,2,1500,R_2327f056ad0db4ad,2,n,甲,16,16,0,0,1,F,sig_n,,F,15,0,0.0,0,0
wave2_11_w1_s2_cdaf,11,D,0.15,1,2,1500,R_6e911c42fd2a3700,3,n,乙,16,16,0,0,15,F,sig_n,,F,15,0,0.0,0,0
wave2_11_w1_s2_cdaf,11,D,0.15,1,2,1500,R_73ab4e443ddc8dee,42,e,乙,17,17,0,0,6,F,sig_e,,F,16,0,0.0,0,0
wave2_11_w1_s2_cdaf,11,D,0.15,1,2,1500,R_7b6b1008b48c1115,6,n,甲,17,17,0,0,6,F,sig_n,,F,16,0,0.0,0,0
wave2_11_w1_s2_cdaf,11,D,0.15,1,2,1500,R_7c67e41822d94b32,17,n,乙,16,16,0,0,3,F,sig_n,,F,15,0,0.0,0,0
wave2_11_w1_s2_cdaf,11,D,0.15,1,2,1500,R_cb63a1ebfc31098d,21,n,乙,17,17,0,0,1,F,sig_n,,F,16,0,0.0,0,0
wave2_11_w1_s2_cdaf,11,D,0.15,1,2,1500,R_cfceeb53f8b79c77,143,e,甲,17,17,0,0,11,F,sig_e,,F,16,0,0.0,0,0
wave2_11_w1_s2_cdaf,11,D,0.15,1,2,1739,R_2327f056ad0db4ad,2,n,甲,16,16,0,0,1,F,sig_n,,F,15,0,0.0,0,0
wave2_11_w1_s2_cdaf,11,D,0.15,1,2,1739,R_6e911c42fd2a3700,3,n,乙,16,16,0,0,15,F,sig_n,,F,15,0,0.0,0,0
wave2_11_w1_s2_cdaf,11,D,0.15,1,2,1739,R_73ab4e443ddc8dee,42,e,乙,17,17,0,0,6,F,sig_e,,F,16,0,0.0,0,0
wave2_11_w1_s2_cdaf,11,D,0.15,1,2,1739,R_7b6b1008b48c1115,6,n,甲,17,17,0,0,6,F,sig_n,,F,16,0,0.0,0,0
wave2_11_w1_s2_cdaf,11,D,0.15,1,2,1739,R_7c67e41822d94b32,17,n,乙,16,16,0,0,3,F,sig_n,,F,15,0,0.0,0,0
wave2_11_w1_s2_cdaf,11,D,0.15,1,2,1739,R_cb63a1ebfc31098d,21,n,乙,17,17,0,0,1,F,sig_n,,F,16,0,0.0,0,0
wave2_11_w1_s2_cdaf,11,D,0.15,1,2,1739,R_cfceeb53f8b79c77,143,e,甲,17,17,0,0,11,F,sig_e,,F,16,0,0.0,0,0
wave2_12_w1_s2_cdaf,12,D+注意,0.4,1,2,500,R_7b6b1008b48c1115,6,n,甲,17,17,0,0,6,F,sig_n,,F,16,0,0.0,0,0
wave2_12_w1_s2_cdaf,12,D+注意,0.4,1,2,500,R_cb63a1ebfc31098d,21,n,乙,17,17,0,0,1,F,sig_n,,F,16,0,0.0,0,0
wave2_12_w1_s2_cdaf,12,D+注意,0.4,1,2,1000,R_7b6b1008b48c1115,6,n,甲,17,17,0,0,6,F,sig_n,,F,16,0,0.0,0,0
wave2_12_w1_s2_cdaf,12,D+注意,0.4,1,2,1000,R_cb63a1ebfc31098d,21,n,乙,17,17,0,0,1,F,sig_n,,F,16,0,0.0,0,0
wave2_12_w1_s2_cdaf,12,D+注意,0.4,1,2,1500,R_7b6b1008b48c1115,6,n,甲,17,17,0,0,6,F,sig_n,,F,16,0,0.0,0,0
wave2_12_w1_s2_cdaf,12,D+注意,0.4,1,2,1500,R_cb63a1ebfc31098d,21,n,乙,17,17,0,0,1,F,sig_n,,F,16,0,0.0,0,0
wave2_12_w1_s2_cdaf,12,D+注意,0.4,1,2,1739,R_7b6b1008b48c1115,6,n,甲,17,17,0,0,6,F,sig_n,,F,16,0,0.0,0,0
wave2_12_w1_s2_cdaf,12,D+注意,0.4,1,2,1739,R_cb63a1ebfc31098d,21,n,乙,17,17,0,0,1,F,sig_n,,F,16,0,0.0,0,0
wave2_13_w1_s2_cdaf,13,D+注意,0.15,1,2,500,R_2327f056ad0db4ad,2,n,甲,16,16,0,0,1,F,sig_n,,F,15,0,0.0,0,0
wave2_13_w1_s2_cdaf,13,D+注意,0.15,1,2,500,R_6e911c42fd2a3700,3,n,乙,16,16,0,0,15,F,sig_n,,F,15,0,0.0,0,0
wave2_13_w1_s2_cdaf,13,D+注意,0.15,1,2,500,R_73ab4e443ddc8dee,42,e,乙,17,17,0,0,6,F,sig_e,,F,16,0,0.0,0,0
wave2_13_w1_s2_cdaf,13,D+注意,0.15,1,2,500,R_7b6b1008b48c1115,6,n,甲,17,17,0,0,6,F,sig_n,,F,16,0,0.0,0,0
wave2_13_w1_s2_cdaf,13,D+注意,0.15,1,2,500,R_7c67e41822d94b32,17,n,乙,16,16,0,0,3,F,sig_n,,F,15,0,0.0,0,0
wave2_13_w1_s2_cdaf,13,D+注意,0.15,1,2,500,R_cb63a1ebfc31098d,21,n,乙,17,17,0,0,1,F,sig_n,,F,16,0,0.0,0,0
wave2_13_w1_s2_cdaf,13,D+注意,0.15,1,2,500,R_cfceeb53f8b79c77,143,e,甲,17,17,0,0,11,F,sig_e,,F,16,0,0.0,0,0
wave2_13_w1_s2_cdaf,13,D+注意,0.15,1,2,1000,R_2327f056ad0db4ad,2,n,甲,16,16,0,0,1,F,sig_n,,F,15,0,0.0,0,0
wave2_13_w1_s2_cdaf,13,D+注意,0.15,1,2,1000,R_6e911c42fd2a3700,3,n,乙,16,16,0,0,15,F,sig_n,,F,15,0,0.0,0,0
wave2_13_w1_s2_cdaf,13,D+注意,0.15,1,2,1000,R_73ab4e443ddc8dee,42,e,乙,17,17,0,0,6,F,sig_e,,F,16,0,0.0,0,0
wave2_13_w1_s2_cdaf,13,D+注意,0.15,1,2,1000,R_7b6b1008b48c1115,6,n,甲,17,17,0,0,6,F,sig_n,,F,16,0,0.0,0,0
wave2_13_w1_s2_cdaf,13,D+注意,0.15,1,2,1000,R_7c67e41822d94b32,17,n,乙,16,16,0,0,3,F,sig_n,,F,15,0,0.0,0,0
wave2_13_w1_s2_cdaf,13,D+注意,0.15,1,2,1000,R_cb63a1ebfc31098d,21,n,乙,17,17,0,0,1,F,sig_n,,F,16,0,0.0,0,0
wave2_13_w1_s2_cdaf,13,D+注意,0.15,1,2,1000,R_cfceeb53f8b79c77,143,e,甲,17,17,0,0,11,F,sig_e,,F,16,0,0.0,0,0
wave2_13_w1_s2_cdaf,13,D+注意,0.15,1,2,1500,R_2327f056ad0db4ad,2,n,甲,16,16,0,0,1,F,sig_n,,F,15,0,0.0,0,0
wave2_13_w1_s2_cdaf,13,D+注意,0.15,1,2,1500,R_6e911c42fd2a3700,3,n,乙,16,16,0,0,15,F,sig_n,,F,15,0,0.0,0,0
wave2_13_w1_s2_cdaf,13,D+注意,0.15,1,2,1500,R_73ab4e443ddc8dee,42,e,乙,17,17,0,0,6,F,sig_e,,F,16,0,0.0,0,0
wave2_13_w1_s2_cdaf,13,D+注意,0.15,1,2,1500,R_7b6b1008b48c1115,6,n,甲,17,17,0,0,6,F,sig_n,,F,16,0,0.0,0,0
wave2_13_w1_s2_cdaf,13,D+注意,0.15,1,2,1500,R_7c67e41822d94b32,17,n,乙,16,16,0,0,3,F,sig_n,,F,15,0,0.0,0,0
wave2_13_w1_s2_cdaf,13,D+注意,0.15,1,2,1500,R_cb63a1ebfc31098d,21,n,乙,17,17,0,0,1,F,sig_n,,F,16,0,0.0,0,0
wave2_13_w1_s2_cdaf,13,D+注意,0.15,1,2,1500,R_cfceeb53f8b79c77,143,e,甲,17,17,0,0,11,F,sig_e,,F,16,0,0.0,0,0
wave2_13_w1_s2_cdaf,13,D+注意,0.15,1,2,1739,R_2327f056ad0db4ad,2,n,甲,16,16,0,0,1,F,sig_n,,F,15,0,0.0,0,0
wave2_13_w1_s2_cdaf,13,D+注意,0.15,1,2,1739,R_6e911c42fd2a3700,3,n,乙,16,16,0,0,15,F,sig_n,,F,15,0,0.0,0,0
wave2_13_w1_s2_cdaf,13,D+注意,0.15,1,2,1739,R_73ab4e443ddc8dee,42,e,乙,17,17,0,0,6,F,sig_e,,F,16,0,0.0,0,0
wave2_13_w1_s2_cdaf,13,D+注意,0.15,1,2,1739,R_7b6b1008b48c1115,6,n,甲,17,17,0,0,6,F,sig_n,,F,16,0,0.0,0,0
wave2_13_w1_s2_cdaf,13,D+注意,0.15,1,2,1739,R_7c67e41822d94b32,17,n,乙,16,16,0,0,3,F,sig_n,,F,15,0,0.0,0,0
wave2_13_w1_s2_cdaf,13,D+注意,0.15,1,2,1739,R_cb63a1ebfc31098d,21,n,乙,17,17,0,0,1,F,sig_n,,F,16,0,0.0,0,0
wave2_13_w1_s2_cdaf,13,D+注意,0.15,1,2,1739,R_cfceeb53f8b79c77,143,e,甲,17,17,0,0,11,F,sig_e,,F,16,0,0.0,0,0
wave2_10_w1_s3_cdaf,10,D,0.4,1,3,500,R_73ab4e443ddc8dee,5,e,乙,17,15,0,2,0,U,,,U,16,1,0.0625,0,0
wave2_10_w1_s3_cdaf,10,D,0.4,1,3,500,R_7b6b1008b48c1115,2,n,甲,17,17,0,0,1,F,sig_n,,F,16,0,0.0,0,0
wave2_10_w1_s3_cdaf,10,D,0.4,1,3,500,R_cb63a1ebfc31098d,41,n,乙,17,17,0,0,13,F,sig_n,,F,16,0,0.0,0,0
wave2_10_w1_s3_cdaf,10,D,0.4,1,3,1000,R_73ab4e443ddc8dee,5,e,乙,17,15,0,2,0,U,,,U,16,1,0.0625,0,0
wave2_10_w1_s3_cdaf,10,D,0.4,1,3,1000,R_73ab4e443ddc8dee_t733,733,e,乙,17,17,0,0,14,F,sig_e,,F,16,0,0.0,0,0
wave2_10_w1_s3_cdaf,10,D,0.4,1,3,1000,R_7b6b1008b48c1115,2,n,甲,17,17,0,0,1,F,sig_n,,F,16,0,0.0,0,0
wave2_10_w1_s3_cdaf,10,D,0.4,1,3,1000,R_cb63a1ebfc31098d,41,n,乙,17,17,0,0,13,F,sig_n,,F,16,0,0.0,0,0
wave2_10_w1_s3_cdaf,10,D,0.4,1,3,1500,R_73ab4e443ddc8dee,5,e,乙,17,15,0,2,0,U,,,U,16,1,0.0625,0,0
wave2_10_w1_s3_cdaf,10,D,0.4,1,3,1500,R_73ab4e443ddc8dee_t733,733,e,乙,17,17,0,0,14,F,sig_e,,F,16,0,0.0,0,0
wave2_10_w1_s3_cdaf,10,D,0.4,1,3,1500,R_7b6b1008b48c1115,2,n,甲,17,17,0,0,1,F,sig_n,,F,16,0,0.0,0,0
wave2_10_w1_s3_cdaf,10,D,0.4,1,3,1500,R_cb63a1ebfc31098d,41,n,乙,17,17,0,0,13,F,sig_n,,F,16,0,0.0,0,0
wave2_10_w1_s3_cdaf,10,D,0.4,1,3,1739,R_73ab4e443ddc8dee,5,e,乙,17,15,0,2,0,U,,,U,16,1,0.0625,0,0
wave2_10_w1_s3_cdaf,10,D,0.4,1,3,1739,R_73ab4e443ddc8dee_t733,733,e,乙,17,17,0,0,14,F,sig_e,,F,16,0,0.0,0,0
wave2_10_w1_s3_cdaf,10,D,0.4,1,3,1739,R_7b6b1008b48c1115,2,n,甲,17,17,0,0,1,F,sig_n,,F,16,0,0.0,0,0
wave2_10_w1_s3_cdaf,10,D,0.4,1,3,1739,R_cb63a1ebfc31098d,41,n,乙,17,17,0,0,13,F,sig_n,,F,16,0,0.0,0,0
wave2_11_w1_s3_cdaf,11,D,0.15,1,3,500,R_73ab4e443ddc8dee,5,e,乙,17,17,0,0,0,F,sig_e,,F,16,0,0.0,0,0
wave2_11_w1_s3_cdaf,11,D,0.15,1,3,500,R_7b6b1008b48c1115,2,n,甲,17,17,0,0,1,F,sig_n,,F,16,0,0.0,0,0
wave2_11_w1_s3_cdaf,11,D,0.15,1,3,500,R_ad9c6c2c137d6a9d,7,n,乙,16,16,0,0,13,F,sig_n,,F,15,0,0.0,0,0
wave2_11_w1_s3_cdaf,11,D,0.15,1,3,500,R_cb63a1ebfc31098d,12,n,乙,17,17,0,0,3,F,sig_n,,F,16,0,0.0,0,0
wave2_11_w1_s3_cdaf,11,D,0.15,1,3,500,R_cfceeb53f8b79c77,117,e,甲,17,17,0,0,10,F,sig_e,,F,16,0,0.0,0,0
wave2_11_w1_s3_cdaf,11,D,0.15,1,3,1000,R_73ab4e443ddc8dee,5,e,乙,17,17,0,0,0,F,sig_e,,F,16,0,0.0,0,0
wave2_11_w1_s3_cdaf,11,D,0.15,1,3,1000,R_7b6b1008b48c1115,2,n,甲,17,17,0,0,1,F,sig_n,,F,16,0,0.0,0,0
wave2_11_w1_s3_cdaf,11,D,0.15,1,3,1000,R_ad9c6c2c137d6a9d,7,n,乙,16,16,0,0,13,F,sig_n,,F,15,0,0.0,0,0
wave2_11_w1_s3_cdaf,11,D,0.15,1,3,1000,R_cb63a1ebfc31098d,12,n,乙,17,17,0,0,3,F,sig_n,,F,16,0,0.0,0,0
wave2_11_w1_s3_cdaf,11,D,0.15,1,3,1000,R_cfceeb53f8b79c77,117,e,甲,17,17,0,0,10,F,sig_e,,F,16,0,0.0,0,0
wave2_11_w1_s3_cdaf,11,D,0.15,1,3,1500,R_73ab4e443ddc8dee,5,e,乙,17,17,0,0,0,F,sig_e,,F,16,0,0.0,0,0
wave2_11_w1_s3_cdaf,11,D,0.15,1,3,1500,R_7b6b1008b48c1115,2,n,甲,17,17,0,0,1,F,sig_n,,F,16,0,0.0,0,0
wave2_11_w1_s3_cdaf,11,D,0.15,1,3,1500,R_ad9c6c2c137d6a9d,7,n,乙,16,16,0,0,13,F,sig_n,,F,15,0,0.0,0,0
wave2_11_w1_s3_cdaf,11,D,0.15,1,3,1500,R_cb63a1ebfc31098d,12,n,乙,17,17,0,0,3,F,sig_n,,F,16,0,0.0,0,0
wave2_11_w1_s3_cdaf,11,D,0.15,1,3,1500,R_cfceeb53f8b79c77,117,e,甲,17,17,0,0,10,F,sig_e,,F,16,0,0.0,0,0
wave2_11_w1_s3_cdaf,11,D,0.15,1,3,1739,R_73ab4e443ddc8dee,5,e,乙,17,17,0,0,0,F,sig_e,,F,16,0,0.0,0,0
wave2_11_w1_s3_cdaf,11,D,0.15,1,3,1739,R_7b6b1008b48c1115,2,n,甲,17,17,0,0,1,F,sig_n,,F,16,0,0.0,0,0
wave2_11_w1_s3_cdaf,11,D,0.15,1,3,1739,R_ad9c6c2c137d6a9d,7,n,乙,16,16,0,0,13,F,sig_n,,F,15,0,0.0,0,0
wave2_11_w1_s3_cdaf,11,D,0.15,1,3,1739,R_cb63a1ebfc31098d,12,n,乙,17,17,0,0,3,F,sig_n,,F,16,0,0.0,0,0
wave2_11_w1_s3_cdaf,11,D,0.15,1,3,1739,R_cfceeb53f8b79c77,117,e,甲,17,17,0,0,10,F,sig_e,,F,16,0,0.0,0,0
wave2_12_w1_s3_cdaf,12,D+注意,0.4,1,3,500,R_73ab4e443ddc8dee,5,e,乙,17,15,0,2,0,U,,,U,16,1,0.0625,0,0
wave2_12_w1_s3_cdaf,12,D+注意,0.4,1,3,500,R_7b6b1008b48c1115,2,n,甲,17,17,0,0,1,F,sig_n,,F,16,0,0.0,0,0
wave2_12_w1_s3_cdaf,12,D+注意,0.4,1,3,500,R_cb63a1ebfc31098d,41,n,乙,17,17,0,0,13,F,sig_n,,F,16,0,0.0,0,0
wave2_12_w1_s3_cdaf,12,D+注意,0.4,1,3,1000,R_73ab4e443ddc8dee,5,e,乙,17,15,0,2,0,U,,,U,16,1,0.0625,0,0
wave2_12_w1_s3_cdaf,12,D+注意,0.4,1,3,1000,R_73ab4e443ddc8dee_t733,733,e,乙,17,17,0,0,14,F,sig_e,,F,16,0,0.0,0,0
wave2_12_w1_s3_cdaf,12,D+注意,0.4,1,3,1000,R_7b6b1008b48c1115,2,n,甲,17,17,0,0,1,F,sig_n,,F,16,0,0.0,0,0
wave2_12_w1_s3_cdaf,12,D+注意,0.4,1,3,1000,R_cb63a1ebfc31098d,41,n,乙,17,17,0,0,13,F,sig_n,,F,16,0,0.0,0,0
wave2_12_w1_s3_cdaf,12,D+注意,0.4,1,3,1500,R_73ab4e443ddc8dee,5,e,乙,17,15,0,2,0,U,,,U,16,1,0.0625,0,0
wave2_12_w1_s3_cdaf,12,D+注意,0.4,1,3,1500,R_73ab4e443ddc8dee_t733,733,e,乙,17,17,0,0,14,F,sig_e,,F,16,0,0.0,0,0
wave2_12_w1_s3_cdaf,12,D+注意,0.4,1,3,1500,R_7b6b1008b48c1115,2,n,甲,17,17,0,0,1,F,sig_n,,F,16,0,0.0,0,0
wave2_12_w1_s3_cdaf,12,D+注意,0.4,1,3,1500,R_cb63a1ebfc31098d,41,n,乙,17,17,0,0,13,F,sig_n,,F,16,0,0.0,0,0
wave2_12_w1_s3_cdaf,12,D+注意,0.4,1,3,1739,R_73ab4e443ddc8dee,5,e,乙,17,15,0,2,0,U,,,U,16,1,0.0625,0,0
wave2_12_w1_s3_cdaf,12,D+注意,0.4,1,3,1739,R_73ab4e443ddc8dee_t733,733,e,乙,17,17,0,0,14,F,sig_e,,F,16,0,0.0,0,0
wave2_12_w1_s3_cdaf,12,D+注意,0.4,1,3,1739,R_7b6b1008b48c1115,2,n,甲,17,17,0,0,1,F,sig_n,,F,16,0,0.0,0,0
wave2_12_w1_s3_cdaf,12,D+注意,0.4,1,3,1739,R_cb63a1ebfc31098d,41,n,乙,17,17,0,0,13,F,sig_n,,F,16,0,0.0,0,0
wave2_13_w1_s3_cdaf,13,D+注意,0.15,1,3,500,R_73ab4e443ddc8dee,5,e,乙,17,17,0,0,0,F,sig_e,,F,16,0,0.0,0,0
wave2_13_w1_s3_cdaf,13,D+注意,0.15,1,3,500,R_7b6b1008b48c1115,2,n,甲,17,17,0,0,1,F,sig_n,,F,16,0,0.0,0,0
wave2_13_w1_s3_cdaf,13,D+注意,0.15,1,3,500,R_ad9c6c2c137d6a9d,7,n,乙,16,16,0,0,13,F,sig_n,,F,15,0,0.0,0,0
wave2_13_w1_s3_cdaf,13,D+注意,0.15,1,3,500,R_cb63a1ebfc31098d,12,n,乙,17,17,0,0,3,F,sig_n,,F,16,0,0.0,0,0
wave2_13_w1_s3_cdaf,13,D+注意,0.15,1,3,500,R_cfceeb53f8b79c77,117,e,甲,17,17,0,0,10,F,sig_e,,F,16,0,0.0,0,0
wave2_13_w1_s3_cdaf,13,D+注意,0.15,1,3,1000,R_73ab4e443ddc8dee,5,e,乙,17,17,0,0,0,F,sig_e,,F,16,0,0.0,0,0
wave2_13_w1_s3_cdaf,13,D+注意,0.15,1,3,1000,R_7b6b1008b48c1115,2,n,甲,17,17,0,0,1,F,sig_n,,F,16,0,0.0,0,0
wave2_13_w1_s3_cdaf,13,D+注意,0.15,1,3,1000,R_ad9c6c2c137d6a9d,7,n,乙,16,16,0,0,13,F,sig_n,,F,15,0,0.0,0,0
wave2_13_w1_s3_cdaf,13,D+注意,0.15,1,3,1000,R_cb63a1ebfc31098d,12,n,乙,17,17,0,0,3,F,sig_n,,F,16,0,0.0,0,0
wave2_13_w1_s3_cdaf,13,D+注意,0.15,1,3,1000,R_cfceeb53f8b79c77,117,e,甲,17,17,0,0,10,F,sig_e,,F,16,0,0.0,0,0
wave2_13_w1_s3_cdaf,13,D+注意,0.15,1,3,1500,R_73ab4e443ddc8dee,5,e,乙,17,17,0,0,0,F,sig_e,,F,16,0,0.0,0,0
wave2_13_w1_s3_cdaf,13,D+注意,0.15,1,3,1500,R_7b6b1008b48c1115,2,n,甲,17,17,0,0,1,F,sig_n,,F,16,0,0.0,0,0
wave2_13_w1_s3_cdaf,13,D+注意,0.15,1,3,1500,R_ad9c6c2c137d6a9d,7,n,乙,16,16,0,0,13,F,sig_n,,F,15,0,0.0,0,0
wave2_13_w1_s3_cdaf,13,D+注意,0.15,1,3,1500,R_cb63a1ebfc31098d,12,n,乙,17,17,0,0,3,F,sig_n,,F,16,0,0.0,0,0
wave2_13_w1_s3_cdaf,13,D+注意,0.15,1,3,1500,R_cfceeb53f8b79c77,117,e,甲,17,17,0,0,10,F,sig_e,,F,16,0,0.0,0,0
wave2_13_w1_s3_cdaf,13,D+注意,0.15,1,3,1739,R_73ab4e443ddc8dee,5,e,乙,17,17,0,0,0,F,sig_e,,F,16,0,0.0,0,0
wave2_13_w1_s3_cdaf,13,D+注意,0.15,1,3,1739,R_7b6b1008b48c1115,2,n,甲,17,17,0,0,1,F,sig_n,,F,16,0,0.0,0,0
wave2_13_w1_s3_cdaf,13,D+注意,0.15,1,3,1739,R_ad9c6c2c137d6a9d,7,n,乙,16,16,0,0,13,F,sig_n,,F,15,0,0.0,0,0
wave2_13_w1_s3_cdaf,13,D+注意,0.15,1,3,1739,R_cb63a1ebfc31098d,12,n,乙,17,17,0,0,3,F,sig_n,,F,16,0,0.0,0,0
wave2_13_w1_s3_cdaf,13,D+注意,0.15,1,3,1739,R_cfceeb53f8b79c77,117,e,甲,17,17,0,0,10,F,sig_e,,F,16,0,0.0,0,0
wave2_10_w2_s1_cdaf,10,D,0.4,2,1,500,R_7b6b1008b48c1115,6,n,甲,17,17,0,0,6,F,sig_n,,F,16,0,0.0,0,0
wave2_10_w2_s1_cdaf,10,D,0.4,2,1,500,R_8b0d2a6b7293001d,209,e,甲,17,17,0,0,10,F,sig_e,,F,16,0,0.0,0,0
wave2_10_w2_s1_cdaf,10,D,0.4,2,1,500,R_cb63a1ebfc31098d,51,n,乙,17,17,0,0,14,F,sig_n,,F,16,0,0.0,0,0
wave2_10_w2_s1_cdaf,10,D,0.4,2,1,500,R_fe7b42b67bef503d,9,n,乙,12,8,0,4,9,U,,,link の席なし,11,3,0.2727,0,0
wave2_10_w2_s1_cdaf,10,D,0.4,2,1,1000,R_7b6b1008b48c1115,6,n,甲,17,17,0,0,6,F,sig_n,,F,16,0,0.0,0,0
wave2_10_w2_s1_cdaf,10,D,0.4,2,1,1000,R_8b0d2a6b7293001d,209,e,甲,17,17,0,0,10,F,sig_e,,F,16,0,0.0,0,0
wave2_10_w2_s1_cdaf,10,D,0.4,2,1,1000,R_cb63a1ebfc31098d,51,n,乙,17,17,0,0,14,F,sig_n,,F,16,0,0.0,0,0
wave2_10_w2_s1_cdaf,10,D,0.4,2,1,1000,R_fe7b42b67bef503d,9,n,乙,12,8,0,4,9,U,,,link の席なし,11,3,0.2727,0,0
wave2_10_w2_s1_cdaf,10,D,0.4,2,1,1500,R_7b6b1008b48c1115,6,n,甲,17,17,0,0,6,F,sig_n,,F,16,0,0.0,0,0
wave2_10_w2_s1_cdaf,10,D,0.4,2,1,1500,R_8b0d2a6b7293001d,209,e,甲,17,17,0,0,10,F,sig_e,,F,16,0,0.0,0,0
wave2_10_w2_s1_cdaf,10,D,0.4,2,1,1500,R_cb63a1ebfc31098d,51,n,乙,17,17,0,0,14,F,sig_n,,F,16,0,0.0,0,0
wave2_10_w2_s1_cdaf,10,D,0.4,2,1,1500,R_fe7b42b67bef503d,9,n,乙,12,8,0,4,9,U,,,link の席なし,11,3,0.2727,0,0
wave2_10_w2_s1_cdaf,10,D,0.4,2,1,1739,R_7b6b1008b48c1115,6,n,甲,17,17,0,0,6,F,sig_n,,F,16,0,0.0,0,0
wave2_10_w2_s1_cdaf,10,D,0.4,2,1,1739,R_8b0d2a6b7293001d,209,e,甲,17,17,0,0,10,F,sig_e,,F,16,0,0.0,0,0
wave2_10_w2_s1_cdaf,10,D,0.4,2,1,1739,R_cb63a1ebfc31098d,51,n,乙,17,17,0,0,14,F,sig_n,,F,16,0,0.0,0,0
wave2_10_w2_s1_cdaf,10,D,0.4,2,1,1739,R_fe7b42b67bef503d,9,n,乙,12,8,0,4,9,U,,,link の席なし,11,3,0.2727,0,0
wave2_11_w2_s1_cdaf,11,D,0.15,2,1,500,R_0e5d236bf5b42b15,20,e,乙,17,17,0,0,10,F,sig_e,,F,16,0,0.0,0,0
wave2_11_w2_s1_cdaf,11,D,0.15,2,1,500,R_5ccd1331eec89856,110,e,甲,16,16,0,0,5,F,sig_e,,F,15,0,0.0,0,0
wave2_11_w2_s1_cdaf,11,D,0.15,2,1,500,R_7b6b1008b48c1115,6,n,甲,17,17,0,0,6,F,sig_n,,F,16,0,0.0,0,0
wave2_11_w2_s1_cdaf,11,D,0.15,2,1,500,R_8b0d2a6b7293001d,209,e,甲,17,17,0,0,10,F,sig_e,,F,16,0,0.0,0,0
wave2_11_w2_s1_cdaf,11,D,0.15,2,1,500,R_9d6e4b5f291af53c,4,n,乙,16,16,0,0,7,F,sig_n,,F,15,0,0.0,0,0
wave2_11_w2_s1_cdaf,11,D,0.15,2,1,500,R_c819a8b386ed2d96,5,n,甲,16,16,0,0,6,F,sig_n,,F,15,0,0.0,0,0
wave2_11_w2_s1_cdaf,11,D,0.15,2,1,500,R_cb63a1ebfc31098d,19,n,乙,17,17,0,0,2,F,sig_n,,F,16,0,0.0,0,0
wave2_11_w2_s1_cdaf,11,D,0.15,2,1,1000,R_0e5d236bf5b42b15,20,e,乙,17,17,0,0,10,F,sig_e,,F,16,0,0.0,0,0
wave2_11_w2_s1_cdaf,11,D,0.15,2,1,1000,R_5ccd1331eec89856,110,e,甲,16,16,0,0,5,F,sig_e,,F,15,0,0.0,0,0
wave2_11_w2_s1_cdaf,11,D,0.15,2,1,1000,R_7b6b1008b48c1115,6,n,甲,17,17,0,0,6,F,sig_n,,F,16,0,0.0,0,0
wave2_11_w2_s1_cdaf,11,D,0.15,2,1,1000,R_8b0d2a6b7293001d,209,e,甲,17,17,0,0,10,F,sig_e,,F,16,0,0.0,0,0
wave2_11_w2_s1_cdaf,11,D,0.15,2,1,1000,R_9d6e4b5f291af53c,4,n,乙,16,16,0,0,7,F,sig_n,,F,15,0,0.0,0,0
wave2_11_w2_s1_cdaf,11,D,0.15,2,1,1000,R_c819a8b386ed2d96,5,n,甲,16,16,0,0,6,F,sig_n,,F,15,0,0.0,0,0
wave2_11_w2_s1_cdaf,11,D,0.15,2,1,1000,R_cb63a1ebfc31098d,19,n,乙,17,17,0,0,2,F,sig_n,,F,16,0,0.0,0,0
wave2_11_w2_s1_cdaf,11,D,0.15,2,1,1500,R_0e5d236bf5b42b15,20,e,乙,17,17,0,0,10,F,sig_e,,F,16,0,0.0,0,0
wave2_11_w2_s1_cdaf,11,D,0.15,2,1,1500,R_5ccd1331eec89856,110,e,甲,16,16,0,0,5,F,sig_e,,F,15,0,0.0,0,0
wave2_11_w2_s1_cdaf,11,D,0.15,2,1,1500,R_7b6b1008b48c1115,6,n,甲,17,17,0,0,6,F,sig_n,,F,16,0,0.0,0,0
wave2_11_w2_s1_cdaf,11,D,0.15,2,1,1500,R_8b0d2a6b7293001d,209,e,甲,17,17,0,0,10,F,sig_e,,F,16,0,0.0,0,0
wave2_11_w2_s1_cdaf,11,D,0.15,2,1,1500,R_9d6e4b5f291af53c,4,n,乙,16,16,0,0,7,F,sig_n,,F,15,0,0.0,0,0
wave2_11_w2_s1_cdaf,11,D,0.15,2,1,1500,R_c819a8b386ed2d96,5,n,甲,16,16,0,0,6,F,sig_n,,F,15,0,0.0,0,0
wave2_11_w2_s1_cdaf,11,D,0.15,2,1,1500,R_cb63a1ebfc31098d,19,n,乙,17,17,0,0,2,F,sig_n,,F,16,0,0.0,0,0
wave2_11_w2_s1_cdaf,11,D,0.15,2,1,1739,R_0e5d236bf5b42b15,20,e,乙,17,17,0,0,10,F,sig_e,,F,16,0,0.0,0,0
wave2_11_w2_s1_cdaf,11,D,0.15,2,1,1739,R_5ccd1331eec89856,110,e,甲,16,16,0,0,5,F,sig_e,,F,15,0,0.0,0,0
wave2_11_w2_s1_cdaf,11,D,0.15,2,1,1739,R_7b6b1008b48c1115,6,n,甲,17,17,0,0,6,F,sig_n,,F,16,0,0.0,0,0
wave2_11_w2_s1_cdaf,11,D,0.15,2,1,1739,R_8b0d2a6b7293001d,209,e,甲,17,17,0,0,10,F,sig_e,,F,16,0,0.0,0,0
wave2_11_w2_s1_cdaf,11,D,0.15,2,1,1739,R_9d6e4b5f291af53c,4,n,乙,16,16,0,0,7,F,sig_n,,F,15,0,0.0,0,0
wave2_11_w2_s1_cdaf,11,D,0.15,2,1,1739,R_c819a8b386ed2d96,5,n,甲,16,16,0,0,6,F,sig_n,,F,15,0,0.0,0,0
wave2_11_w2_s1_cdaf,11,D,0.15,2,1,1739,R_cb63a1ebfc31098d,19,n,乙,17,17,0,0,2,F,sig_n,,F,16,0,0.0,0,0
wave2_12_w2_s1_cdaf,12,D+注意,0.4,2,1,500,R_7b6b1008b48c1115,6,n,甲,17,17,0,0,6,F,sig_n,,F,16,0,0.0,0,0
wave2_12_w2_s1_cdaf,12,D+注意,0.4,2,1,500,R_8b0d2a6b7293001d,209,e,甲,17,17,0,0,10,F,sig_e,,F,16,0,0.0,0,0
wave2_12_w2_s1_cdaf,12,D+注意,0.4,2,1,500,R_cb63a1ebfc31098d,51,n,乙,17,17,0,0,14,F,sig_n,,F,16,0,0.0,0,0
wave2_12_w2_s1_cdaf,12,D+注意,0.4,2,1,500,R_fe7b42b67bef503d,9,n,乙,12,8,0,4,9,U,,,link の席なし,11,3,0.2727,0,0
wave2_12_w2_s1_cdaf,12,D+注意,0.4,2,1,1000,R_7b6b1008b48c1115,6,n,甲,17,17,0,0,6,F,sig_n,,F,16,0,0.0,0,0
wave2_12_w2_s1_cdaf,12,D+注意,0.4,2,1,1000,R_8b0d2a6b7293001d,209,e,甲,17,17,0,0,10,F,sig_e,,F,16,0,0.0,0,0
wave2_12_w2_s1_cdaf,12,D+注意,0.4,2,1,1000,R_cb63a1ebfc31098d,51,n,乙,17,17,0,0,14,F,sig_n,,F,16,0,0.0,0,0
wave2_12_w2_s1_cdaf,12,D+注意,0.4,2,1,1000,R_fe7b42b67bef503d,9,n,乙,12,8,0,4,9,U,,,link の席なし,11,3,0.2727,0,0
wave2_12_w2_s1_cdaf,12,D+注意,0.4,2,1,1500,R_7b6b1008b48c1115,6,n,甲,17,17,0,0,6,F,sig_n,,F,16,0,0.0,0,0
wave2_12_w2_s1_cdaf,12,D+注意,0.4,2,1,1500,R_8b0d2a6b7293001d,209,e,甲,17,17,0,0,10,F,sig_e,,F,16,0,0.0,0,0
wave2_12_w2_s1_cdaf,12,D+注意,0.4,2,1,1500,R_cb63a1ebfc31098d,51,n,乙,17,17,0,0,14,F,sig_n,,F,16,0,0.0,0,0
wave2_12_w2_s1_cdaf,12,D+注意,0.4,2,1,1500,R_fe7b42b67bef503d,9,n,乙,12,8,0,4,9,U,,,link の席なし,11,3,0.2727,0,0
wave2_12_w2_s1_cdaf,12,D+注意,0.4,2,1,1739,R_7b6b1008b48c1115,6,n,甲,17,17,0,0,6,F,sig_n,,F,16,0,0.0,0,0
wave2_12_w2_s1_cdaf,12,D+注意,0.4,2,1,1739,R_8b0d2a6b7293001d,209,e,甲,17,17,0,0,10,F,sig_e,,F,16,0,0.0,0,0
wave2_12_w2_s1_cdaf,12,D+注意,0.4,2,1,1739,R_cb63a1ebfc31098d,51,n,乙,17,17,0,0,14,F,sig_n,,F,16,0,0.0,0,0
wave2_12_w2_s1_cdaf,12,D+注意,0.4,2,1,1739,R_fe7b42b67bef503d,9,n,乙,12,8,0,4,9,U,,,link の席なし,11,3,0.2727,0,0
wave2_13_w2_s1_cdaf,13,D+注意,0.15,2,1,500,R_0e5d236bf5b42b15,20,e,乙,17,17,0,0,10,F,sig_e,,F,16,0,0.0,0,0
wave2_13_w2_s1_cdaf,13,D+注意,0.15,2,1,500,R_5ccd1331eec89856,110,e,甲,16,16,0,0,5,F,sig_e,,F,15,0,0.0,0,0
wave2_13_w2_s1_cdaf,13,D+注意,0.15,2,1,500,R_7b6b1008b48c1115,6,n,甲,17,17,0,0,6,F,sig_n,,F,16,0,0.0,0,0
wave2_13_w2_s1_cdaf,13,D+注意,0.15,2,1,500,R_8b0d2a6b7293001d,209,e,甲,17,17,0,0,10,F,sig_e,,F,16,0,0.0,0,0
wave2_13_w2_s1_cdaf,13,D+注意,0.15,2,1,500,R_9d6e4b5f291af53c,4,n,乙,16,16,0,0,7,F,sig_n,,F,15,0,0.0,0,0
wave2_13_w2_s1_cdaf,13,D+注意,0.15,2,1,500,R_c819a8b386ed2d96,5,n,甲,16,16,0,0,6,F,sig_n,,F,15,0,0.0,0,0
wave2_13_w2_s1_cdaf,13,D+注意,0.15,2,1,500,R_cb63a1ebfc31098d,19,n,乙,17,17,0,0,2,F,sig_n,,F,16,0,0.0,0,0
wave2_13_w2_s1_cdaf,13,D+注意,0.15,2,1,1000,R_0e5d236bf5b42b15,20,e,乙,17,17,0,0,10,F,sig_e,,F,16,0,0.0,0,0
wave2_13_w2_s1_cdaf,13,D+注意,0.15,2,1,1000,R_5ccd1331eec89856,110,e,甲,16,16,0,0,5,F,sig_e,,F,15,0,0.0,0,0
wave2_13_w2_s1_cdaf,13,D+注意,0.15,2,1,1000,R_7b6b1008b48c1115,6,n,甲,17,17,0,0,6,F,sig_n,,F,16,0,0.0,0,0
wave2_13_w2_s1_cdaf,13,D+注意,0.15,2,1,1000,R_8b0d2a6b7293001d,209,e,甲,17,17,0,0,10,F,sig_e,,F,16,0,0.0,0,0
wave2_13_w2_s1_cdaf,13,D+注意,0.15,2,1,1000,R_9d6e4b5f291af53c,4,n,乙,16,16,0,0,7,F,sig_n,,F,15,0,0.0,0,0
wave2_13_w2_s1_cdaf,13,D+注意,0.15,2,1,1000,R_c819a8b386ed2d96,5,n,甲,16,16,0,0,6,F,sig_n,,F,15,0,0.0,0,0
wave2_13_w2_s1_cdaf,13,D+注意,0.15,2,1,1000,R_cb63a1ebfc31098d,19,n,乙,17,17,0,0,2,F,sig_n,,F,16,0,0.0,0,0
wave2_13_w2_s1_cdaf,13,D+注意,0.15,2,1,1500,R_0e5d236bf5b42b15,20,e,乙,17,17,0,0,10,F,sig_e,,F,16,0,0.0,0,0
wave2_13_w2_s1_cdaf,13,D+注意,0.15,2,1,1500,R_5ccd1331eec89856,110,e,甲,16,16,0,0,5,F,sig_e,,F,15,0,0.0,0,0
wave2_13_w2_s1_cdaf,13,D+注意,0.15,2,1,1500,R_7b6b1008b48c1115,6,n,甲,17,17,0,0,6,F,sig_n,,F,16,0,0.0,0,0
wave2_13_w2_s1_cdaf,13,D+注意,0.15,2,1,1500,R_8b0d2a6b7293001d,209,e,甲,17,17,0,0,10,F,sig_e,,F,16,0,0.0,0,0
wave2_13_w2_s1_cdaf,13,D+注意,0.15,2,1,1500,R_9d6e4b5f291af53c,4,n,乙,16,16,0,0,7,F,sig_n,,F,15,0,0.0,0,0
wave2_13_w2_s1_cdaf,13,D+注意,0.15,2,1,1500,R_c819a8b386ed2d96,5,n,甲,16,16,0,0,6,F,sig_n,,F,15,0,0.0,0,0
wave2_13_w2_s1_cdaf,13,D+注意,0.15,2,1,1500,R_cb63a1ebfc31098d,19,n,乙,17,17,0,0,2,F,sig_n,,F,16,0,0.0,0,0
wave2_13_w2_s1_cdaf,13,D+注意,0.15,2,1,1739,R_0e5d236bf5b42b15,20,e,乙,17,17,0,0,10,F,sig_e,,F,16,0,0.0,0,0
wave2_13_w2_s1_cdaf,13,D+注意,0.15,2,1,1739,R_5ccd1331eec89856,110,e,甲,16,16,0,0,5,F,sig_e,,F,15,0,0.0,0,0
wave2_13_w2_s1_cdaf,13,D+注意,0.15,2,1,1739,R_7b6b1008b48c1115,6,n,甲,17,17,0,0,6,F,sig_n,,F,16,0,0.0,0,0
wave2_13_w2_s1_cdaf,13,D+注意,0.15,2,1,1739,R_8b0d2a6b7293001d,209,e,甲,17,17,0,0,10,F,sig_e,,F,16,0,0.0,0,0
wave2_13_w2_s1_cdaf,13,D+注意,0.15,2,1,1739,R_9d6e4b5f291af53c,4,n,乙,16,16,0,0,7,F,sig_n,,F,15,0,0.0,0,0
wave2_13_w2_s1_cdaf,13,D+注意,0.15,2,1,1739,R_c819a8b386ed2d96,5,n,甲,16,16,0,0,6,F,sig_n,,F,15,0,0.0,0,0
wave2_13_w2_s1_cdaf,13,D+注意,0.15,2,1,1739,R_cb63a1ebfc31098d,19,n,乙,17,17,0,0,2,F,sig_n,,F,16,0,0.0,0,0
wave2_10_w2_s2_cdaf,10,D,0.4,2,2,500,R_6e911c42fd2a3700,3,n,乙,16,9,0,7,15,U,,,U,15,6,0.4,0,0
wave2_10_w2_s2_cdaf,10,D,0.4,2,2,500,R_7b6b1008b48c1115,6,n,甲,17,17,0,0,6,F,sig_n,,F,16,0,0.0,0,0
wave2_10_w2_s2_cdaf,10,D,0.4,2,2,500,R_cb63a1ebfc31098d,21,n,乙,17,17,0,0,1,F,sig_n,,F,16,0,0.0,0,0
wave2_10_w2_s2_cdaf,10,D,0.4,2,2,1000,R_6e911c42fd2a3700,3,n,乙,16,9,0,7,15,U,,,U,15,6,0.4,0,0
wave2_10_w2_s2_cdaf,10,D,0.4,2,2,1000,R_7b6b1008b48c1115,6,n,甲,17,17,0,0,6,F,sig_n,,F,16,0,0.0,0,0
wave2_10_w2_s2_cdaf,10,D,0.4,2,2,1000,R_cb63a1ebfc31098d,21,n,乙,17,17,0,0,1,F,sig_n,,F,16,0,0.0,0,0
wave2_10_w2_s2_cdaf,10,D,0.4,2,2,1500,R_6e911c42fd2a3700,3,n,乙,16,9,6,1,15,H,,"{""sig_e"": 1}",U,15,1,0.0667,0,0
wave2_10_w2_s2_cdaf,10,D,0.4,2,2,1500,R_7b6b1008b48c1115,6,n,甲,17,17,0,0,6,F,sig_n,,F,16,0,0.0,0,0
wave2_10_w2_s2_cdaf,10,D,0.4,2,2,1500,R_cb63a1ebfc31098d,21,n,乙,17,17,0,0,1,F,sig_n,,F,16,0,0.0,0,0
wave2_10_w2_s2_cdaf,10,D,0.4,2,2,1739,R_6e911c42fd2a3700,3,n,乙,16,9,0,7,15,U,,,U,15,6,0.4,0,0
wave2_10_w2_s2_cdaf,10,D,0.4,2,2,1739,R_7b6b1008b48c1115,6,n,甲,17,17,0,0,6,F,sig_n,,F,16,0,0.0,0,0
wave2_10_w2_s2_cdaf,10,D,0.4,2,2,1739,R_cb63a1ebfc31098d,21,n,乙,17,17,0,0,1,F,sig_n,,F,16,0,0.0,0,0
wave2_11_w2_s2_cdaf,11,D,0.15,2,2,500,R_0e5d236bf5b42b15,42,e,乙,17,17,0,0,6,F,sig_e,,F,16,0,0.0,0,0
wave2_11_w2_s2_cdaf,11,D,0.15,2,2,500,R_2327f056ad0db4ad,2,n,甲,16,16,0,0,1,F,sig_n,,F,15,0,0.0,0,0
wave2_11_w2_s2_cdaf,11,D,0.15,2,2,500,R_6e911c42fd2a3700,3,n,乙,16,16,0,0,15,F,sig_n,,F,15,0,0.0,0,0
wave2_11_w2_s2_cdaf,11,D,0.15,2,2,500,R_7b6b1008b48c1115,6,n,甲,17,17,0,0,6,F,sig_n,,F,16,0,0.0,0,0
wave2_11_w2_s2_cdaf,11,D,0.15,2,2,500,R_7c67e41822d94b32,17,n,乙,16,16,0,0,3,F,sig_n,,F,15,0,0.0,0,0
wave2_11_w2_s2_cdaf,11,D,0.15,2,2,500,R_8b0d2a6b7293001d,143,e,甲,17,17,0,0,11,F,sig_e,,F,16,0,0.0,0,0
wave2_11_w2_s2_cdaf,11,D,0.15,2,2,500,R_cb63a1ebfc31098d,21,n,乙,17,17,0,0,1,F,sig_n,,F,16,0,0.0,0,0
wave2_11_w2_s2_cdaf,11,D,0.15,2,2,1000,R_0e5d236bf5b42b15,42,e,乙,17,17,0,0,6,F,sig_e,,F,16,0,0.0,0,0
wave2_11_w2_s2_cdaf,11,D,0.15,2,2,1000,R_2327f056ad0db4ad,2,n,甲,16,16,0,0,1,F,sig_n,,F,15,0,0.0,0,0
wave2_11_w2_s2_cdaf,11,D,0.15,2,2,1000,R_6e911c42fd2a3700,3,n,乙,16,16,0,0,15,F,sig_n,,F,15,0,0.0,0,0
wave2_11_w2_s2_cdaf,11,D,0.15,2,2,1000,R_7b6b1008b48c1115,6,n,甲,17,17,0,0,6,F,sig_n,,F,16,0,0.0,0,0
wave2_11_w2_s2_cdaf,11,D,0.15,2,2,1000,R_7c67e41822d94b32,17,n,乙,16,16,0,0,3,F,sig_n,,F,15,0,0.0,0,0
wave2_11_w2_s2_cdaf,11,D,0.15,2,2,1000,R_8b0d2a6b7293001d,143,e,甲,17,17,0,0,11,F,sig_e,,F,16,0,0.0,0,0
wave2_11_w2_s2_cdaf,11,D,0.15,2,2,1000,R_cb63a1ebfc31098d,21,n,乙,17,17,0,0,1,F,sig_n,,F,16,0,0.0,0,0
wave2_11_w2_s2_cdaf,11,D,0.15,2,2,1500,R_0e5d236bf5b42b15,42,e,乙,17,17,0,0,6,F,sig_e,,F,16,0,0.0,0,0
wave2_11_w2_s2_cdaf,11,D,0.15,2,2,1500,R_2327f056ad0db4ad,2,n,甲,16,16,0,0,1,F,sig_n,,F,15,0,0.0,0,0
wave2_11_w2_s2_cdaf,11,D,0.15,2,2,1500,R_6e911c42fd2a3700,3,n,乙,16,16,0,0,15,F,sig_n,,F,15,0,0.0,0,0
wave2_11_w2_s2_cdaf,11,D,0.15,2,2,1500,R_7b6b1008b48c1115,6,n,甲,17,17,0,0,6,F,sig_n,,F,16,0,0.0,0,0
wave2_11_w2_s2_cdaf,11,D,0.15,2,2,1500,R_7c67e41822d94b32,17,n,乙,16,16,0,0,3,F,sig_n,,F,15,0,0.0,0,0
wave2_11_w2_s2_cdaf,11,D,0.15,2,2,1500,R_8b0d2a6b7293001d,143,e,甲,17,17,0,0,11,F,sig_e,,F,16,0,0.0,0,0
wave2_11_w2_s2_cdaf,11,D,0.15,2,2,1500,R_cb63a1ebfc31098d,21,n,乙,17,17,0,0,1,F,sig_n,,F,16,0,0.0,0,0
wave2_11_w2_s2_cdaf,11,D,0.15,2,2,1739,R_0e5d236bf5b42b15,42,e,乙,17,17,0,0,6,F,sig_e,,F,16,0,0.0,0,0
wave2_11_w2_s2_cdaf,11,D,0.15,2,2,1739,R_2327f056ad0db4ad,2,n,甲,16,16,0,0,1,F,sig_n,,F,15,0,0.0,0,0
wave2_11_w2_s2_cdaf,11,D,0.15,2,2,1739,R_6e911c42fd2a3700,3,n,乙,16,16,0,0,15,F,sig_n,,F,15,0,0.0,0,0
wave2_11_w2_s2_cdaf,11,D,0.15,2,2,1739,R_7b6b1008b48c1115,6,n,甲,17,17,0,0,6,F,sig_n,,F,16,0,0.0,0,0
wave2_11_w2_s2_cdaf,11,D,0.15,2,2,1739,R_7c67e41822d94b32,17,n,乙,16,16,0,0,3,F,sig_n,,F,15,0,0.0,0,0
wave2_11_w2_s2_cdaf,11,D,0.15,2,2,1739,R_8b0d2a6b7293001d,143,e,甲,17,17,0,0,11,F,sig_e,,F,16,0,0.0,0,0
wave2_11_w2_s2_cdaf,11,D,0.15,2,2,1739,R_cb63a1ebfc31098d,21,n,乙,17,17,0,0,1,F,sig_n,,F,16,0,0.0,0,0
wave2_12_w2_s2_cdaf,12,D+注意,0.4,2,2,500,R_6e911c42fd2a3700,3,n,乙,16,9,0,7,15,U,,,U,15,6,0.4,0,0
wave2_12_w2_s2_cdaf,12,D+注意,0.4,2,2,500,R_7b6b1008b48c1115,6,n,甲,17,17,0,0,6,F,sig_n,,F,16,0,0.0,0,0
wave2_12_w2_s2_cdaf,12,D+注意,0.4,2,2,500,R_cb63a1ebfc31098d,21,n,乙,17,17,0,0,1,F,sig_n,,F,16,0,0.0,0,0
wave2_12_w2_s2_cdaf,12,D+注意,0.4,2,2,1000,R_6e911c42fd2a3700,3,n,乙,16,9,0,7,15,U,,,U,15,6,0.4,0,0
wave2_12_w2_s2_cdaf,12,D+注意,0.4,2,2,1000,R_7b6b1008b48c1115,6,n,甲,17,17,0,0,6,F,sig_n,,F,16,0,0.0,0,0
wave2_12_w2_s2_cdaf,12,D+注意,0.4,2,2,1000,R_cb63a1ebfc31098d,21,n,乙,17,17,0,0,1,F,sig_n,,F,16,0,0.0,0,0
wave2_12_w2_s2_cdaf,12,D+注意,0.4,2,2,1500,R_6e911c42fd2a3700,3,n,乙,16,9,6,1,15,H,,"{""sig_e"": 1}",U,15,1,0.0667,0,0
wave2_12_w2_s2_cdaf,12,D+注意,0.4,2,2,1500,R_7b6b1008b48c1115,6,n,甲,17,17,0,0,6,F,sig_n,,F,16,0,0.0,0,0
wave2_12_w2_s2_cdaf,12,D+注意,0.4,2,2,1500,R_cb63a1ebfc31098d,21,n,乙,17,17,0,0,1,F,sig_n,,F,16,0,0.0,0,0
wave2_12_w2_s2_cdaf,12,D+注意,0.4,2,2,1739,R_6e911c42fd2a3700,3,n,乙,16,9,0,7,15,U,,,U,15,6,0.4,0,0
wave2_12_w2_s2_cdaf,12,D+注意,0.4,2,2,1739,R_7b6b1008b48c1115,6,n,甲,17,17,0,0,6,F,sig_n,,F,16,0,0.0,0,0
wave2_12_w2_s2_cdaf,12,D+注意,0.4,2,2,1739,R_cb63a1ebfc31098d,21,n,乙,17,17,0,0,1,F,sig_n,,F,16,0,0.0,0,0
wave2_13_w2_s2_cdaf,13,D+注意,0.15,2,2,500,R_0e5d236bf5b42b15,42,e,乙,17,17,0,0,6,F,sig_e,,F,16,0,0.0,0,0
wave2_13_w2_s2_cdaf,13,D+注意,0.15,2,2,500,R_2327f056ad0db4ad,2,n,甲,16,16,0,0,1,F,sig_n,,F,15,0,0.0,0,0
wave2_13_w2_s2_cdaf,13,D+注意,0.15,2,2,500,R_6e911c42fd2a3700,3,n,乙,16,16,0,0,15,F,sig_n,,F,15,0,0.0,0,0
wave2_13_w2_s2_cdaf,13,D+注意,0.15,2,2,500,R_7b6b1008b48c1115,6,n,甲,17,17,0,0,6,F,sig_n,,F,16,0,0.0,0,0
wave2_13_w2_s2_cdaf,13,D+注意,0.15,2,2,500,R_7c67e41822d94b32,17,n,乙,16,16,0,0,3,F,sig_n,,F,15,0,0.0,0,0
wave2_13_w2_s2_cdaf,13,D+注意,0.15,2,2,500,R_8b0d2a6b7293001d,143,e,甲,17,17,0,0,11,F,sig_e,,F,16,0,0.0,0,0
wave2_13_w2_s2_cdaf,13,D+注意,0.15,2,2,500,R_cb63a1ebfc31098d,21,n,乙,17,17,0,0,1,F,sig_n,,F,16,0,0.0,0,0
wave2_13_w2_s2_cdaf,13,D+注意,0.15,2,2,1000,R_0e5d236bf5b42b15,42,e,乙,17,17,0,0,6,F,sig_e,,F,16,0,0.0,0,0
wave2_13_w2_s2_cdaf,13,D+注意,0.15,2,2,1000,R_2327f056ad0db4ad,2,n,甲,16,16,0,0,1,F,sig_n,,F,15,0,0.0,0,0
wave2_13_w2_s2_cdaf,13,D+注意,0.15,2,2,1000,R_6e911c42fd2a3700,3,n,乙,16,16,0,0,15,F,sig_n,,F,15,0,0.0,0,0
wave2_13_w2_s2_cdaf,13,D+注意,0.15,2,2,1000,R_7b6b1008b48c1115,6,n,甲,17,17,0,0,6,F,sig_n,,F,16,0,0.0,0,0
wave2_13_w2_s2_cdaf,13,D+注意,0.15,2,2,1000,R_7c67e41822d94b32,17,n,乙,16,16,0,0,3,F,sig_n,,F,15,0,0.0,0,0
wave2_13_w2_s2_cdaf,13,D+注意,0.15,2,2,1000,R_8b0d2a6b7293001d,143,e,甲,17,17,0,0,11,F,sig_e,,F,16,0,0.0,0,0
wave2_13_w2_s2_cdaf,13,D+注意,0.15,2,2,1000,R_cb63a1ebfc31098d,21,n,乙,17,17,0,0,1,F,sig_n,,F,16,0,0.0,0,0
wave2_13_w2_s2_cdaf,13,D+注意,0.15,2,2,1500,R_0e5d236bf5b42b15,42,e,乙,17,17,0,0,6,F,sig_e,,F,16,0,0.0,0,0
wave2_13_w2_s2_cdaf,13,D+注意,0.15,2,2,1500,R_2327f056ad0db4ad,2,n,甲,16,16,0,0,1,F,sig_n,,F,15,0,0.0,0,0
wave2_13_w2_s2_cdaf,13,D+注意,0.15,2,2,1500,R_6e911c42fd2a3700,3,n,乙,16,16,0,0,15,F,sig_n,,F,15,0,0.0,0,0
wave2_13_w2_s2_cdaf,13,D+注意,0.15,2,2,1500,R_7b6b1008b48c1115,6,n,甲,17,17,0,0,6,F,sig_n,,F,16,0,0.0,0,0
wave2_13_w2_s2_cdaf,13,D+注意,0.15,2,2,1500,R_7c67e41822d94b32,17,n,乙,16,16,0,0,3,F,sig_n,,F,15,0,0.0,0,0
wave2_13_w2_s2_cdaf,13,D+注意,0.15,2,2,1500,R_8b0d2a6b7293001d,143,e,甲,17,17,0,0,11,F,sig_e,,F,16,0,0.0,0,0
wave2_13_w2_s2_cdaf,13,D+注意,0.15,2,2,1500,R_cb63a1ebfc31098d,21,n,乙,17,17,0,0,1,F,sig_n,,F,16,0,0.0,0,0
wave2_13_w2_s2_cdaf,13,D+注意,0.15,2,2,1739,R_0e5d236bf5b42b15,42,e,乙,17,17,0,0,6,F,sig_e,,F,16,0,0.0,0,0
wave2_13_w2_s2_cdaf,13,D+注意,0.15,2,2,1739,R_2327f056ad0db4ad,2,n,甲,16,16,0,0,1,F,sig_n,,F,15,0,0.0,0,0
wave2_13_w2_s2_cdaf,13,D+注意,0.15,2,2,1739,R_6e911c42fd2a3700,3,n,乙,16,16,0,0,15,F,sig_n,,F,15,0,0.0,0,0
wave2_13_w2_s2_cdaf,13,D+注意,0.15,2,2,1739,R_7b6b1008b48c1115,6,n,甲,17,17,0,0,6,F,sig_n,,F,16,0,0.0,0,0
wave2_13_w2_s2_cdaf,13,D+注意,0.15,2,2,1739,R_7c67e41822d94b32,17,n,乙,16,16,0,0,3,F,sig_n,,F,15,0,0.0,0,0
wave2_13_w2_s2_cdaf,13,D+注意,0.15,2,2,1739,R_8b0d2a6b7293001d,143,e,甲,17,17,0,0,11,F,sig_e,,F,16,0,0.0,0,0
wave2_13_w2_s2_cdaf,13,D+注意,0.15,2,2,1739,R_cb63a1ebfc31098d,21,n,乙,17,17,0,0,1,F,sig_n,,F,16,0,0.0,0,0
wave2_10_w2_s3_cdaf,10,D,0.4,2,3,500,R_7b6b1008b48c1115,2,n,甲,17,17,0,0,1,F,sig_n,,F,16,0,0.0,0,0
wave2_10_w2_s3_cdaf,10,D,0.4,2,3,500,R_beb6d0d0aa09b5d2,1,e,乙,7,7,0,0,,シールの席なし,,,link の席なし,7,0,0.0,0,0
wave2_10_w2_s3_cdaf,10,D,0.4,2,3,500,R_cb63a1ebfc31098d,41,n,乙,17,17,0,0,13,F,sig_n,,F,16,0,0.0,0,0
wave2_10_w2_s3_cdaf,10,D,0.4,2,3,1000,R_0e5d236bf5b42b15,733,e,乙,17,17,0,0,14,F,sig_e,,F,16,0,0.0,0,0
wave2_10_w2_s3_cdaf,10,D,0.4,2,3,1000,R_2f1a2f2059f4659c,807,e,甲,12,10,0,2,9,F,sig_e,,link の席なし,11,2,0.1818,0,0
wave2_10_w2_s3_cdaf,10,D,0.4,2,3,1000,R_4767122da6895de8,999,e,甲,12,12,0,0,8,F,sig_e,,link の席なし,11,0,0.0,0,0
wave2_10_w2_s3_cdaf,10,D,0.4,2,3,1000,R_7b6b1008b48c1115,2,n,甲,17,17,0,0,1,F,sig_n,,F,16,0,0.0,0,0
wave2_10_w2_s3_cdaf,10,D,0.4,2,3,1000,R_beb6d0d0aa09b5d2,1,e,乙,7,7,0,0,,シールの席なし,,,link の席なし,7,0,0.0,0,0
wave2_10_w2_s3_cdaf,10,D,0.4,2,3,1000,R_cb63a1ebfc31098d,41,n,乙,17,17,0,0,13,F,sig_n,,F,16,0,0.0,0,0
wave2_10_w2_s3_cdaf,10,D,0.4,2,3,1500,R_0e5d236bf5b42b15,733,e,乙,17,17,0,0,14,F,sig_e,,F,16,0,0.0,0,0
wave2_10_w2_s3_cdaf,10,D,0.4,2,3,1500,R_2f1a2f2059f4659c,807,e,甲,12,10,0,2,9,F,sig_e,,link の席なし,11,2,0.1818,0,0
wave2_10_w2_s3_cdaf,10,D,0.4,2,3,1500,R_7b6b1008b48c1115,2,n,甲,17,17,0,0,1,F,sig_n,,F,16,0,0.0,0,0
wave2_10_w2_s3_cdaf,10,D,0.4,2,3,1500,R_beb6d0d0aa09b5d2,1,e,乙,7,7,0,0,,シールの席なし,,,link の席なし,7,0,0.0,0,0
wave2_10_w2_s3_cdaf,10,D,0.4,2,3,1500,R_cb63a1ebfc31098d,41,n,乙,17,17,0,0,13,F,sig_n,,F,16,0,0.0,0,0
wave2_10_w2_s3_cdaf,10,D,0.4,2,3,1739,R_0e5d236bf5b42b15,733,e,乙,17,17,0,0,14,F,sig_e,,F,16,0,0.0,0,0
wave2_10_w2_s3_cdaf,10,D,0.4,2,3,1739,R_2f1a2f2059f4659c,807,e,甲,12,10,0,2,9,F,sig_e,,link の席なし,11,2,0.1818,0,0
wave2_10_w2_s3_cdaf,10,D,0.4,2,3,1739,R_7b6b1008b48c1115,2,n,甲,17,17,0,0,1,F,sig_n,,F,16,0,0.0,0,0
wave2_10_w2_s3_cdaf,10,D,0.4,2,3,1739,R_beb6d0d0aa09b5d2,1,e,乙,7,7,0,0,,シールの席なし,,,link の席なし,7,0,0.0,0,0
wave2_10_w2_s3_cdaf,10,D,0.4,2,3,1739,R_cb63a1ebfc31098d,41,n,乙,17,17,0,0,13,F,sig_n,,F,16,0,0.0,0,0
wave2_11_w2_s3_cdaf,11,D,0.15,2,3,500,R_0e5d236bf5b42b15,5,e,乙,17,17,0,0,0,F,sig_e,,F,16,0,0.0,0,0
wave2_11_w2_s3_cdaf,11,D,0.15,2,3,500,R_7b6b1008b48c1115,2,n,甲,17,17,0,0,1,F,sig_n,,F,16,0,0.0,0,0
wave2_11_w2_s3_cdaf,11,D,0.15,2,3,500,R_8b0d2a6b7293001d,117,e,甲,17,17,0,0,10,F,sig_e,,F,16,0,0.0,0,0
wave2_11_w2_s3_cdaf,11,D,0.15,2,3,500,R_ad9c6c2c137d6a9d,7,n,乙,16,16,0,0,13,F,sig_n,,F,15,0,0.0,0,0
wave2_11_w2_s3_cdaf,11,D,0.15,2,3,500,R_cb63a1ebfc31098d,12,n,乙,17,17,0,0,3,F,sig_n,,F,16,0,0.0,0,0
wave2_11_w2_s3_cdaf,11,D,0.15,2,3,1000,R_0e5d236bf5b42b15,5,e,乙,17,17,0,0,0,F,sig_e,,F,16,0,0.0,0,0
wave2_11_w2_s3_cdaf,11,D,0.15,2,3,1000,R_7b6b1008b48c1115,2,n,甲,17,17,0,0,1,F,sig_n,,F,16,0,0.0,0,0
wave2_11_w2_s3_cdaf,11,D,0.15,2,3,1000,R_8b0d2a6b7293001d,117,e,甲,17,17,0,0,10,F,sig_e,,F,16,0,0.0,0,0
wave2_11_w2_s3_cdaf,11,D,0.15,2,3,1000,R_ad9c6c2c137d6a9d,7,n,乙,16,16,0,0,13,F,sig_n,,F,15,0,0.0,0,0
wave2_11_w2_s3_cdaf,11,D,0.15,2,3,1000,R_cb63a1ebfc31098d,12,n,乙,17,17,0,0,3,F,sig_n,,F,16,0,0.0,0,0
wave2_11_w2_s3_cdaf,11,D,0.15,2,3,1500,R_0e5d236bf5b42b15,5,e,乙,17,17,0,0,0,F,sig_e,,F,16,0,0.0,0,0
wave2_11_w2_s3_cdaf,11,D,0.15,2,3,1500,R_7b6b1008b48c1115,2,n,甲,17,17,0,0,1,F,sig_n,,F,16,0,0.0,0,0
wave2_11_w2_s3_cdaf,11,D,0.15,2,3,1500,R_8b0d2a6b7293001d,117,e,甲,17,17,0,0,10,F,sig_e,,F,16,0,0.0,0,0
wave2_11_w2_s3_cdaf,11,D,0.15,2,3,1500,R_ad9c6c2c137d6a9d,7,n,乙,16,16,0,0,13,F,sig_n,,F,15,0,0.0,0,0
wave2_11_w2_s3_cdaf,11,D,0.15,2,3,1500,R_cb63a1ebfc31098d,12,n,乙,17,17,0,0,3,F,sig_n,,F,16,0,0.0,0,0
wave2_11_w2_s3_cdaf,11,D,0.15,2,3,1739,R_0e5d236bf5b42b15,5,e,乙,17,17,0,0,0,F,sig_e,,F,16,0,0.0,0,0
wave2_11_w2_s3_cdaf,11,D,0.15,2,3,1739,R_7b6b1008b48c1115,2,n,甲,17,17,0,0,1,F,sig_n,,F,16,0,0.0,0,0
wave2_11_w2_s3_cdaf,11,D,0.15,2,3,1739,R_8b0d2a6b7293001d,117,e,甲,17,17,0,0,10,F,sig_e,,F,16,0,0.0,0,0
wave2_11_w2_s3_cdaf,11,D,0.15,2,3,1739,R_ad9c6c2c137d6a9d,7,n,乙,16,16,0,0,13,F,sig_n,,F,15,0,0.0,0,0
wave2_11_w2_s3_cdaf,11,D,0.15,2,3,1739,R_cb63a1ebfc31098d,12,n,乙,17,17,0,0,3,F,sig_n,,F,16,0,0.0,0,0
wave2_12_w2_s3_cdaf,12,D+注意,0.4,2,3,500,R_7b6b1008b48c1115,2,n,甲,17,17,0,0,1,F,sig_n,,F,16,0,0.0,0,0
wave2_12_w2_s3_cdaf,12,D+注意,0.4,2,3,500,R_beb6d0d0aa09b5d2,1,e,乙,7,7,0,0,,シールの席なし,,,link の席なし,7,0,0.0,0,0
wave2_12_w2_s3_cdaf,12,D+注意,0.4,2,3,500,R_cb63a1ebfc31098d,41,n,乙,17,17,0,0,13,F,sig_n,,F,16,0,0.0,0,0
wave2_12_w2_s3_cdaf,12,D+注意,0.4,2,3,1000,R_0e5d236bf5b42b15,733,e,乙,17,17,0,0,14,F,sig_e,,F,16,0,0.0,0,0
wave2_12_w2_s3_cdaf,12,D+注意,0.4,2,3,1000,R_2f1a2f2059f4659c,807,e,甲,12,10,0,2,9,F,sig_e,,link の席なし,11,2,0.1818,0,0
wave2_12_w2_s3_cdaf,12,D+注意,0.4,2,3,1000,R_4767122da6895de8,999,e,甲,12,12,0,0,8,F,sig_e,,link の席なし,11,0,0.0,0,0
wave2_12_w2_s3_cdaf,12,D+注意,0.4,2,3,1000,R_7b6b1008b48c1115,2,n,甲,17,17,0,0,1,F,sig_n,,F,16,0,0.0,0,0
wave2_12_w2_s3_cdaf,12,D+注意,0.4,2,3,1000,R_beb6d0d0aa09b5d2,1,e,乙,7,7,0,0,,シールの席なし,,,link の席なし,7,0,0.0,0,0
wave2_12_w2_s3_cdaf,12,D+注意,0.4,2,3,1000,R_cb63a1ebfc31098d,41,n,乙,17,17,0,0,13,F,sig_n,,F,16,0,0.0,0,0
wave2_12_w2_s3_cdaf,12,D+注意,0.4,2,3,1500,R_0e5d236bf5b42b15,733,e,乙,17,17,0,0,14,F,sig_e,,F,16,0,0.0,0,0
wave2_12_w2_s3_cdaf,12,D+注意,0.4,2,3,1500,R_2f1a2f2059f4659c,807,e,甲,12,10,0,2,9,F,sig_e,,link の席なし,11,2,0.1818,0,0
wave2_12_w2_s3_cdaf,12,D+注意,0.4,2,3,1500,R_7b6b1008b48c1115,2,n,甲,17,17,0,0,1,F,sig_n,,F,16,0,0.0,0,0
wave2_12_w2_s3_cdaf,12,D+注意,0.4,2,3,1500,R_beb6d0d0aa09b5d2,1,e,乙,7,7,0,0,,シールの席なし,,,link の席なし,7,0,0.0,0,0
wave2_12_w2_s3_cdaf,12,D+注意,0.4,2,3,1500,R_cb63a1ebfc31098d,41,n,乙,17,17,0,0,13,F,sig_n,,F,16,0,0.0,0,0
wave2_12_w2_s3_cdaf,12,D+注意,0.4,2,3,1739,R_0e5d236bf5b42b15,733,e,乙,17,17,0,0,14,F,sig_e,,F,16,0,0.0,0,0
wave2_12_w2_s3_cdaf,12,D+注意,0.4,2,3,1739,R_2f1a2f2059f4659c,807,e,甲,12,10,0,2,9,F,sig_e,,link の席なし,11,2,0.1818,0,0
wave2_12_w2_s3_cdaf,12,D+注意,0.4,2,3,1739,R_7b6b1008b48c1115,2,n,甲,17,17,0,0,1,F,sig_n,,F,16,0,0.0,0,0
wave2_12_w2_s3_cdaf,12,D+注意,0.4,2,3,1739,R_beb6d0d0aa09b5d2,1,e,乙,7,7,0,0,,シールの席なし,,,link の席なし,7,0,0.0,0,0
wave2_12_w2_s3_cdaf,12,D+注意,0.4,2,3,1739,R_cb63a1ebfc31098d,41,n,乙,17,17,0,0,13,F,sig_n,,F,16,0,0.0,0,0
wave2_13_w2_s3_cdaf,13,D+注意,0.15,2,3,500,R_0e5d236bf5b42b15,5,e,乙,17,17,0,0,0,F,sig_e,,F,16,0,0.0,0,0
wave2_13_w2_s3_cdaf,13,D+注意,0.15,2,3,500,R_7b6b1008b48c1115,2,n,甲,17,17,0,0,1,F,sig_n,,F,16,0,0.0,0,0
wave2_13_w2_s3_cdaf,13,D+注意,0.15,2,3,500,R_8b0d2a6b7293001d,117,e,甲,17,17,0,0,10,F,sig_e,,F,16,0,0.0,0,0
wave2_13_w2_s3_cdaf,13,D+注意,0.15,2,3,500,R_ad9c6c2c137d6a9d,7,n,乙,16,16,0,0,13,F,sig_n,,F,15,0,0.0,0,0
wave2_13_w2_s3_cdaf,13,D+注意,0.15,2,3,500,R_cb63a1ebfc31098d,12,n,乙,17,17,0,0,3,F,sig_n,,F,16,0,0.0,0,0
wave2_13_w2_s3_cdaf,13,D+注意,0.15,2,3,1000,R_0e5d236bf5b42b15,5,e,乙,17,17,0,0,0,F,sig_e,,F,16,0,0.0,0,0
wave2_13_w2_s3_cdaf,13,D+注意,0.15,2,3,1000,R_7b6b1008b48c1115,2,n,甲,17,17,0,0,1,F,sig_n,,F,16,0,0.0,0,0
wave2_13_w2_s3_cdaf,13,D+注意,0.15,2,3,1000,R_8b0d2a6b7293001d,117,e,甲,17,17,0,0,10,F,sig_e,,F,16,0,0.0,0,0
wave2_13_w2_s3_cdaf,13,D+注意,0.15,2,3,1000,R_ad9c6c2c137d6a9d,7,n,乙,16,16,0,0,13,F,sig_n,,F,15,0,0.0,0,0
wave2_13_w2_s3_cdaf,13,D+注意,0.15,2,3,1000,R_cb63a1ebfc31098d,12,n,乙,17,17,0,0,3,F,sig_n,,F,16,0,0.0,0,0
wave2_13_w2_s3_cdaf,13,D+注意,0.15,2,3,1500,R_0e5d236bf5b42b15,5,e,乙,17,17,0,0,0,F,sig_e,,F,16,0,0.0,0,0
wave2_13_w2_s3_cdaf,13,D+注意,0.15,2,3,1500,R_7b6b1008b48c1115,2,n,甲,17,17,0,0,1,F,sig_n,,F,16,0,0.0,0,0
wave2_13_w2_s3_cdaf,13,D+注意,0.15,2,3,1500,R_8b0d2a6b7293001d,117,e,甲,17,17,0,0,10,F,sig_e,,F,16,0,0.0,0,0
wave2_13_w2_s3_cdaf,13,D+注意,0.15,2,3,1500,R_ad9c6c2c137d6a9d,7,n,乙,16,16,0,0,13,F,sig_n,,F,15,0,0.0,0,0
wave2_13_w2_s3_cdaf,13,D+注意,0.15,2,3,1500,R_cb63a1ebfc31098d,12,n,乙,17,17,0,0,3,F,sig_n,,F,16,0,0.0,0,0
wave2_13_w2_s3_cdaf,13,D+注意,0.15,2,3,1739,R_0e5d236bf5b42b15,5,e,乙,17,17,0,0,0,F,sig_e,,F,16,0,0.0,0,0
wave2_13_w2_s3_cdaf,13,D+注意,0.15,2,3,1739,R_7b6b1008b48c1115,2,n,甲,17,17,0,0,1,F,sig_n,,F,16,0,0.0,0,0
wave2_13_w2_s3_cdaf,13,D+注意,0.15,2,3,1739,R_8b0d2a6b7293001d,117,e,甲,17,17,0,0,10,F,sig_e,,F,16,0,0.0,0,0
wave2_13_w2_s3_cdaf,13,D+注意,0.15,2,3,1739,R_ad9c6c2c137d6a9d,7,n,乙,16,16,0,0,13,F,sig_n,,F,15,0,0.0,0,0
wave2_13_w2_s3_cdaf,13,D+注意,0.15,2,3,1739,R_cb63a1ebfc31098d,12,n,乙,17,17,0,0,3,F,sig_n,,F,16,0,0.0,0,0
