run,row,arm,tau,world,seed,trials,trials_with_skeleton_gt50,trials_with_skeleton_allU,skeleton_def_trials,episodes,episodes_seal_sig_n,episodes_seal_sig_e,episodes_allU_at_some_trial
wave2_10_w1_s1_cdaf,10,D,0.4,1,1,1740,0,0,0,0,0,0,0
wave2_11_w1_s1_cdaf,11,D,0.15,1,1,1740,0,0,0,0,0,0,0
wave2_12_w1_s1_cdaf,12,D+注意,0.4,1,1,1740,0,0,0,0,0,0,0
wave2_13_w1_s1_cdaf,13,D+注意,0.15,1,1,1740,0,0,0,0,0,0,0
wave2_10_w1_s2_cdaf,10,D,0.4,1,2,1740,3,0,3,1,1,0,0
wave2_11_w1_s2_cdaf,11,D,0.15,1,2,1740,0,0,0,0,0,0,0
wave2_12_w1_s2_cdaf,12,D+注意,0.4,1,2,1740,3,0,3,1,1,0,0
wave2_13_w1_s2_cdaf,13,D+注意,0.15,1,2,1740,0,0,0,0,0,0,0
wave2_10_w1_s3_cdaf,10,D,0.4,1,3,1740,0,0,0,0,0,0,0
wave2_11_w1_s3_cdaf,11,D,0.15,1,3,1740,0,0,0,0,0,0,0
wave2_12_w1_s3_cdaf,12,D+注意,0.4,1,3,1740,0,0,0,0,0,0,0
wave2_13_w1_s3_cdaf,13,D+注意,0.15,1,3,1740,0,0,0,0,0,0,0
wave2_10_w2_s1_cdaf,10,D,0.4,2,1,1740,0,0,0,0,0,0,0
wave2_11_w2_s1_cdaf,11,D,0.15,2,1,1740,0,0,0,0,0,0,0
wave2_12_w2_s1_cdaf,12,D+注意,0.4,2,1,1740,4,3,4,4,0,4,3
wave2_13_w2_s1_cdaf,13,D+注意,0.15,2,1,1740,1,1,1,1,0,1,1
wave2_10_w2_s2_cdaf,10,D,0.4,2,2,1740,3,0,3,1,1,0,0
wave2_11_w2_s2_cdaf,11,D,0.15,2,2,1740,0,0,0,0,0,0,0
wave2_12_w2_s2_cdaf,12,D+注意,0.4,2,2,1740,11,7,11,4,1,3,3
wave2_13_w2_s2_cdaf,13,D+注意,0.15,2,2,1740,1,1,1,1,0,1,1
wave2_10_w2_s3_cdaf,10,D,0.4,2,3,1740,0,0,0,0,0,0,0
wave2_11_w2_s3_cdaf,11,D,0.15,2,3,1740,0,0,0,0,0,0,0
wave2_12_w2_s3_cdaf,12,D+注意,0.4,2,3,1740,7,7,7,5,0,5,5
wave2_13_w2_s3_cdaf,13,D+注意,0.15,2,3,1740,0,0,0,0,0,0,0
