run,row,arm,tau,world,seed,trial,defs,F,H,U,seal_F_sig_n,seal_F_sig_e,seal_H,seal_U,no_seal_seat,skeleton_gt50,skeleton_gt50_sig_n,skeleton_gt50_sig_e,skeleton_allU,skeleton_gt50_born_cue_e
wave2_10_w1_s1_cdaf,10,D,0.4,1,1,500,4,66,0,2,2,1,0,1,0,0,0,0,0,0
wave2_10_w1_s1_cdaf,10,D,0.4,1,1,1000,4,66,0,2,2,1,0,1,0,0,0,0,0,0
wave2_10_w1_s1_cdaf,10,D,0.4,1,1,1500,4,66,0,2,2,1,0,1,0,0,0,0,0,0
wave2_10_w1_s1_cdaf,10,D,0.4,1,1,1739,4,66,0,2,2,1,0,1,0,0,0,0,0,0
wave2_11_w1_s1_cdaf,11,D,0.15,1,1,500,7,116,0,0,4,3,0,0,0,0,0,0,0,0
wave2_11_w1_s1_cdaf,11,D,0.15,1,1,1000,7,116,0,0,4,3,0,0,0,0,0,0,0,0
wave2_11_w1_s1_cdaf,11,D,0.15,1,1,1500,7,116,0,0,4,3,0,0,0,0,0,0,0,0
wave2_11_w1_s1_cdaf,11,D,0.15,1,1,1739,7,116,0,0,4,3,0,0,0,0,0,0,0,0
wave2_12_w1_s1_cdaf,12,D+注意,0.4,1,1,500,4,66,0,2,2,1,0,1,0,0,0,0,0,0
wave2_12_w1_s1_cdaf,12,D+注意,0.4,1,1,1000,4,66,0,2,2,1,0,1,0,0,0,0,0,0
wave2_12_w1_s1_cdaf,12,D+注意,0.4,1,1,1500,4,66,0,2,2,1,0,1,0,0,0,0,0,0
wave2_12_w1_s1_cdaf,12,D+注意,0.4,1,1,1739,4,66,0,2,2,1,0,1,0,0,0,0,0,0
wave2_13_w1_s1_cdaf,13,D+注意,0.15,1,1,500,7,116,0,0,4,3,0,0,0,0,0,0,0,0
wave2_13_w1_s1_cdaf,13,D+注意,0.15,1,1,1000,7,116,0,0,4,3,0,0,0,0,0,0,0,0
wave2_13_w1_s1_cdaf,13,D+注意,0.15,1,1,1500,7,116,0,0,4,3,0,0,0,0,0,0,0,0
wave2_13_w1_s1_cdaf,13,D+注意,0.15,1,1,1739,7,116,0,0,4,3,0,0,0,0,0,0,0,0
wave2_10_w1_s2_cdaf,10,D,0.4,1,2,500,2,34,0,0,2,0,0,0,0,0,0,0,0,0
wave2_10_w1_s2_cdaf,10,D,0.4,1,2,1000,2,34,0,0,2,0,0,0,0,0,0,0,0,0
wave2_10_w1_s2_cdaf,10,D,0.4,1,2,1500,2,34,0,0,2,0,0,0,0,0,0,0,0,0
wave2_10_w1_s2_cdaf,10,D,0.4,1,2,1739,2,34,0,0,2,0,0,0,0,0,0,0,0,0
wave2_11_w1_s2_cdaf,11,D,0.15,1,2,500,7,116,0,0,5,2,0,0,0,0,0,0,0,0
wave2_11_w1_s2_cdaf,11,D,0.15,1,2,1000,7,116,0,0,5,2,0,0,0,0,0,0,0,0
wave2_11_w1_s2_cdaf,11,D,0.15,1,2,1500,7,116,0,0,5,2,0,0,0,0,0,0,0,0
wave2_11_w1_s2_cdaf,11,D,0.15,1,2,1739,7,116,0,0,5,2,0,0,0,0,0,0,0,0
wave2_12_w1_s2_cdaf,12,D+注意,0.4,1,2,500,2,34,0,0,2,0,0,0,0,0,0,0,0,0
wave2_12_w1_s2_cdaf,12,D+注意,0.4,1,2,1000,2,34,0,0,2,0,0,0,0,0,0,0,0,0
wave2_12_w1_s2_cdaf,12,D+注意,0.4,1,2,1500,2,34,0,0,2,0,0,0,0,0,0,0,0,0
wave2_12_w1_s2_cdaf,12,D+注意,0.4,1,2,1739,2,34,0,0,2,0,0,0,0,0,0,0,0,0
wave2_13_w1_s2_cdaf,13,D+注意,0.15,1,2,500,7,116,0,0,5,2,0,0,0,0,0,0,0,0
wave2_13_w1_s2_cdaf,13,D+注意,0.15,1,2,1000,7,116,0,0,5,2,0,0,0,0,0,0,0,0
wave2_13_w1_s2_cdaf,13,D+注意,0.15,1,2,1500,7,116,0,0,5,2,0,0,0,0,0,0,0,0
wave2_13_w1_s2_cdaf,13,D+注意,0.15,1,2,1739,7,116,0,0,5,2,0,0,0,0,0,0,0,0
wave2_10_w1_s3_cdaf,10,D,0.4,1,3,500,3,49,0,2,2,0,0,1,0,0,0,0,0,0
wave2_10_w1_s3_cdaf,10,D,0.4,1,3,1000,4,66,0,2,2,1,0,1,0,0,0,0,0,0
wave2_10_w1_s3_cdaf,10,D,0.4,1,3,1500,4,66,0,2,2,1,0,1,0,0,0,0,0,0
wave2_10_w1_s3_cdaf,10,D,0.4,1,3,1739,4,66,0,2,2,1,0,1,0,0,0,0,0,0
wave2_11_w1_s3_cdaf,11,D,0.15,1,3,500,5,84,0,0,3,2,0,0,0,0,0,0,0,0
wave2_11_w1_s3_cdaf,11,D,0.15,1,3,1000,5,84,0,0,3,2,0,0,0,0,0,0,0,0
wave2_11_w1_s3_cdaf,11,D,0.15,1,3,1500,5,84,0,0,3,2,0,0,0,0,0,0,0,0
wave2_11_w1_s3_cdaf,11,D,0.15,1,3,1739,5,84,0,0,3,2,0,0,0,0,0,0,0,0
wave2_12_w1_s3_cdaf,12,D+注意,0.4,1,3,500,3,49,0,2,2,0,0,1,0,0,0,0,0,0
wave2_12_w1_s3_cdaf,12,D+注意,0.4,1,3,1000,4,66,0,2,2,1,0,1,0,0,0,0,0,0
wave2_12_w1_s3_cdaf,12,D+注意,0.4,1,3,1500,4,66,0,2,2,1,0,1,0,0,0,0,0,0
wave2_12_w1_s3_cdaf,12,D+注意,0.4,1,3,1739,4,66,0,2,2,1,0,1,0,0,0,0,0,0
wave2_13_w1_s3_cdaf,13,D+注意,0.15,1,3,500,5,84,0,0,3,2,0,0,0,0,0,0,0,0
wave2_13_w1_s3_cdaf,13,D+注意,0.15,1,3,1000,5,84,0,0,3,2,0,0,0,0,0,0,0,0
wave2_13_w1_s3_cdaf,13,D+注意,0.15,1,3,1500,5,84,0,0,3,2,0,0,0,0,0,0,0,0
wave2_13_w1_s3_cdaf,13,D+注意,0.15,1,3,1739,5,84,0,0,3,2,0,0,0,0,0,0,0,0
wave2_10_w2_s1_cdaf,10,D,0.4,2,1,500,4,59,0,4,2,1,0,1,0,0,0,0,0,0
wave2_10_w2_s1_cdaf,10,D,0.4,2,1,1000,4,59,0,4,2,1,0,1,0,0,0,0,0,0
wave2_10_w2_s1_cdaf,10,D,0.4,2,1,1500,4,59,0,4,2,1,0,1,0,0,0,0,0,0
wave2_10_w2_s1_cdaf,10,D,0.4,2,1,1739,4,59,0,4,2,1,0,1,0,0,0,0,0,0
wave2_11_w2_s1_cdaf,11,D,0.15,2,1,500,7,116,0,0,4,3,0,0,0,0,0,0,0,0
wave2_11_w2_s1_cdaf,11,D,0.15,2,1,1000,7,116,0,0,4,3,0,0,0,0,0,0,0,0
wave2_11_w2_s1_cdaf,11,D,0.15,2,1,1500,7,116,0,0,4,3,0,0,0,0,0,0,0,0
wave2_11_w2_s1_cdaf,11,D,0.15,2,1,1739,7,116,0,0,4,3,0,0,0,0,0,0,0,0
wave2_12_w2_s1_cdaf,12,D+注意,0.4,2,1,500,4,59,0,4,2,1,0,1,0,0,0,0,0,0
wave2_12_w2_s1_cdaf,12,D+注意,0.4,2,1,1000,4,59,0,4,2,1,0,1,0,0,0,0,0,0
wave2_12_w2_s1_cdaf,12,D+注意,0.4,2,1,1500,4,59,0,4,2,1,0,1,0,0,0,0,0,0
wave2_12_w2_s1_cdaf,12,D+注意,0.4,2,1,1739,4,59,0,4,2,1,0,1,0,0,0,0,0,0
wave2_13_w2_s1_cdaf,13,D+注意,0.15,2,1,500,7,116,0,0,4,3,0,0,0,0,0,0,0,0
wave2_13_w2_s1_cdaf,13,D+注意,0.15,2,1,1000,7,116,0,0,4,3,0,0,0,0,0,0,0,0
wave2_13_w2_s1_cdaf,13,D+注意,0.15,2,1,1500,7,116,0,0,4,3,0,0,0,0,0,0,0,0
wave2_13_w2_s1_cdaf,13,D+注意,0.15,2,1,1739,7,116,0,0,4,3,0,0,0,0,0,0,0,0
wave2_10_w2_s2_cdaf,10,D,0.4,2,2,500,3,43,0,7,2,0,0,1,0,0,0,0,0,0
wave2_10_w2_s2_cdaf,10,D,0.4,2,2,1000,3,43,0,7,2,0,0,1,0,0,0,0,0,0
wave2_10_w2_s2_cdaf,10,D,0.4,2,2,1500,3,43,6,1,2,0,1,0,0,0,0,0,0,0
wave2_10_w2_s2_cdaf,10,D,0.4,2,2,1739,3,43,0,7,2,0,0,1,0,0,0,0,0,0
wave2_11_w2_s2_cdaf,11,D,0.15,2,2,500,7,116,0,0,5,2,0,0,0,0,0,0,0,0
wave2_11_w2_s2_cdaf,11,D,0.15,2,2,1000,7,116,0,0,5,2,0,0,0,0,0,0,0,0
wave2_11_w2_s2_cdaf,11,D,0.15,2,2,1500,7,116,0,0,5,2,0,0,0,0,0,0,0,0
wave2_11_w2_s2_cdaf,11,D,0.15,2,2,1739,7,116,0,0,5,2,0,0,0,0,0,0,0,0
wave2_12_w2_s2_cdaf,12,D+注意,0.4,2,2,500,3,43,0,7,2,0,0,1,0,0,0,0,0,0
wave2_12_w2_s2_cdaf,12,D+注意,0.4,2,2,1000,3,43,0,7,2,0,0,1,0,0,0,0,0,0
wave2_12_w2_s2_cdaf,12,D+注意,0.4,2,2,1500,3,43,6,1,2,0,1,0,0,0,0,0,0,0
wave2_12_w2_s2_cdaf,12,D+注意,0.4,2,2,1739,3,43,0,7,2,0,0,1,0,0,0,0,0,0
wave2_13_w2_s2_cdaf,13,D+注意,0.15,2,2,500,7,116,0,0,5,2,0,0,0,0,0,0,0,0
wave2_13_w2_s2_cdaf,13,D+注意,0.15,2,2,1000,7,116,0,0,5,2,0,0,0,0,0,0,0,0
wave2_13_w2_s2_cdaf,13,D+注意,0.15,2,2,1500,7,116,0,0,5,2,0,0,0,0,0,0,0,0
wave2_13_w2_s2_cdaf,13,D+注意,0.15,2,2,1739,7,116,0,0,5,2,0,0,0,0,0,0,0,0
wave2_10_w2_s3_cdaf,10,D,0.4,2,3,500,3,41,0,0,2,0,0,0,1,0,0,0,0,0
wave2_10_w2_s3_cdaf,10,D,0.4,2,3,1000,6,80,0,2,2,3,0,0,1,0,0,0,0,0
wave2_10_w2_s3_cdaf,10,D,0.4,2,3,1500,5,68,0,2,2,2,0,0,1,0,0,0,0,0
wave2_10_w2_s3_cdaf,10,D,0.4,2,3,1739,5,68,0,2,2,2,0,0,1,0,0,0,0,0
wave2_11_w2_s3_cdaf,11,D,0.15,2,3,500,5,84,0,0,3,2,0,0,0,0,0,0,0,0
wave2_11_w2_s3_cdaf,11,D,0.15,2,3,1000,5,84,0,0,3,2,0,0,0,0,0,0,0,0
wave2_11_w2_s3_cdaf,11,D,0.15,2,3,1500,5,84,0,0,3,2,0,0,0,0,0,0,0,0
wave2_11_w2_s3_cdaf,11,D,0.15,2,3,1739,5,84,0,0,3,2,0,0,0,0,0,0,0,0
wave2_12_w2_s3_cdaf,12,D+注意,0.4,2,3,500,3,41,0,0,2,0,0,0,1,0,0,0,0,0
wave2_12_w2_s3_cdaf,12,D+注意,0.4,2,3,1000,6,80,0,2,2,3,0,0,1,0,0,0,0,0
wave2_12_w2_s3_cdaf,12,D+注意,0.4,2,3,1500,5,68,0,2,2,2,0,0,1,0,0,0,0,0
wave2_12_w2_s3_cdaf,12,D+注意,0.4,2,3,1739,5,68,0,2,2,2,0,0,1,0,0,0,0,0
wave2_13_w2_s3_cdaf,13,D+注意,0.15,2,3,500,5,84,0,0,3,2,0,0,0,0,0,0,0,0
wave2_13_w2_s3_cdaf,13,D+注意,0.15,2,3,1000,5,84,0,0,3,2,0,0,0,0,0,0,0,0
wave2_13_w2_s3_cdaf,13,D+注意,0.15,2,3,1500,5,84,0,0,3,2,0,0,0,0,0,0,0,0
wave2_13_w2_s3_cdaf,13,D+注意,0.15,2,3,1739,5,84,0,0,3,2,0,0,0,0,0,0,0,0
