run,row,arm,tau,world,seed,R,registered_at,birth_shop_cue,birth_shop_type,seal_name,seal_name_changed,n_seats,other_seats,other_U_at_start,other_F_at_start,start_trial,last_trial,n_trials,max_other_U,end_reason,first_trial_after
wave2_10_w1_s2_cdaf,10,D,0.4,1,2,R_2327f056ad0db4ad,2,n,甲,sig_n,0,16,15,12,3,4,6,3,12,定義ごと消えた（退役）,7
wave2_12_w1_s2_cdaf,12,D+注意,0.4,1,2,R_2327f056ad0db4ad,2,n,甲,sig_n,0,16,15,12,3,4,6,3,12,定義ごと消えた（退役）,7
wave2_12_w2_s1_cdaf,12,D+注意,0.4,2,1,R_0e5d236bf5b42b15,839,e,乙,sig_e,0,17,16,16,0,844,844,1,16,定義ごと消えた（退役）,845
wave2_12_w2_s1_cdaf,12,D+注意,0.4,2,1,R_6e8a065cec942906,1395,e,乙,sig_e,0,12,11,11,0,1401,1401,1,11,定義ごと消えた（退役）,1402
wave2_12_w2_s1_cdaf,12,D+注意,0.4,2,1,R_9bc40d505af93c42,1430,e,乙,sig_e,0,12,11,11,0,1436,1436,1,11,定義ごと消えた（退役）,1437
wave2_12_w2_s1_cdaf,12,D+注意,0.4,2,1,R_0e5d236bf5b42b15,1565,e,乙,sig_e,0,17,16,15,1,1571,1571,1,15,定義ごと消えた（退役）,1572
wave2_13_w2_s1_cdaf,13,D+注意,0.15,2,1,R_9075d2f1da15b9b3,105,e,甲,sig_e,0,12,11,11,0,135,135,1,11,定義ごと消えた（退役）,136
wave2_10_w2_s2_cdaf,10,D,0.4,2,2,R_2327f056ad0db4ad,2,n,甲,sig_n,0,16,15,12,3,4,6,3,12,定義ごと消えた（退役）,7
wave2_12_w2_s2_cdaf,12,D+注意,0.4,2,2,R_2327f056ad0db4ad,2,n,甲,sig_n,0,16,15,12,3,4,6,3,12,定義ごと消えた（退役）,7
wave2_12_w2_s2_cdaf,12,D+注意,0.4,2,2,R_9166e2f96690a9eb,861,e,甲,sig_e,0,12,11,11,0,882,883,2,11,定義ごと消えた（退役）,884
wave2_12_w2_s2_cdaf,12,D+注意,0.4,2,2,R_8b0d2a6b7293001d,1629,e,甲,sig_e,0,17,16,13,3,1674,1678,5,16,定義ごと消えた（退役）,1679
wave2_12_w2_s2_cdaf,12,D+注意,0.4,2,2,R_c9dda5bf5d6cc690,1725,e,乙,sig_e,0,11,10,10,0,1730,1730,1,10,定義ごと消えた（退役）,1731
wave2_13_w2_s2_cdaf,13,D+注意,0.15,2,2,R_fad8f670be5b8f88,46,e,甲,sig_e,0,12,11,11,0,396,396,1,11,定義ごと消えた（退役）,397
wave2_12_w2_s3_cdaf,12,D+注意,0.4,2,3,R_4767122da6895de8,1070,e,甲,sig_e,0,12,11,11,0,1076,1076,1,11,定義ごと消えた（退役）,1077
wave2_12_w2_s3_cdaf,12,D+注意,0.4,2,3,R_9075d2f1da15b9b3,1072,e,甲,sig_e,0,12,11,11,0,1078,1078,1,11,定義ごと消えた（退役）,1079
wave2_12_w2_s3_cdaf,12,D+注意,0.4,2,3,R_8b0d2a6b7293001d,1177,e,甲,sig_e,0,17,16,16,0,1182,1182,1,16,定義ごと消えた（退役）,1183
wave2_12_w2_s3_cdaf,12,D+注意,0.4,2,3,R_fad8f670be5b8f88,1679,e,甲,sig_e,0,12,11,11,0,1684,1685,2,11,定義ごと消えた（退役）,1686
wave2_12_w2_s3_cdaf,12,D+注意,0.4,2,3,R_0aa7a1980d3349e7,1680,e,甲,sig_e,0,16,15,15,0,1686,1687,2,15,定義ごと消えた（退役）,1688
