row,row_config,vs,world,metric,n_seeds_both,status,mean_row,mean_1a,diff,ci95_lo,ci95_hi,judgment,ratio_of_means,door_exception_mean_row,door_exception_mean_1a,boot_resamples,rng_seed
2a/2b,基準_L50,1a/1b（全部入り_L50）,1,selection_error,20,20/20,0.000000,0.000086,-0.000086,-0.000230,0.000000,候補でない,0.000000,0.000000,0.000000,4000,20261009
2a/2b,基準_L50,1a/1b（全部入り_L50）,1,absent,20,20/20,0.280000,0.279684,0.000316,0.000115,0.000546,候補,1.001130,0.001613,0.001613,4000,20261009
2a/2b,基準_L50,1a/1b（全部入り_L50）,2,selection_error,20,20/20,0.002241,0.016810,-0.014569,-0.020316,-0.008678,候補,0.133333,0.122243,0.362342,4000,20261009
2a/2b,基準_L50,1a/1b（全部入り_L50）,2,absent,20,20/20,0.281983,0.298247,-0.016264,-0.027213,-0.007385,候補,0.945467,0.014329,0.077041,4000,20261009
3a/3b,注意を外す_L50,1a/1b（全部入り_L50）,1,selection_error,15,未完（15/20）,0.000038,0.000038,0.000000,,,,1.000000,0.000000,0.000000,4000,20261009
3a/3b,注意を外す_L50,1a/1b（全部入り_L50）,1,absent,15,未完（15/20）,0.279157,0.279157,0.000000,,,,1.000000,0.000000,0.000000,4000,20261009
3a/3b,注意を外す_L50,1a/1b（全部入り_L50）,2,selection_error,9,未完（9/20）,0.015326,0.014687,0.000639,,,,1.043478,0.291782,0.351756,4000,20261009
3a/3b,注意を外す_L50,1a/1b（全部入り_L50）,2,absent,9,未完（9/20）,0.295977,0.299425,-0.003448,,,,0.988484,0.013468,0.030204,4000,20261009
4a/4b,第二段をCに_L50,1a/1b（全部入り_L50）,1,selection_error,20,20/20,0.000086,0.000086,0.000000,0.000000,0.000000,候補でない,1.000000,0.000000,0.000000,4000,20261009
4a/4b,第二段をCに_L50,1a/1b（全部入り_L50）,1,absent,20,20/20,0.279684,0.279684,0.000000,0.000000,0.000000,候補でない,1.000000,0.001613,0.001613,4000,20261009
4a/4b,第二段をCに_L50,1a/1b（全部入り_L50）,2,selection_error,20,20/20,0.017184,0.016810,0.000374,-0.000776,0.001954,候補でない,1.022222,0.380084,0.362342,4000,20261009
4a/4b,第二段をCに_L50,1a/1b（全部入り_L50）,2,absent,20,20/20,0.297356,0.298247,-0.000891,-0.002787,0.000115,候補でない,0.997013,0.070687,0.077041,4000,20261009
5a/5b,C*を外す_L50,1a/1b（全部入り_L50）,1,selection_error,16,未完（16/20）,0.010740,0.000108,0.010632,,,,99.666667,0.000000,0.000000,4000,20261009
5a/5b,C*を外す_L50,1a/1b（全部入り_L50）,1,absent,16,未完（16/20）,0.279310,0.279023,0.000287,,,,1.001030,0.002016,0.002016,4000,20261009
5a/5b,C*を外す_L50,1a/1b（全部入り_L50）,2,selection_error,14,未完（14/20）,0.044704,0.016995,0.027709,,,,2.630435,0.391286,0.360017,4000,20261009
5a/5b,C*を外す_L50,1a/1b（全部入り_L50）,2,absent,14,未完（14/20）,0.292775,0.303243,-0.010468,,,,0.965480,0.085273,0.075773,4000,20261009
6a/6b,logPを外す_L50,1a/1b（全部入り_L50）,1,selection_error,20,20/20,0.002931,0.000086,0.002845,0.001006,0.005000,候補,34.000000,0.004054,0.000000,4000,20261009
6a/6b,logPを外す_L50,1a/1b（全部入り_L50）,1,absent,20,20/20,0.283161,0.279684,0.003477,0.000862,0.006609,候補,1.012432,0.010855,0.001613,4000,20261009
6a/6b,logPを外す_L50,1a/1b（全部入り_L50）,2,selection_error,18,未完（18/20）,0.011686,0.016507,-0.004821,,,,0.707930,0.378087,0.361531,4000,20261009
6a/6b,logPを外す_L50,1a/1b（全部入り_L50）,2,absent,18,未完（18/20）,0.286143,0.300511,-0.014368,,,,0.952189,0.084254,0.085601,4000,20261009
7a/7b,名前の忘却なし,1a/1b（全部入り_L50）,1,selection_error,20,20/20,0.000000,0.000086,-0.000086,-0.000230,0.000000,候補でない,0.000000,0.000000,0.000000,4000,20261009
7a/7b,名前の忘却なし,1a/1b（全部入り_L50）,1,absent,20,20/20,0.279770,0.279684,0.000086,0.000000,0.000230,候補でない,1.000308,0.001613,0.001613,4000,20261009
7a/7b,名前の忘却なし,1a/1b（全部入り_L50）,2,selection_error,20,20/20,0.000632,0.016810,-0.016178,-0.021609,-0.010862,候補,0.037607,0.034299,0.362342,4000,20261009
7a/7b,名前の忘却なし,1a/1b（全部入り_L50）,2,absent,20,20/20,0.281983,0.298247,-0.016264,-0.027328,-0.006983,候補,0.945467,0.017270,0.077041,4000,20261009
