row,world,seed,run,version,status,source,trials,tasks,rate_selection_error,rate_absent,rate_distinction_loss,rate_wrong,rate_silent,rate_correct,door_exception_tasks,door_exception_rate_selection_error,door_exception_rate_absent
1a,1,1,wave1_1a_w1_s1_c792,c7921598,ok,注意の記録,1740,1740,0.000000,0.272989,0.000000,0.000000,0.275287,0.724713,33,0.000000,0.000000
1a,1,2,wave1_1a_w1_s2,4ceadf63,ok,注意の記録,1740,1740,0.000000,0.275862,0.000000,0.000000,0.278161,0.721839,34,0.000000,0.000000
1a,1,3,wave1_1a_w1_s3_c792,c7921598,ok,注意の記録,1740,1740,0.000000,0.293103,0.000000,0.000000,0.297701,0.702299,33,0.000000,0.000000
1a,1,4,wave1_1a_w1_s4_c792,c7921598,ok,注意の記録,1740,1740,0.000000,0.267816,0.000000,0.000000,0.267816,0.732184,23,0.000000,0.000000
1a,1,5,wave1_1a_w1_s5_c792,c7921598,ok,注意の記録,1740,1740,0.000000,0.270690,0.000000,0.000000,0.277586,0.722414,40,0.000000,0.000000
1a,1,6,wave1_1a_w1_s6_c792,c7921598,ok,注意の記録,1740,1740,0.000000,0.273563,0.000000,0.000000,0.287356,0.712644,29,0.000000,0.000000
1a,1,7,wave1_1a_w1_s7_c792,c7921598,ok,注意の記録,1740,1740,0.000000,0.274713,0.000000,0.000000,0.275862,0.724138,27,0.000000,0.000000
1a,1,8,wave1_1a_w1_s8_c792,c7921598,ok,注意の記録,1740,1740,0.000000,0.308046,0.000000,0.000000,0.310345,0.689655,25,0.000000,0.000000
1a,1,9,wave1_1a_w1_s9_c792,c7921598,ok,注意の記録,1740,1740,0.000575,0.262644,0.000000,0.000575,0.266092,0.733333,24,0.000000,0.000000
1a,1,10,wave1_1a_w1_s10_c792,c7921598,ok,注意の記録,1740,1740,0.000000,0.284483,0.000000,0.000000,0.405747,0.594253,29,0.000000,0.000000
1b,1,11,wave1_1b_w1_s11_c792,c7921598,ok,注意の記録,1740,1740,0.000000,0.271264,0.000000,0.000000,0.277011,0.722989,35,0.000000,0.000000
1b,1,12,wave1_1b_w1_s12_c792,c7921598,ok,注意の記録,1740,1740,0.000000,0.285632,0.000000,0.000000,0.318391,0.681609,31,0.000000,0.000000
1b,1,13,wave1_1b_w1_s13_c792,c7921598,ok,注意の記録,1740,1740,0.000000,0.279885,0.000000,0.000000,0.283333,0.716667,34,0.000000,0.000000
1b,1,14,wave1_1b_w1_s14_c792,c7921598,ok,注意の記録,1740,1740,0.000000,0.290805,0.000000,0.000000,0.296552,0.703448,32,0.000000,0.000000
1b,1,15,wave1_1b_w1_s15_c792,c7921598,ok,注意の記録,1740,1740,0.000000,0.269540,0.000000,0.000000,0.273563,0.726437,25,0.000000,0.000000
1b,1,16,wave1_1b_w1_s16_c792,c7921598,ok,注意の記録,1740,1740,0.000000,0.291954,0.000000,0.000000,0.294253,0.705747,37,0.000000,0.000000
1b,1,17,wave1_1b_w1_s17_c792,c7921598,ok,注意の記録,1740,1740,0.000000,0.275862,0.000000,0.000000,0.278736,0.721264,28,0.000000,0.000000
1b,1,18,wave1_1b_w1_s18_c792,c7921598,ok,注意の記録,1740,1740,0.000000,0.270115,0.000000,0.000000,0.287931,0.712069,34,0.000000,0.000000
1b,1,19,wave1_1b_w1_s19_c792,c7921598,ok,注意の記録,1740,1740,0.000000,0.285057,0.000000,0.000000,0.290230,0.709770,28,0.000000,0.000000
1b,1,20,wave1_1b_w1_s20_c792,c7921598,ok,注意の記録,1740,1740,0.001149,0.289655,0.000000,0.001149,0.292529,0.706322,31,0.000000,0.032258
1a,2,1,wave1_1a_w2_s1_c792,c7921598,ok,注意の記録,1740,1740,0.033333,0.343103,0.031034,0.064368,0.384483,0.551149,33,0.424242,0.181818
1a,2,2,wave1_1a_w2_s2_c792,c7921598,ok,注意の記録,1740,1740,0.012644,0.300000,0.001149,0.013793,0.362069,0.624138,34,0.588235,0.029412
1a,2,3,wave1_1a_w2_s3_c792,c7921598,ok,注意の記録,1740,1740,0.006897,0.372414,0.033333,0.040230,0.419540,0.540230,33,0.090909,0.060606
1a,2,4,wave1_1a_w2_s4_c792,c7921598,ok,注意の記録,1740,1740,0.004598,0.268391,0.000000,0.004598,0.317816,0.677586,23,0.347826,0.000000
1a,2,5,wave1_1a_w2_s5_c792,c7921598,ok,注意の記録,1740,1740,0.000575,0.271839,0.000000,0.000575,0.281034,0.718391,40,0.025000,0.000000
1a,2,6,wave1_1a_w2_s6_c792,c7921598,ok,注意の記録,1740,1740,0.031609,0.281609,0.001724,0.033333,0.344828,0.621839,29,0.448276,0.000000
1a,2,7,wave1_1a_w2_s7_c792,c7921598,ok,注意の記録,1740,1740,0.023563,0.275862,0.000000,0.023563,0.508621,0.467816,27,0.592593,0.000000
1a,2,8,wave1_1a_w2_s8_c792,c7921598,ok,注意の記録,1740,1740,0.017241,0.309770,0.000000,0.017241,0.515517,0.467241,25,0.560000,0.000000
1a,2,9,wave1_1a_w2_s9_c792,c7921598,ok,注意の記録,1740,1740,0.001724,0.265517,0.001149,0.002874,0.268391,0.728736,24,0.083333,0.000000
1a,2,10,wave1_1a_w2_s10_c792,c7921598,ok,注意の記録,1740,1740,0.022414,0.294253,0.004598,0.027011,0.399425,0.573563,29,0.310345,0.310345
1b,2,11,wave1_1b_w2_s11_c792,c7921598,ok,注意の記録,1740,1740,0.028161,0.290805,0.016667,0.044828,0.408621,0.546552,35,0.628571,0.000000
1b,2,12,wave1_1b_w2_s12_c792,c7921598,ok,注意の記録,1740,1740,0.008046,0.308046,0.007471,0.015517,0.450000,0.534483,31,0.193548,0.161290
1b,2,13,wave1_1b_w2_s13_c792,c7921598,ok,注意の記録,1740,1740,0.012644,0.301149,0.019540,0.032184,0.285632,0.682184,34,0.529412,0.000000
1b,2,14,wave1_1b_w2_s14_c792,c7921598,ok,注意の記録,1740,1740,0.005172,0.310920,0.000575,0.005747,0.485057,0.509195,32,0.156250,0.000000
1b,2,15,wave1_1b_w2_s15_c792,c7921598,ok,注意の記録,1740,1740,0.011494,0.324713,0.010345,0.021839,0.497126,0.481034,25,0.200000,0.480000
1b,2,16,wave1_1b_w2_s16_c792,c7921598,ok,注意の記録,1740,1740,0.042529,0.301149,0.006897,0.049425,0.313793,0.636782,37,0.297297,0.027027
1b,2,17,wave1_1b_w2_s17_c792,c7921598,ok,注意の記録,1740,1740,0.038506,0.283908,0.004598,0.043103,0.380460,0.576437,28,0.714286,0.000000
1b,2,18,wave1_1b_w2_s18_c792,c7921598,ok,注意の記録,1740,1740,0.006897,0.279885,0.001724,0.008621,0.432184,0.559195,34,0.235294,0.000000
1b,2,19,wave1_1b_w2_s19_c792,c7921598,ok,注意の記録,1740,1740,0.024713,0.285057,0.000000,0.024713,0.410345,0.564943,28,0.821429,0.000000
1b,2,20,wave1_1b_w2_s20_c792,c7921598,ok,注意の記録,1740,1740,0.003448,0.296552,0.004598,0.008046,0.342529,0.649425,31,0.000000,0.290323
2a,1,1,wave1_2a_w1_s1,e9ed84a,ok,再生 e9ed84a,1740,1740,0.000000,0.273563,0.000000,0.000000,0.330460,0.669540,33,0.000000,0.000000
2a,1,2,wave1_2a_w1_s2,e9ed84a,ok,再生 e9ed84a,1740,1740,0.000000,0.277011,0.000000,0.000000,0.406322,0.593678,34,0.000000,0.000000
2a,1,3,wave1_2a_w1_s3_c574,c57467ea,ok,再生 c57467e,1740,1740,0.000000,0.293103,0.000000,0.000000,0.345977,0.654023,33,0.000000,0.000000
2a,1,4,wave1_2a_w1_s4_c574,c57467ea,ok,再生 c57467e,1740,1740,0.000000,0.267816,0.000000,0.000000,0.324138,0.675862,23,0.000000,0.000000
2a,1,5,wave1_2a_w1_s5_c574,c57467ea,ok,再生 c57467e,1740,1740,0.000000,0.270690,0.000000,0.000000,0.302299,0.697701,40,0.000000,0.000000
2a,1,6,wave1_2a_w1_s6_c574,c57467ea,ok,再生 c57467e,1740,1740,0.000000,0.273563,0.000000,0.000000,0.290230,0.709770,29,0.000000,0.000000
2a,1,7,wave1_2a_w1_s7_c574,c57467ea,ok,再生 c57467e,1740,1740,0.000000,0.275287,0.000000,0.000000,0.316667,0.683333,27,0.000000,0.000000
2a,1,8,wave1_2a_w1_s8_c574,c57467ea,ok,再生 c57467e,1740,1740,0.000000,0.308046,0.000000,0.000000,0.311494,0.688506,25,0.000000,0.000000
2a,1,9,wave1_2a_w1_s9_c574,c57467ea,ok,再生 c57467e,1740,1740,0.000000,0.263218,0.000000,0.000000,0.281609,0.718391,24,0.000000,0.000000
2a,1,10,wave1_2a_w1_s10_c574,c57467ea,ok,再生 c57467e,1740,1740,0.000000,0.284483,0.000000,0.000000,0.330460,0.669540,29,0.000000,0.000000
2b,1,11,wave1_2b_w1_s11_c574,c57467ea,ok,再生 c57467e,1740,1740,0.000000,0.272989,0.000000,0.000000,0.341954,0.658046,35,0.000000,0.000000
2b,1,12,wave1_2b_w1_s12_c574,c57467ea,ok,再生 c57467e,1740,1740,0.000000,0.286207,0.000000,0.000000,0.329885,0.670115,31,0.000000,0.000000
2b,1,13,wave1_2b_w1_s13_c574,c57467ea,ok,再生 c57467e,1740,1740,0.000000,0.279885,0.000000,0.000000,0.288506,0.711494,34,0.000000,0.000000
2b,1,14,wave1_2b_w1_s14_c574,c57467ea,ok,再生 c57467e,1740,1740,0.000000,0.290805,0.000000,0.000000,0.416092,0.583908,32,0.000000,0.000000
2b,1,15,wave1_2b_w1_s15_c574,c57467ea,ok,再生 c57467e,1740,1740,0.000000,0.269540,0.000000,0.000000,0.300000,0.700000,25,0.000000,0.000000
2b,1,16,wave1_2b_w1_s16_c574,c57467ea,ok,再生 c57467e,1740,1740,0.000000,0.291954,0.000000,0.000000,0.436782,0.563218,37,0.000000,0.000000
2b,1,17,wave1_2b_w1_s17_c574,c57467ea,ok,再生 c57467e,1740,1740,0.000000,0.275862,0.000000,0.000000,0.407471,0.592529,28,0.000000,0.000000
2b,1,18,wave1_2b_w1_s18_c574,c57467ea,ok,再生 c57467e,1740,1740,0.000000,0.270115,0.000000,0.000000,0.339080,0.660920,34,0.000000,0.000000
2b,1,19,wave1_2b_w1_s19_c574,c57467ea,ok,再生 c57467e,1740,1740,0.000000,0.285057,0.000000,0.000000,0.378736,0.621264,28,0.000000,0.000000
2b,1,20,wave1_2b_w1_s20_c574,c57467ea,ok,再生 c57467e,1740,1740,0.000000,0.290805,0.000000,0.000000,0.413218,0.586782,31,0.000000,0.032258
2a,2,1,wave1_2a_w2_s1,e9ed84a,ok,再生 e9ed84a,1740,1740,0.008046,0.275862,0.000000,0.008046,0.362069,0.629885,33,0.424242,0.000000
2a,2,2,wave1_2a_w2_s2,e9ed84a,ok,再生 e9ed84a,1740,1740,0.000000,0.279885,0.000575,0.000575,0.401149,0.598276,34,0.000000,0.058824
2a,2,3,wave1_2a_w2_s3_c574,c57467ea,ok,再生 c57467e,1740,1740,0.000000,0.294253,0.000575,0.000575,0.335057,0.664368,33,0.000000,0.030303
2a,2,4,wave1_2a_w2_s4_c574,c57467ea,ok,再生 c57467e,1740,1740,0.009195,0.267816,0.000000,0.009195,0.286207,0.704598,23,0.652174,0.000000
2a,2,5,wave1_2a_w2_s5_c574,c57467ea,ok,再生 c57467e,1740,1740,0.010920,0.271264,0.000000,0.010920,0.329310,0.659770,40,0.475000,0.000000
2a,2,6,wave1_2a_w2_s6_c574,c57467ea,ok,再生 c57467e,1740,1740,0.003448,0.278161,0.000000,0.003448,0.317816,0.678736,29,0.172414,0.000000
2a,2,7,wave1_2a_w2_s7_c574,c57467ea,ok,再生 c57467e,1740,1740,0.000000,0.277011,0.000000,0.000000,0.323563,0.676437,27,0.000000,0.000000
2a,2,8,wave1_2a_w2_s8_c574,c57467ea,ok,再生 c57467e,1740,1740,0.002299,0.313793,0.000000,0.002299,0.318966,0.678736,25,0.160000,0.000000
2a,2,9,wave1_2a_w2_s9_c574,c57467ea,ok,再生 c57467e,1740,1740,0.000000,0.265517,0.000000,0.000000,0.297126,0.702874,24,0.000000,0.000000
2a,2,10,wave1_2a_w2_s10_c574,c57467ea,ok,再生 c57467e,1740,1740,0.002874,0.289080,0.000575,0.003448,0.332759,0.663793,29,0.172414,0.034483
2b,2,11,wave1_2b_w2_s11_c574,c57467ea,ok,再生 c57467e,1740,1740,0.000000,0.272989,0.000000,0.000000,0.400575,0.599425,35,0.000000,0.000000
2b,2,12,wave1_2b_w2_s12_c574,c57467ea,ok,再生 c57467e,1740,1740,0.000000,0.287931,0.000000,0.000000,0.311494,0.688506,31,0.000000,0.000000
2b,2,13,wave1_2b_w2_s13_c574,c57467ea,ok,再生 c57467e,1740,1740,0.001724,0.282184,0.000000,0.001724,0.291379,0.706897,34,0.088235,0.000000
2b,2,14,wave1_2b_w2_s14_c574,c57467ea,ok,再生 c57467e,1740,1740,0.001149,0.291379,0.000000,0.001149,0.384483,0.614368,32,0.062500,0.000000
2b,2,15,wave1_2b_w2_s15_c574,c57467ea,ok,再生 c57467e,1740,1740,0.001149,0.269540,0.000000,0.001149,0.335632,0.663218,25,0.040000,0.000000
2b,2,16,wave1_2b_w2_s16_c574,c57467ea,ok,再生 c57467e,1740,1740,0.003448,0.294253,0.000575,0.004023,0.335057,0.660920,37,0.162162,0.027027
2b,2,17,wave1_2b_w2_s17_c574,c57467ea,ok,再生 c57467e,1740,1740,0.000575,0.277011,0.000000,0.000575,0.397126,0.602299,28,0.035714,0.000000
2b,2,18,wave1_2b_w2_s18_c574,c57467ea,ok,再生 c57467e,1740,1740,0.000000,0.273563,0.000000,0.000000,0.340805,0.659195,34,0.000000,0.000000
2b,2,19,wave1_2b_w2_s19_c574,c57467ea,ok,再生 c57467e,1740,1740,0.000000,0.286782,0.000000,0.000000,0.366667,0.633333,28,0.000000,0.071429
2b,2,20,wave1_2b_w2_s20_c574,c57467ea,ok,再生 c57467e,1740,1740,0.000000,0.291379,0.000575,0.000575,0.365517,0.633908,31,0.000000,0.064516
3a,1,1,wave1_3a_w1_s1_c792,c7921598,ok,注意の記録,1740,1740,0.000000,0.272989,0.000000,0.000000,0.275287,0.724713,33,0.000000,0.000000
3a,1,2,wave1_3a_w1_s2,4ceadf63,ok,注意の記録,1740,1740,0.000000,0.275862,0.000000,0.000000,0.278161,0.721839,34,0.000000,0.000000
3a,1,3,wave1_3a_w1_s3_c792,c7921598,ok,注意の記録,1740,1740,0.000000,0.293103,0.000000,0.000000,0.297701,0.702299,33,0.000000,0.000000
3a,1,4,wave1_3a_w1_s4_c792,c7921598,ok,注意の記録,1740,1740,0.000000,0.267816,0.000000,0.000000,0.267816,0.732184,23,0.000000,0.000000
3a,1,5,wave1_3a_w1_s5_c792,c7921598,ok,注意の記録,1740,1740,0.000000,0.270690,0.000000,0.000000,0.277586,0.722414,40,0.000000,0.000000
3a,1,6,wave1_3a_w1_s6_c792,c7921598,ok,注意の記録,1740,1740,0.000000,0.273563,0.000000,0.000000,0.287356,0.712644,29,0.000000,0.000000
3a,1,7,wave1_3a_w1_s7_c792,c7921598,ok,注意の記録,1740,1740,0.000000,0.274713,0.000000,0.000000,0.275862,0.724138,27,0.000000,0.000000
3a,1,8,wave1_3a_w1_s8_c792,c7921598,ok,注意の記録,1740,1740,0.000000,0.308046,0.000000,0.000000,0.310345,0.689655,25,0.000000,0.000000
3a,1,9,wave1_3a_w1_s9_c792,c7921598,ok,注意の記録,1740,1740,0.000575,0.262644,0.000000,0.000575,0.266092,0.733333,24,0.000000,0.000000
3a,1,10,wave1_3a_w1_s10_c792,c7921598,ok,注意の記録,1740,1740,0.000000,0.284483,0.000000,0.000000,0.405747,0.594253,29,0.000000,0.000000
3b,1,11,wave1_3b_w1_s11_c792,c7921598,ok,注意の記録,1740,1740,0.000000,0.271264,0.000000,0.000000,0.277011,0.722989,35,0.000000,0.000000
3b,1,12,,,未完（持ち帰っていない）,,0,,,,,,,,,,
3b,1,13,wave1_3b_w1_s13_c792,c7921598,ok,注意の記録,1740,1740,0.000000,0.279885,0.000000,0.000000,0.283333,0.716667,34,0.000000,0.000000
3b,1,14,wave1_3b_w1_s14_c792,c7921598,ok,注意の記録,1740,1740,0.000000,0.290805,0.000000,0.000000,0.296552,0.703448,32,0.000000,0.000000
3b,1,15,wave1_3b_w1_s15_c792,c7921598,ok,注意の記録,1740,1740,0.000000,0.269540,0.000000,0.000000,0.273563,0.726437,25,0.000000,0.000000
3b,1,16,wave1_3b_w1_s16_c792,c7921598,ok,注意の記録,1740,1740,0.000000,0.291954,0.000000,0.000000,0.294253,0.705747,37,0.000000,0.000000
3b,1,17,,,未完（持ち帰っていない）,,0,,,,,,,,,,
3b,1,18,,,未完（持ち帰っていない）,,0,,,,,,,,,,
3b,1,19,,,未完（持ち帰っていない）,,0,,,,,,,,,,
3b,1,20,,,未完（持ち帰っていない）,,0,,,,,,,,,,
3a,2,1,wave1_3a_w2_s1_c792,c7921598,ok,注意の記録,1740,1740,0.032184,0.332759,0.031034,0.063218,0.368391,0.568391,33,0.393939,0.060606
3a,2,2,wave1_3a_w2_s2_c792,c7921598,ok,注意の記録,1740,1740,0.008046,0.299425,0.004023,0.012069,0.354023,0.633908,34,0.352941,0.000000
3a,2,3,wave1_3a_w2_s3_c792,c7921598,ok,注意の記録,1740,1740,0.006897,0.372414,0.033333,0.040230,0.419540,0.540230,33,0.090909,0.060606
3a,2,4,wave1_3a_w2_s4_c792,c7921598,ok,注意の記録,1740,1740,0.012644,0.267816,0.000000,0.012644,0.327586,0.659770,23,0.391304,0.000000
3a,2,5,wave1_3a_w2_s5_c792,c7921598,ok,注意の記録,1740,1740,0.000575,0.271839,0.000000,0.000575,0.281034,0.718391,40,0.025000,0.000000
3a,2,6,wave1_3a_w2_s6_c792,c7921598,ok,注意の記録,1740,1740,0.031609,0.281609,0.001724,0.033333,0.344828,0.621839,29,0.448276,0.000000
3a,2,7,,,未完（持ち帰っていない）,,0,,,,,,,,,,
3a,2,8,,,未完（持ち帰っていない）,,0,,,,,,,,,,
3a,2,9,wave1_3a_w2_s9_c792,c7921598,ok,注意の記録,1740,1740,0.001724,0.265517,0.001149,0.002874,0.268391,0.728736,24,0.083333,0.000000
3a,2,10,,,未完（持ち帰っていない）,,0,,,,,,,,,,
3b,2,11,wave1_3b_w2_s11_c792,c7921598,ok,注意の記録,1740,1740,0.033908,0.271264,0.000000,0.033908,0.282184,0.683908,35,0.428571,0.000000
3b,2,12,,,未完（持ち帰っていない）,,0,,,,,,,,,,
3b,2,13,wave1_3b_w2_s13_c792,c7921598,ok,注意の記録,1740,1740,0.010345,0.301149,0.019540,0.029885,0.285632,0.684483,34,0.411765,0.000000
3b,2,14,,,未完（持ち帰っていない）,,0,,,,,,,,,,
3b,2,15,,,未完（持ち帰っていない）,,0,,,,,,,,,,
3b,2,16,,,未完（持ち帰っていない）,,0,,,,,,,,,,
3b,2,17,,,未完（持ち帰っていない）,,0,,,,,,,,,,
3b,2,18,,,未完（持ち帰っていない）,,0,,,,,,,,,,
3b,2,19,,,未完（持ち帰っていない）,,0,,,,,,,,,,
3b,2,20,,,未完（持ち帰っていない）,,0,,,,,,,,,,
4a,1,1,wave1_4a_w1_s1_c792,c7921598,ok,注意の記録,1740,1740,0.000000,0.272989,0.000000,0.000000,0.275287,0.724713,33,0.000000,0.000000
4a,1,2,wave1_4a_w1_s2,4ceadf63,ok,注意の記録,1740,1740,0.000000,0.275862,0.000000,0.000000,0.278161,0.721839,34,0.000000,0.000000
4a,1,3,wave1_4a_w1_s3_c792,c7921598,ok,注意の記録,1740,1740,0.000000,0.293103,0.000000,0.000000,0.297701,0.702299,33,0.000000,0.000000
4a,1,4,wave1_4a_w1_s4_c792,c7921598,ok,注意の記録,1740,1740,0.000000,0.267816,0.000000,0.000000,0.267816,0.732184,23,0.000000,0.000000
4a,1,5,wave1_4a_w1_s5_c792,c7921598,ok,注意の記録,1740,1740,0.000000,0.270690,0.000000,0.000000,0.277586,0.722414,40,0.000000,0.000000
4a,1,6,wave1_4a_w1_s6_c792,c7921598,ok,注意の記録,1740,1740,0.000000,0.273563,0.000000,0.000000,0.287356,0.712644,29,0.000000,0.000000
4a,1,7,wave1_4a_w1_s7_c792,c7921598,ok,注意の記録,1740,1740,0.000000,0.274713,0.000000,0.000000,0.275862,0.724138,27,0.000000,0.000000
4a,1,8,wave1_4a_w1_s8_c792,c7921598,ok,注意の記録,1740,1740,0.000000,0.308046,0.000000,0.000000,0.310345,0.689655,25,0.000000,0.000000
4a,1,9,wave1_4a_w1_s9_c792,c7921598,ok,注意の記録,1740,1740,0.000575,0.262644,0.000000,0.000575,0.350000,0.649425,24,0.000000,0.000000
4a,1,10,wave1_4a_w1_s10_c792,c7921598,ok,注意の記録,1740,1740,0.000000,0.284483,0.000000,0.000000,0.404023,0.595977,29,0.000000,0.000000
4b,1,11,wave1_4b_w1_s11_c792,c7921598,ok,注意の記録,1740,1740,0.000000,0.271264,0.000000,0.000000,0.277011,0.722989,35,0.000000,0.000000
4b,1,12,wave1_4b_w1_s12_c792,c7921598,ok,注意の記録,1740,1740,0.000000,0.285632,0.000000,0.000000,0.317241,0.682759,31,0.000000,0.000000
4b,1,13,wave1_4b_w1_s13_c792,c7921598,ok,注意の記録,1740,1740,0.000000,0.279885,0.000000,0.000000,0.283333,0.716667,34,0.000000,0.000000
4b,1,14,wave1_4b_w1_s14_c792,c7921598,ok,注意の記録,1740,1740,0.000000,0.290805,0.000000,0.000000,0.296552,0.703448,32,0.000000,0.000000
4b,1,15,wave1_4b_w1_s15_c792,c7921598,ok,注意の記録,1740,1740,0.000000,0.269540,0.000000,0.000000,0.273563,0.726437,25,0.000000,0.000000
4b,1,16,wave1_4b_w1_s16_c792,c7921598,ok,注意の記録,1740,1740,0.000000,0.291954,0.000000,0.000000,0.294253,0.705747,37,0.000000,0.000000
4b,1,17,wave1_4b_w1_s17_c792,c7921598,ok,注意の記録,1740,1740,0.000000,0.275862,0.000000,0.000000,0.278736,0.721264,28,0.000000,0.000000
4b,1,18,wave1_4b_w1_s18_c792,c7921598,ok,注意の記録,1740,1740,0.000000,0.270115,0.000000,0.000000,0.287931,0.712069,34,0.000000,0.000000
4b,1,19,wave1_4b_w1_s19_c792,c7921598,ok,注意の記録,1740,1740,0.000000,0.285057,0.000000,0.000000,0.290230,0.709770,28,0.000000,0.000000
4b,1,20,wave1_4b_w1_s20_c792,c7921598,ok,注意の記録,1740,1740,0.001149,0.289655,0.000000,0.001149,0.292529,0.706322,31,0.000000,0.032258
4a,2,1,wave1_4a_w2_s1_c792,c7921598,ok,注意の記録,1740,1740,0.033333,0.343103,0.031034,0.064368,0.384483,0.551149,33,0.424242,0.181818
4a,2,2,wave1_4a_w2_s2_c792,c7921598,ok,注意の記録,1740,1740,0.012644,0.300000,0.001149,0.013793,0.362069,0.624138,34,0.588235,0.029412
4a,2,3,wave1_4a_w2_s3_c792,c7921598,ok,注意の記録,1740,1740,0.006897,0.371839,0.033333,0.040230,0.347126,0.612644,33,0.090909,0.030303
4a,2,4,wave1_4a_w2_s4_c792,c7921598,ok,注意の記録,1740,1740,0.004598,0.268391,0.000000,0.004598,0.317816,0.677586,23,0.347826,0.000000
4a,2,5,wave1_4a_w2_s5_c792,c7921598,ok,注意の記録,1740,1740,0.000575,0.271839,0.000000,0.000575,0.281034,0.718391,40,0.025000,0.000000
4a,2,6,wave1_4a_w2_s6_c792,c7921598,ok,注意の記録,1740,1740,0.031034,0.281609,0.001724,0.032759,0.344828,0.622414,29,0.448276,0.000000
4a,2,7,wave1_4a_w2_s7_c792,c7921598,ok,注意の記録,1740,1740,0.023563,0.275862,0.000000,0.023563,0.508621,0.467816,27,0.592593,0.000000
4a,2,8,wave1_4a_w2_s8_c792,c7921598,ok,注意の記録,1740,1740,0.017241,0.309770,0.000000,0.017241,0.515517,0.467241,25,0.560000,0.000000
4a,2,9,wave1_4a_w2_s9_c792,c7921598,ok,注意の記録,1740,1740,0.001724,0.265517,0.001149,0.002874,0.268391,0.728736,24,0.083333,0.000000
4a,2,10,wave1_4a_w2_s10_c792,c7921598,ok,注意の記録,1740,1740,0.022414,0.294253,0.004598,0.027011,0.399425,0.573563,29,0.310345,0.310345
4b,2,11,wave1_4b_w2_s11_c792,c7921598,ok,注意の記録,1740,1740,0.028161,0.290805,0.016667,0.044828,0.408621,0.546552,35,0.628571,0.000000
4b,2,12,wave1_4b_w2_s12_c792,c7921598,ok,注意の記録,1740,1740,0.021264,0.289655,0.002299,0.023563,0.440230,0.536207,31,0.548387,0.064516
4b,2,13,wave1_4b_w2_s13_c792,c7921598,ok,注意の記録,1740,1740,0.012644,0.301149,0.019540,0.032184,0.285632,0.682184,34,0.529412,0.000000
4b,2,14,wave1_4b_w2_s14_c792,c7921598,ok,注意の記録,1740,1740,0.005172,0.310920,0.000575,0.005747,0.485057,0.509195,32,0.156250,0.000000
4b,2,15,wave1_4b_w2_s15_c792,c7921598,ok,注意の記録,1740,1740,0.006322,0.325862,0.012069,0.018391,0.490230,0.491379,25,0.200000,0.480000
4b,2,16,wave1_4b_w2_s16_c792,c7921598,ok,注意の記録,1740,1740,0.042529,0.301149,0.006897,0.049425,0.313793,0.636782,37,0.297297,0.027027
4b,2,17,wave1_4b_w2_s17_c792,c7921598,ok,注意の記録,1740,1740,0.038506,0.283908,0.004598,0.043103,0.380460,0.576437,28,0.714286,0.000000
4b,2,18,wave1_4b_w2_s18_c792,c7921598,ok,注意の記録,1740,1740,0.006897,0.279885,0.001724,0.008621,0.432184,0.559195,34,0.235294,0.000000
4b,2,19,wave1_4b_w2_s19_c792,c7921598,ok,注意の記録,1740,1740,0.024713,0.285057,0.000000,0.024713,0.410345,0.564943,28,0.821429,0.000000
4b,2,20,wave1_4b_w2_s20_c792,c7921598,ok,注意の記録,1740,1740,0.003448,0.296552,0.004598,0.008046,0.342529,0.649425,31,0.000000,0.290323
5a,1,1,,,未完（持ち帰っていない）,,0,,,,,,,,,,
5a,1,2,wave1_5a_w1_s2,e9ed84a,ok,注意の記録,1740,1740,0.004023,0.277011,0.000000,0.004023,0.279310,0.716667,34,0.000000,0.000000
5a,1,3,,,未完（持ち帰っていない）,,0,,,,,,,,,,
5a,1,4,wave1_5a_w1_s4_c574,c57467ea,ok,注意の記録,1740,1740,0.000000,0.267816,0.000000,0.000000,0.268966,0.731034,23,0.000000,0.000000
5a,1,5,wave1_5a_w1_s5_c574,c57467ea,ok,注意の記録,1740,1740,0.001724,0.270690,0.000000,0.001724,0.274138,0.724138,40,0.000000,0.000000
5a,1,6,wave1_5a_w1_s6_c574,c57467ea,ok,注意の記録,1740,1740,0.000000,0.273563,0.000000,0.000000,0.278161,0.721839,29,0.000000,0.000000
5a,1,7,wave1_5a_w1_s7_c574,c57467ea,ok,注意の記録,1740,1740,0.000000,0.275287,0.000000,0.000000,0.278161,0.721839,27,0.000000,0.000000
5a,1,8,wave1_5a_w1_s8_c574,c57467ea,ok,注意の記録,1740,1740,0.005747,0.308046,0.000000,0.005747,0.316667,0.677586,25,0.000000,0.000000
5a,1,9,wave1_5a_w1_s9_c574,c57467ea,ok,注意の記録,1740,1740,0.002874,0.263218,0.000000,0.002874,0.267816,0.729310,24,0.000000,0.000000
5a,1,10,wave1_5a_w1_s10_c574,c57467ea,ok,注意の記録,1740,1740,0.048276,0.285057,0.000000,0.048276,0.292529,0.659195,29,0.000000,0.000000
5b,1,11,,,未完（持ち帰っていない）,,0,,,,,,,,,,
5b,1,12,wave1_5b_w1_s12_c574,c57467ea,ok,注意の記録,1740,1740,0.000575,0.286207,0.000000,0.000575,0.289655,0.709770,31,0.000000,0.000000
5b,1,13,wave1_5b_w1_s13_c574,c57467ea,ok,注意の記録,1740,1740,0.001724,0.279885,0.000000,0.001724,0.291379,0.706897,34,0.000000,0.000000
5b,1,14,wave1_5b_w1_s14_c574,c57467ea,ok,注意の記録,1740,1740,0.027586,0.290805,0.000000,0.027586,0.300000,0.672414,32,0.000000,0.000000
5b,1,15,wave1_5b_w1_s15_c574,c57467ea,ok,注意の記録,1740,1740,0.001724,0.269540,0.000000,0.001724,0.274138,0.724138,25,0.000000,0.000000
5b,1,16,,,未完（持ち帰っていない）,,0,,,,,,,,,,
5b,1,17,wave1_5b_w1_s17_c574,c57467ea,ok,注意の記録,1740,1740,0.074138,0.275862,0.000000,0.074138,0.292529,0.633333,28,0.000000,0.000000
5b,1,18,wave1_5b_w1_s18_c574,c57467ea,ok,注意の記録,1740,1740,0.000000,0.270115,0.000000,0.000000,0.272989,0.727011,34,0.000000,0.000000
5b,1,19,wave1_5b_w1_s19_c574,c57467ea,ok,注意の記録,1740,1740,0.000575,0.285057,0.000000,0.000575,0.286782,0.712644,28,0.000000,0.000000
5b,1,20,wave1_5b_w1_s20_c574,c57467ea,ok,注意の記録,1740,1740,0.002874,0.290805,0.000000,0.002874,0.298276,0.698851,31,0.000000,0.032258
5a,2,1,wave1_5a_w2_s1,e9ed84a,ok,注意の記録,1740,1740,0.035057,0.272989,0.000000,0.035057,0.292529,0.672414,33,0.393939,0.000000
5a,2,2,wave1_5a_w2_s2,e9ed84a,ok,注意の記録,1740,1740,0.082759,0.289655,0.011494,0.094253,0.298851,0.606897,34,0.500000,0.147059
5a,2,3,wave1_5a_w2_s3_c574,c57467ea,ok,注意の記録,1740,1740,0.035632,0.302299,0.009195,0.044828,0.308046,0.647126,33,0.484848,0.030303
5a,2,4,wave1_5a_w2_s4_c574,c57467ea,ok,注意の記録,1740,1740,0.053448,0.268966,0.001724,0.055172,0.280460,0.664368,23,0.347826,0.000000
5a,2,5,,,未完（持ち帰っていない）,,0,,,,,,,,,,
5a,2,6,,,未完（持ち帰っていない）,,0,,,,,,,,,,
5a,2,7,wave1_5a_w2_s7_c574,c57467ea,ok,注意の記録,1740,1740,0.048276,0.276437,0.000575,0.048851,0.296552,0.654598,27,0.444444,0.037037
5a,2,8,wave1_5a_w2_s8_c574,c57467ea,ok,注意の記録,1740,1740,0.025862,0.318391,0.006322,0.032184,0.337356,0.630460,25,0.320000,0.120000
5a,2,9,,,未完（持ち帰っていない）,,0,,,,,,,,,,
5a,2,10,wave1_5a_w2_s10_c574,c57467ea,ok,注意の記録,1740,1740,0.033908,0.317816,0.028161,0.062069,0.303448,0.634483,29,0.310345,0.413793
5b,2,11,,,未完（持ち帰っていない）,,0,,,,,,,,,,
5b,2,12,wave1_5b_w2_s12_c574,c57467ea,ok,注意の記録,1740,1740,0.034483,0.318966,0.028161,0.062644,0.300575,0.636782,31,0.612903,0.000000
5b,2,13,wave1_5b_w2_s13_c574,c57467ea,ok,注意の記録,1740,1740,0.049425,0.279885,0.000000,0.049425,0.310345,0.640230,34,0.294118,0.000000
5b,2,14,wave1_5b_w2_s14_c574,c57467ea,ok,注意の記録,1740,1740,0.024138,0.291954,0.000575,0.024713,0.310920,0.664368,32,0.218750,0.000000
5b,2,15,,,未完（持ち帰っていない）,,0,,,,,,,,,,
5b,2,16,wave1_5b_w2_s16_c574,c57467ea,ok,注意の記録,1740,1740,0.056322,0.295977,0.003448,0.059770,0.313793,0.626437,37,0.270270,0.189189
5b,2,17,wave1_5b_w2_s17_c574,c57467ea,ok,注意の記録,1740,1740,0.068391,0.278736,0.001724,0.070115,0.313218,0.616667,28,0.428571,0.071429
5b,2,18,wave1_5b_w2_s18_c574,c57467ea,ok,注意の記録,1740,1740,0.029310,0.292529,0.020690,0.050000,0.287931,0.662069,34,0.529412,0.088235
5b,2,19,,,未完（持ち帰っていない）,,0,,,,,,,,,,
5b,2,20,wave1_5b_w2_s20_c574,c57467ea,ok,注意の記録,1740,1740,0.048851,0.294253,0.003448,0.052299,0.300575,0.647126,31,0.322581,0.096774
6a,1,1,wave1_6a_w1_s1_c792,c7921598,ok,注意の記録,1740,1740,0.000000,0.272989,0.000000,0.000000,0.277011,0.722989,33,0.000000,0.000000
6a,1,2,wave1_6a_w1_s2,4ceadf63,ok,注意の記録,1740,1740,0.000575,0.276437,0.000575,0.001149,0.286782,0.712069,34,0.000000,0.000000
6a,1,3,wave1_6a_w1_s3_c792,c7921598,ok,注意の記録,1740,1740,0.000000,0.293103,0.000000,0.000000,0.295402,0.704598,33,0.000000,0.000000
6a,1,4,wave1_6a_w1_s4_c792,c7921598,ok,注意の記録,1740,1740,0.000000,0.267816,0.000000,0.000000,0.271839,0.728161,23,0.000000,0.000000
6a,1,5,wave1_6a_w1_s5_c792,c7921598,ok,注意の記録,1740,1740,0.000000,0.270690,0.000000,0.000000,0.274713,0.725287,40,0.000000,0.000000
6a,1,6,wave1_6a_w1_s6_c792,c7921598,ok,注意の記録,1740,1740,0.000000,0.273563,0.000000,0.000000,0.276437,0.723563,29,0.000000,0.000000
6a,1,7,wave1_6a_w1_s7_c792,c7921598,ok,注意の記録,1740,1740,0.002299,0.275287,0.000575,0.002874,0.278161,0.718966,27,0.000000,0.000000
6a,1,8,wave1_6a_w1_s8_c792,c7921598,ok,注意の記録,1740,1740,0.000575,0.313218,0.001149,0.001724,0.313218,0.685057,25,0.000000,0.040000
6a,1,9,wave1_6a_w1_s9_c792,c7921598,ok,注意の記録,1740,1740,0.001724,0.281034,0.000575,0.002299,0.316092,0.681609,24,0.000000,0.083333
6a,1,10,wave1_6a_w1_s10_c792,c7921598,ok,注意の記録,1740,1740,0.010920,0.307471,0.000575,0.011494,0.322989,0.665517,29,0.000000,0.034483
6b,1,11,wave1_6b_w1_s11_c792,c7921598,ok,注意の記録,1740,1740,0.000575,0.271264,0.000000,0.000575,0.274713,0.724713,35,0.000000,0.000000
6b,1,12,wave1_6b_w1_s12_c792,c7921598,ok,注意の記録,1740,1740,0.001149,0.285632,0.000000,0.001149,0.293678,0.705172,31,0.000000,0.000000
6b,1,13,wave1_6b_w1_s13_c792,c7921598,ok,注意の記録,1740,1740,0.000575,0.279885,0.000000,0.000575,0.281034,0.718391,34,0.000000,0.000000
6b,1,14,wave1_6b_w1_s14_c792,c7921598,ok,注意の記録,1740,1740,0.003448,0.290805,0.000000,0.003448,0.294253,0.702299,32,0.000000,0.000000
6b,1,15,wave1_6b_w1_s15_c792,c7921598,ok,注意の記録,1740,1740,0.000000,0.269540,0.000000,0.000000,0.270690,0.729310,25,0.000000,0.000000
6b,1,16,wave1_6b_w1_s16_c792,c7921598,ok,注意の記録,1740,1740,0.014368,0.303448,0.001149,0.015517,0.319540,0.664943,37,0.081081,0.027027
6b,1,17,wave1_6b_w1_s17_c792,c7921598,ok,注意の記録,1740,1740,0.009770,0.275862,0.000000,0.009770,0.281034,0.709195,28,0.000000,0.000000
6b,1,18,wave1_6b_w1_s18_c792,c7921598,ok,注意の記録,1740,1740,0.000000,0.270115,0.000000,0.000000,0.274713,0.725287,34,0.000000,0.000000
6b,1,19,wave1_6b_w1_s19_c792,c7921598,ok,注意の記録,1740,1740,0.000000,0.285057,0.000000,0.000000,0.288506,0.711494,28,0.000000,0.000000
6b,1,20,wave1_6b_w1_s20_c792,c7921598,ok,注意の記録,1740,1740,0.012644,0.300000,0.008621,0.021264,0.295977,0.682759,31,0.000000,0.032258
6a,2,1,wave1_6a_w2_s1,4ceadf63,ok,注意の記録,1740,1740,0.018391,0.279310,0.000000,0.018391,0.334483,0.647126,33,0.909091,0.000000
6a,2,2,wave1_6a_w2_s2_c792,c7921598,ok,注意の記録,1740,1740,0.008046,0.277586,0.001724,0.009770,0.331034,0.659195,34,0.176471,0.029412
6a,2,3,wave1_6a_w2_s3_c792,c7921598,ok,注意の記録,1740,1740,0.004598,0.296552,0.002874,0.007471,0.310920,0.681609,33,0.030303,0.030303
6a,2,4,wave1_6a_w2_s4_c792,c7921598,ok,注意の記録,1740,1740,0.010345,0.268391,0.000575,0.010920,0.269540,0.719540,23,0.782609,0.043478
6a,2,5,,,未完（持ち帰っていない）,,0,,,,,,,,,,
6a,2,6,wave1_6a_w2_s6_c792,c7921598,ok,注意の記録,1740,1740,0.004023,0.273563,0.000000,0.004023,0.274713,0.721264,29,0.241379,0.000000
6a,2,7,wave1_6a_w2_s7_c792,c7921598,ok,注意の記録,1740,1740,0.017241,0.275287,0.000575,0.017816,0.284483,0.697701,27,0.888889,0.000000
6a,2,8,wave1_6a_w2_s8_c792,c7921598,ok,注意の記録,1740,1740,0.002874,0.308621,0.000000,0.002874,0.313793,0.683333,25,0.160000,0.000000
6a,2,9,wave1_6a_w2_s9_c792,c7921598,ok,注意の記録,1740,1740,0.014943,0.293678,0.023563,0.038506,0.332759,0.628736,24,0.208333,0.416667
6a,2,10,wave1_6a_w2_s10_c792,c7921598,ok,注意の記録,1740,1740,0.009770,0.320115,0.028161,0.037931,0.302299,0.659770,29,0.310345,0.655172
6b,2,11,wave1_6b_w2_s11_c792,c7921598,ok,注意の記録,1740,1740,0.003448,0.271839,0.000575,0.004023,0.282184,0.713793,35,0.142857,0.000000
6b,2,12,wave1_6b_w2_s12_c792,c7921598,ok,注意の記録,1740,1740,0.025287,0.285632,0.000000,0.025287,0.330460,0.644253,31,0.580645,0.000000
6b,2,13,wave1_6b_w2_s13_c792,c7921598,ok,注意の記録,1740,1740,0.002299,0.279885,0.000000,0.002299,0.288506,0.709195,34,0.088235,0.000000
6b,2,14,wave1_6b_w2_s14_c792,c7921598,ok,注意の記録,1740,1740,0.032759,0.295977,0.000000,0.032759,0.348276,0.618966,32,0.125000,0.250000
6b,2,15,wave1_6b_w2_s15_c792,c7921598,ok,注意の記録,1740,1740,0.000575,0.269540,0.000000,0.000575,0.274138,0.725287,25,0.040000,0.000000
6b,2,16,wave1_6b_w2_s16_c792,c7921598,ok,注意の記録,1740,1740,0.013218,0.292529,0.000575,0.013793,0.298276,0.687931,37,0.486486,0.027027
6b,2,17,,,未完（持ち帰っていない）,,0,,,,,,,,,,
6b,2,18,wave1_6b_w2_s18_c792,c7921598,ok,注意の記録,1740,1740,0.016092,0.271839,0.000000,0.016092,0.294828,0.689080,34,0.617647,0.000000
6b,2,19,wave1_6b_w2_s19_c792,c7921598,ok,注意の記録,1740,1740,0.004023,0.285057,0.000000,0.004023,0.302874,0.693103,28,0.178571,0.000000
6b,2,20,wave1_6b_w2_s20_c792,c7921598,ok,注意の記録,1740,1740,0.022414,0.305172,0.012644,0.035057,0.313793,0.651149,31,0.838710,0.064516
7a,1,1,wave1_7a_w1_s1,4ceadf63,ok,注意の記録,1740,1740,0.000000,0.272989,0.000000,0.000000,0.361494,0.638506,33,0.000000,0.000000
7a,1,2,wave1_7a_w1_s2,4ceadf63,ok,注意の記録,1740,1740,0.000000,0.277011,0.000000,0.000000,0.391954,0.608046,34,0.000000,0.000000
7a,1,3,wave1_7a_w1_s3_c792,c7921598,ok,注意の記録,1740,1740,0.000000,0.293103,0.000000,0.000000,0.335057,0.664943,33,0.000000,0.000000
7a,1,4,wave1_7a_w1_s4_c792,c7921598,ok,注意の記録,1740,1740,0.000000,0.267816,0.000000,0.000000,0.278736,0.721264,23,0.000000,0.000000
7a,1,5,wave1_7a_w1_s5_c792,c7921598,ok,注意の記録,1740,1740,0.000000,0.270690,0.000000,0.000000,0.324138,0.675862,40,0.000000,0.000000
7a,1,6,wave1_7a_w1_s6_c792,c7921598,ok,注意の記録,1740,1740,0.000000,0.273563,0.000000,0.000000,0.307471,0.692529,29,0.000000,0.000000
7a,1,7,wave1_7a_w1_s7_c792,c7921598,ok,注意の記録,1740,1740,0.000000,0.274713,0.000000,0.000000,0.316092,0.683908,27,0.000000,0.000000
7a,1,8,wave1_7a_w1_s8_c792,c7921598,ok,注意の記録,1740,1740,0.000000,0.308046,0.000000,0.000000,0.310345,0.689655,25,0.000000,0.000000
7a,1,9,wave1_7a_w1_s9_c792,c7921598,ok,注意の記録,1740,1740,0.000000,0.262644,0.000000,0.000000,0.294253,0.705747,24,0.000000,0.000000
7a,1,10,wave1_7a_w1_s10_c792,c7921598,ok,注意の記録,1740,1740,0.000000,0.284483,0.000000,0.000000,0.320115,0.679885,29,0.000000,0.000000
7b,1,11,wave1_7b_w1_s11_c792,c7921598,ok,注意の記録,1740,1740,0.000000,0.271839,0.000000,0.000000,0.398851,0.601149,35,0.000000,0.000000
7b,1,12,wave1_7b_w1_s12_c792,c7921598,ok,注意の記録,1740,1740,0.000000,0.285632,0.000000,0.000000,0.306322,0.693678,31,0.000000,0.000000
7b,1,13,wave1_7b_w1_s13_c792,c7921598,ok,注意の記録,1740,1740,0.000000,0.279885,0.000000,0.000000,0.317241,0.682759,34,0.000000,0.000000
7b,1,14,wave1_7b_w1_s14_c792,c7921598,ok,注意の記録,1740,1740,0.000000,0.290805,0.000000,0.000000,0.378736,0.621264,32,0.000000,0.000000
7b,1,15,wave1_7b_w1_s15_c792,c7921598,ok,注意の記録,1740,1740,0.000000,0.269540,0.000000,0.000000,0.327586,0.672414,25,0.000000,0.000000
7b,1,16,wave1_7b_w1_s16_c792,c7921598,ok,注意の記録,1740,1740,0.000000,0.291954,0.000000,0.000000,0.328161,0.671839,37,0.000000,0.000000
7b,1,17,wave1_7b_w1_s17_c792,c7921598,ok,注意の記録,1740,1740,0.000000,0.275862,0.000000,0.000000,0.395402,0.604598,28,0.000000,0.000000
7b,1,18,wave1_7b_w1_s18_c792,c7921598,ok,注意の記録,1740,1740,0.000000,0.270115,0.000000,0.000000,0.369540,0.630460,34,0.000000,0.000000
7b,1,19,wave1_7b_w1_s19_c792,c7921598,ok,注意の記録,1740,1740,0.000000,0.285057,0.000000,0.000000,0.385632,0.614368,28,0.000000,0.000000
7b,1,20,wave1_7b_w1_s20_c792,c7921598,ok,注意の記録,1740,1740,0.000000,0.289655,0.000000,0.000000,0.366667,0.633333,31,0.000000,0.032258
7a,2,1,wave1_7a_w2_s1,4ceadf63,ok,注意の記録,1740,1740,0.000000,0.275862,0.000000,0.000000,0.363793,0.636207,33,0.000000,0.000000
7a,2,2,wave1_7a_w2_s2,4ceadf63,ok,注意の記録,1740,1740,0.000575,0.279310,0.000575,0.001149,0.394828,0.604023,34,0.029412,0.029412
7a,2,3,wave1_7a_w2_s3_c792,c7921598,ok,注意の記録,1740,1740,0.000000,0.294253,0.000575,0.000575,0.335057,0.664368,33,0.000000,0.030303
7a,2,4,wave1_7a_w2_s4_c792,c7921598,ok,注意の記録,1740,1740,0.000575,0.267816,0.000000,0.000575,0.281034,0.718391,23,0.000000,0.000000
7a,2,5,wave1_7a_w2_s5_c792,c7921598,ok,注意の記録,1740,1740,0.000575,0.271839,0.000000,0.000575,0.329310,0.670115,40,0.025000,0.000000
7a,2,6,wave1_7a_w2_s6_c792,c7921598,ok,注意の記録,1740,1740,0.002874,0.277586,0.000000,0.002874,0.314943,0.682184,29,0.172414,0.000000
7a,2,7,wave1_7a_w2_s7_c792,c7921598,ok,注意の記録,1740,1740,0.000000,0.276437,0.000000,0.000000,0.322989,0.677011,27,0.000000,0.000000
7a,2,8,wave1_7a_w2_s8_c792,c7921598,ok,注意の記録,1740,1740,0.002299,0.310920,0.000000,0.002299,0.317816,0.679885,25,0.160000,0.000000
7a,2,9,wave1_7a_w2_s9_c792,c7921598,ok,注意の記録,1740,1740,0.000000,0.265517,0.000000,0.000000,0.297126,0.702874,24,0.000000,0.000000
7a,2,10,wave1_7a_w2_s10_c792,c7921598,ok,注意の記録,1740,1740,0.000575,0.289655,0.000575,0.001149,0.331034,0.667816,29,0.034483,0.034483
7b,2,11,wave1_7b_w2_s11_c792,c7921598,ok,注意の記録,1740,1740,0.000000,0.271839,0.000000,0.000000,0.401724,0.598276,35,0.000000,0.000000
7b,2,12,wave1_7b_w2_s12_c792,c7921598,ok,注意の記録,1740,1740,0.000000,0.287356,0.000000,0.000000,0.309770,0.690230,31,0.000000,0.000000
7b,2,13,wave1_7b_w2_s13_c792,c7921598,ok,注意の記録,1740,1740,0.000000,0.284483,0.001724,0.001724,0.320115,0.678161,34,0.000000,0.088235
7b,2,14,wave1_7b_w2_s14_c792,c7921598,ok,注意の記録,1740,1740,0.001149,0.291379,0.000000,0.001149,0.383908,0.614943,32,0.062500,0.000000
7b,2,15,wave1_7b_w2_s15_c792,c7921598,ok,注意の記録,1740,1740,0.000575,0.270690,0.000000,0.000575,0.333908,0.665517,25,0.040000,0.000000
7b,2,16,wave1_7b_w2_s16_c792,c7921598,ok,注意の記録,1740,1740,0.003448,0.295977,0.000575,0.004023,0.333908,0.662069,37,0.162162,0.027027
7b,2,17,wave1_7b_w2_s17_c792,c7921598,ok,注意の記録,1740,1740,0.000000,0.276437,0.000000,0.000000,0.396552,0.603448,28,0.000000,0.000000
7b,2,18,wave1_7b_w2_s18_c792,c7921598,ok,注意の記録,1740,1740,0.000000,0.273563,0.000000,0.000000,0.371264,0.628736,34,0.000000,0.000000
7b,2,19,wave1_7b_w2_s19_c792,c7921598,ok,注意の記録,1740,1740,0.000000,0.287356,0.000000,0.000000,0.388506,0.611494,28,0.000000,0.071429
7b,2,20,wave1_7b_w2_s20_c792,c7921598,ok,注意の記録,1740,1740,0.000000,0.291379,0.000575,0.000575,0.366667,0.632759,31,0.000000,0.064516
