attention/f0.5000_th2.1000_vt0.3842_first_order/seed014.jsonl.gz	9cce814f8dcd8439e8bd7fe3e4b8d79a9aa325beb7bf0726db6f7a6299cde417
attention/f0.5000_th2.1000_vt0.3842_first_order/seed014.jsonl.gz.summary.json	4d9eec4362e79dbe44394520abe9a82d3ee79640aca48b59871cde0e79ebc943
evictions/f0.5000_th2.1000_vt0.3842_first_order/seed014.keys.jsonl.gz	f213e866d2731fe6ebfe58f64932ed4a8322bc2d281dd342c54bac25a864ad95
evictions/f0.5000_th2.1000_vt0.3842_first_order/seed014.keys.jsonl.gz.summary.json	d0985bedb0e87cf0b2374896f7bbf61113c68771fa7bcc4496beefa3e9fca7cb
flag.json	付帯
ledgers/cells/f0.5000_th2.1000_vt0.3842_first_order/seed014.done	付帯
ledgers/cells/f0.5000_th2.1000_vt0.3842_first_order/seed014.jsonl.gz	7877feea5949f11ff9c709eaefdd7841312961ab3998f4f693e7f20f930adb62
manifest.jsonl	付帯
retention/f0.5000_th2.1000_vt0.3842_first_order/seed014.jsonl	70c63cbf21c70c1f980d4b565ca7c8f5c0aa14c49abd4f7571e2fc1a242658fa
side/f0.5000_th2.1000_vt0.3842_first_order/seed014.answers.csv	972d685b460a245c29fcf2c72adfd8fb4d7cb4d9e3b5f7ac35c0aa97384ce975
side/f0.5000_th2.1000_vt0.3842_first_order/seed014.jsonl	03451ffc96819194a244dc14ab66ba8cd344ab8f19f8f69a807adee1817aa32e
side/f0.5000_th2.1000_vt0.3842_first_order/seed014.routing.jsonl	f2190d202250f360cfa88014bc188dbee97709dde35f348c5f8881ffbe118867
side/f0.5000_th2.1000_vt0.3842_first_order/seed014.shop.jsonl	d463b4e0cbef6c9302810242dec2d7a0850272f03f771505cca6a1e8f9ca5104
side/f0.5000_th2.1000_vt0.3842_first_order/seed014.sme.jsonl.gz	9288efbd3adaf4428d925fbc77438bb4fddcbc1c0ed3ad09e06136f4c9fd513d
side/f0.5000_th2.1000_vt0.3842_first_order/seed014.sme.states.jsonl.gz	57cd56e0f7a5827463a9e6c0b16cd99e89d8c837a3479f450bd6f638b78ba6af
side/f0.5000_th2.1000_vt0.3842_first_order/seed014.useforget.jsonl	9fb4b558e46b00ed8ca1759a807b23a72d104dd63d603ca6837d99772033ebd9
